,ANTIGEN_molecule,B_ACTIVE_molecule,B_MEMORY_molecule,B_PLASMA_molecule,B_PRESENTING_molecule,B_molecule,IGG_molecule,IGM_molecule,MP_ACTIVE_molecule,MP_ANTIGEN_molecule,MP_molecule,TH_ACTIVE_molecule,TH_molecule,VOID_molecule
0,{},{},{},{},{},{dot: 10},{},{},{},{},{dot: 10},{},{dot: 10},{}
1,{},{},{},{},{},{dot: 19},{},{},{},{},{dot: 18},{},{dot: 19},{}
2,{},{},{},{},{},{dot: 28},{},{},{},{},{dot: 27},{},{dot: 28},{}
3,{},{},{},{},{},{dot: 36},{},{},{},{},{dot: 35},{},{dot: 37},{}
4,{},{},{},{},{},{dot: 45},{},{},{},{},{dot: 43},{},{dot: 45},{}
5,{},{},{},{},{},{dot: 53},{},{},{},{},{dot: 51},{},{dot: 54},{}
6,{},{},{},{},{},{dot: 61},{},{},{},{},{dot: 59},{},{dot: 62},{}
7,{},{},{},{},{},{dot: 69},{},{},{},{},{dot: 67},{},{dot: 61},{}
8,{},{},{},{},{},{dot: 68},{},{},{},{},{dot: 75},{},{dot: 69},{}
9,{},{},{},{},{},{dot: 67},{},{},{},{},{dot: 83},{},{dot: 77},{}
10,{},{},{},{},{},{dot: 75},{},{},{},{},{dot: 82},{},{dot: 85},{}
11,{},{},{},{},{},{dot: 83},{},{},{},{},{dot: 81},{},{dot: 93},{}
12,{},{},{},{},{},{dot: 92},{},{},{},{},{dot: 89},{},{dot: 101},{}
13,{},{},{},{},{},{dot: 101},{},{},{},{},{dot: 97},{},{dot: 110},{}
14,{},{},{},{},{},{dot: 109},{},{},{},{},{dot: 105},{},{dot: 118},{}
15,{},{},{},{},{},{dot: 117},{},{},{},{},{dot: 113},{},{dot: 126},{}
16,{},{},{},{},{},{dot: 116},{},{},{},{},{dot: 112},{},{dot: 134},{}
17,{},{},{},{},{},{dot: 124},{},{},{},{},{dot: 120},{},{dot: 133},{}
18,{},{},{},{},{},{dot: 133},{},{},{},{},{dot: 120},{},{dot: 141},{}
19,{},{},{},{},{},{dot: 141},{},{},{},{},{dot: 128},{},{dot: 149},{}
20,{},{},{},{},{},{dot: 149},{},{},{},{},{dot: 136},{},{dot: 157},{}
21,{},{},{},{},{},{dot: 157},{},{},{},{},{dot: 145},{},{dot: 165},{}
22,{},{},{},{},{},{dot: 166},{},{},{},{},{dot: 153},{},{dot: 173},{}
23,{},{},{},{},{},{dot: 174},{},{},{},{},{dot: 161},{},{dot: 182},{}
24,{},{},{},{},{},{dot: 182},{},{},{},{},{dot: 161},{},{dot: 190},{}
25,{},{},{},{},{},{dot: 190},{},{},{},{},{dot: 169},{},{dot: 198},{}
26,{},{},{},{},{},{dot: 199},{},{},{},{},{dot: 177},{},{dot: 206},{}
27,{},{},{},{},{},{dot: 207},{},{},{},{},{dot: 186},{},{dot: 214},{}
28,{},{},{},{},{},{dot: 216},{},{},{},{},{dot: 195},{},{dot: 222},{}
29,{},{},{},{},{},{dot: 224},{},{},{},{},{dot: 203},{},{dot: 230},{}
30,{},{},{},{},{},{dot: 233},{},{},{},{},{dot: 202},{},{dot: 238},{}
31,{},{},{},{},{},{dot: 242},{},{},{},{},{dot: 210},{},{dot: 237},{}
32,{},{},{},{},{},{dot: 241},{},{},{},{},{dot: 218},{},{dot: 245},{}
33,{},{},{},{},{},{dot: 250},{},{},{},{},{dot: 217},{},{dot: 245},{}
34,{},{},{},{},{},{dot: 258},{},{},{},{},{dot: 225},{},{dot: 254},{}
35,{},{},{},{},{},{dot: 267},{},{},{},{},{dot: 233},{},{dot: 253},{}
36,{},{},{},{},{},{dot: 275},{},{},{},{},{dot: 241},{},{dot: 253},{}
37,{},{},{},{},{},{dot: 284},{},{},{},{},{dot: 249},{},{dot: 261},{}
38,{},{},{},{},{},{dot: 292},{},{},{},{},{dot: 248},{},{dot: 269},{}
39,{},{},{},{},{},{dot: 292},{},{},{},{},{dot: 247},{},{dot: 268},{}
40,{},{},{},{},{},{dot: 300},{},{},{},{},{dot: 255},{},{dot: 276},{}
41,{},{},{},{},{},{dot: 299},{},{},{},{},{dot: 254},{},{dot: 284},{}
42,{},{},{},{},{},{dot: 308},{},{},{},{},{dot: 262},{},{dot: 292},{}
43,{},{},{},{},{},{dot: 316},{},{},{},{},{dot: 271},{},{dot: 300},{}
44,{},{},{},{},{},{dot: 324},{},{},{},{},{dot: 279},{},{dot: 308},{}
45,{},{},{},{},{},{dot: 332},{},{},{},{},{dot: 287},{},{dot: 307},{}
46,{},{},{},{},{},{dot: 331},{},{},{},{},{dot: 296},{},{dot: 315},{}
47,{},{},{},{},{},{dot: 339},{},{},{},{},{dot: 295},{},{dot: 323},{}
48,{},{},{},{},{},{dot: 347},{},{},{},{},{dot: 294},{},{dot: 331},{}
49,{},{},{},{},{},{dot: 356},{},{},{},{},{dot: 302},{},{dot: 330},{}
50,{},{},{},{},{},{dot: 364},{},{},{},{},{dot: 310},{},{dot: 329},{}
51,{},{},{},{},{},{dot: 372},{},{},{},{},{dot: 318},{},{dot: 328},{}
52,{},{},{},{},{},{dot: 371},{},{},{},{},{dot: 326},{},{dot: 327},{}
53,{},{},{},{},{},{dot: 379},{},{},{},{},{dot: 326},{},{dot: 326},{}
54,{},{},{},{},{},{dot: 387},{},{},{},{},{dot: 334},{},{dot: 326},{}
55,{},{},{},{},{},{dot: 395},{},{},{},{},{dot: 333},{},{dot: 335},{}
56,{},{},{},{},{},{dot: 403},{},{},{},{},{dot: 342},{},{dot: 343},{}
57,{},{},{},{},{},{dot: 411},{},{},{},{},{dot: 350},{},{dot: 343},{}
58,{},{},{},{},{},{dot: 411},{},{},{},{},{dot: 349},{},{dot: 351},{}
59,{},{},{},{},{},{dot: 419},{},{},{},{},{dot: 357},{},{dot: 359},{}
60,{},{},{},{},{},{dot: 427},{},{},{},{},{dot: 365},{},{dot: 368},{}
61,{},{},{},{},{},{dot: 436},{},{},{},{},{dot: 373},{},{dot: 376},{}
62,{},{},{},{},{},{dot: 444},{},{},{},{},{dot: 372},{},{dot: 384},{}
63,{},{},{},{},{},{dot: 452},{},{},{},{},{dot: 380},{},{dot: 392},{}
64,{},{},{},{},{},{dot: 460},{},{},{},{},{dot: 380},{},{dot: 400},{}
65,{},{},{},{},{},{dot: 460},{},{},{},{},{dot: 379},{},{dot: 408},{}
66,{},{},{},{},{},{dot: 459},{},{},{},{},{dot: 388},{},{dot: 407},{}
67,{},{},{},{},{},{dot: 468},{},{},{},{},{dot: 396},{},{dot: 415},{}
68,{},{},{},{},{},{dot: 476},{},{},{},{},{dot: 396},{},{dot: 414},{}
69,{},{},{},{},{},{dot: 485},{},{},{},{},{dot: 396},{},{dot: 422},{}
70,{},{},{},{},{},{dot: 493},{},{},{},{},{dot: 395},{},{dot: 421},{}
71,{},{},{},{},{},{dot: 492},{},{},{},{},{dot: 394},{},{dot: 420},{}
72,{},{},{},{},{},{dot: 500},{},{},{},{},{dot: 402},{},{dot: 428},{}
73,{},{},{},{},{},{dot: 499},{},{},{},{},{dot: 410},{},{dot: 427},{}
74,{},{},{},{},{},{dot: 507},{},{},{},{},{dot: 419},{},{dot: 435},{}
75,{},{},{},{},{},{dot: 515},{},{},{},{},{dot: 427},{},{dot: 444},{}
76,{},{},{},{},{},{dot: 524},{},{},{},{},{dot: 426},{},{dot: 452},{}
77,{},{},{},{},{},{dot: 532},{},{},{},{},{dot: 425},{},{dot: 460},{}
78,{},{},{},{},{},{dot: 531},{},{},{},{},{dot: 433},{},{dot: 468},{}
79,{},{},{},{},{},{dot: 530},{},{},{},{},{dot: 442},{},{dot: 477},{}
80,{},{},{},{},{},{dot: 538},{},{},{},{},{dot: 451},{},{dot: 486},{}
81,{},{},{},{},{},{dot: 546},{},{},{},{},{dot: 459},{},{dot: 495},{}
82,{},{},{},{},{},{dot: 545},{},{},{},{},{dot: 458},{},{dot: 503},{}
83,{},{},{},{},{},{dot: 554},{},{},{},{},{dot: 466},{},{dot: 503},{}
84,{},{},{},{},{},{dot: 562},{},{},{},{},{dot: 474},{},{dot: 511},{}
85,{},{},{},{},{},{dot: 570},{},{},{},{},{dot: 473},{},{dot: 511},{}
86,{},{},{},{},{},{dot: 578},{},{},{},{},{dot: 481},{},{dot: 511},{}
87,{},{},{},{},{},{dot: 586},{},{},{},{},{dot: 489},{},{dot: 519},{}
88,{},{},{},{},{},{dot: 594},{},{},{},{},{dot: 497},{},{dot: 528},{}
89,{},{},{},{},{},{dot: 602},{},{},{},{},{dot: 497},{},{dot: 536},{}
90,{},{},{},{},{},{dot: 610},{},{},{},{},{dot: 506},{},{dot: 544},{}
91,{},{},{},{},{},{dot: 618},{},{},{},{},{dot: 505},{},{dot: 553},{}
92,{},{},{},{},{},{dot: 626},{},{},{},{},{dot: 505},{},{dot: 561},{}
93,{},{},{},{},{},{dot: 634},{},{},{},{},{dot: 514},{},{dot: 561},{}
94,{},{},{},{},{},{dot: 633},{},{},{},{},{dot: 522},{},{dot: 569},{}
95,{},{},{},{},{},{dot: 641},{},{},{},{},{dot: 531},{},{dot: 577},{}
96,{},{},{},{},{},{dot: 649},{},{},{},{},{dot: 539},{},{dot: 576},{}
97,{},{},{},{},{},{dot: 657},{},{},{},{},{dot: 547},{},{dot: 585},{}
98,{},{},{},{},{},{dot: 665},{},{},{},{},{dot: 547},{},{dot: 594},{}
99,{},{},{},{},{},{dot: 664},{},{},{},{},{dot: 546},{},{dot: 602},{}
100,{},{},{},{},{},{dot: 672},{},{},{},{},{dot: 554},{},{dot: 610},{}
101,{dot: 499},{},{},{},{},{dot: 680},{},{},{},{dot: 1},{dot: 562},{},{dot: 618},{}
102,{dot: 497},{dot: 1},{},{},{},{dot: 678},{},{dot: 5},{},{dot: 2},{dot: 560},{},{dot: 626},{}
103,{dot: 496},{dot: 1},{},{},{},{dot: 686},{},{dot: 4},{},{dot: 3},{dot: 558},{},{dot: 634},{}
104,{dot: 494},{dot: 1},{},{},{dot: 1},{dot: 685},{},{dot: 7},{},{dot: 3},{dot: 557},{},{dot: 643},{}
105,{dot: 491},{dot: 2},{},{},{dot: 1},{dot: 693},{},{dot: 4},{},{dot: 4},{dot: 555},{},{dot: 652},{dot: 1}
106,{dot: 487},{dot: 2},{},{},{dot: 2},{dot: 700},{},{dot: 7},{},{dot: 5},{dot: 553},{},{dot: 660},{dot: 1}
107,{dot: 483},{dot: 2},{},{},{dot: 3},{dot: 707},{},{dot: 6},{},{dot: 6},{dot: 560},{},{dot: 668},{dot: 2}
108,{dot: 480},{dot: 2},{},{},{dot: 4},{dot: 714},{},{dot: 5},{},{dot: 6},{dot: 568},{},{dot: 676},{dot: 3}
109,{dot: 479},{dot: 2},{},{},{dot: 5},{dot: 721},{},{dot: 7},{},{dot: 6},{dot: 568},{},{dot: 675},{dot: 3}
110,{dot: 477},{dot: 1},{},{},{dot: 6},{dot: 730},{},{dot: 4},{},{dot: 7},{dot: 576},{},{dot: 675},{dot: 3}
111,{dot: 474},{dot: 1},{},{},{dot: 7},{dot: 737},{},{dot: 9},{},{dot: 8},{dot: 584},{},{dot: 674},{dot: 3}
112,{dot: 470},{},{},{},{dot: 8},{dot: 745},{},{dot: 1},{},{dot: 9},{dot: 592},{},{dot: 682},{dot: 4}
113,{dot: 469},{dot: 1},{},{},{dot: 8},{dot: 752},{},{dot: 4},{},{dot: 9},{dot: 600},{},{dot: 691},{dot: 4}
114,{dot: 468},{dot: 1},{},{},{dot: 8},{dot: 751},{},{dot: 2},{},{dot: 9},{dot: 608},{},{dot: 690},{dot: 4}
115,{dot: 465},{dot: 1},{},{},{dot: 9},{dot: 749},{},{dot: 4},{},{dot: 10},{dot: 615},{},{dot: 698},{dot: 4}
116,{dot: 463},{dot: 2},{},{},{dot: 9},{dot: 757},{},{dot: 8},{dot: 10},{dot: 1},{dot: 613},{},{dot: 706},{dot: 4}
117,{dot: 460},{dot: 2},{},{},{dot: 9},{dot: 756},{},{},{dot: 10},{dot: 2},{dot: 620},{dot: 1},{dot: 714},{dot: 5}
118,{dot: 457},{dot: 2},{},{},{dot: 10},{dot: 763},{},{dot: 5},{dot: 10},{dot: 2},{dot: 628},{dot: 2},{dot: 721},{dot: 5}
119,{dot: 455},{dot: 3},{},{},{dot: 10},{dot: 770},{},{dot: 5},{dot: 10},{dot: 3},{dot: 635},{dot: 3},{dot: 720},{dot: 6}
120,{dot: 453},{dot: 2},{},{},{dot: 11},{dot: 769},{},{dot: 3},{dot: 10},{dot: 4},{dot: 642},{dot: 4},{dot: 727},{dot: 6}
121,{dot: 452},{dot: 2},{dot: 1},{dot: 1},{dot: 9},{dot: 776},{},{dot: 6},{dot: 10},{dot: 4},{dot: 650},{dot: 12},{dot: 734},{dot: 6}
122,{dot: 448},{dot: 2},{dot: 1},{},{dot: 10},{dot: 784},{},{dot: 9},{dot: 10},{dot: 5},{dot: 657},{dot: 13},{dot: 741},{dot: 6}
123,{dot: 445},{dot: 2},{dot: 2},{dot: 1},{dot: 8},{dot: 782},{},{dot: 6},{dot: 10},{dot: 5},{dot: 656},{dot: 21},{dot: 748},{dot: 7}
124,{dot: 441},{dot: 2},{dot: 3},{dot: 3},{dot: 6},{dot: 789},{},{dot: 9},{dot: 10},{dot: 6},{dot: 663},{dot: 29},{dot: 747},{dot: 7}
125,{dot: 437},{dot: 3},{dot: 4},{dot: 4},{dot: 3},{dot: 788},{dot: 10},{dot: 6},{dot: 10},{dot: 7},{dot: 670},{dot: 37},{dot: 746},{dot: 8}
126,{dot: 432},{dot: 3},{dot: 5},{dot: 5},{dot: 1},{dot: 795},{dot: 6},{dot: 4},{dot: 10},{dot: 8},{dot: 677},{dot: 45},{dot: 745},{dot: 10}
127,{dot: 427},{dot: 4},{dot: 5},{dot: 5},{dot: 1},{dot: 802},{dot: 10},{dot: 7},{dot: 10},{dot: 9},{dot: 684},{dot: 46},{dot: 744},{dot: 11}
128,{dot: 422},{dot: 4},{dot: 5},{dot: 5},{dot: 2},{dot: 810},{dot: 14},{dot: 4},{dot: 10},{dot: 10},{dot: 691},{dot: 47},{dot: 752},{dot: 13}
129,{dot: 421},{dot: 4},{dot: 5},{dot: 5},{dot: 3},{dot: 817},{dot: 20},{dot: 7},{dot: 10},{dot: 10},{dot: 699},{dot: 48},{dot: 759},{dot: 13}
130,{dot: 415},{dot: 4},{dot: 5},{dot: 5},{dot: 4},{dot: 824},{dot: 24},{dot: 5},{dot: 20},{dot: 1},{dot: 706},{dot: 49},{dot: 766},{dot: 15}
131,{dot: 412},{dot: 4},{dot: 6},{dot: 5},{dot: 2},{dot: 831},{dot: 19},{dot: 2},{dot: 20},{dot: 2},{dot: 713},{dot: 56},{dot: 774},{dot: 16}
132,{dot: 410},{dot: 4},{dot: 6},{dot: 6},{dot: 3},{dot: 830},{dot: 15},{dot: 5},{dot: 20},{dot: 2},{dot: 721},{dot: 57},{dot: 772},{dot: 16}
133,{dot: 405},{dot: 5},{dot: 6},{dot: 5},{dot: 3},{dot: 837},{dot: 20},{dot: 4},{dot: 20},{dot: 3},{dot: 719},{dot: 58},{dot: 770},{dot: 18}
134,{dot: 401},{dot: 5},{dot: 7},{dot: 6},{dot: 1},{dot: 844},{dot: 25},{dot: 8},{dot: 20},{dot: 4},{dot: 726},{dot: 66},{dot: 769},{dot: 19}
135,{dot: 396},{dot: 4},{dot: 7},{dot: 6},{dot: 2},{dot: 852},{dot: 19},{},{dot: 20},{dot: 5},{dot: 734},{dot: 67},{dot: 776},{dot: 21}
136,{dot: 390},{dot: 4},{dot: 7},{dot: 6},{dot: 3},{dot: 859},{dot: 26},{dot: 5},{dot: 20},{dot: 6},{dot: 742},{dot: 67},{dot: 784},{dot: 22}
137,{dot: 385},{dot: 4},{dot: 8},{dot: 8},{dot: 1},{dot: 866},{dot: 31},{dot: 7},{dot: 20},{dot: 7},{dot: 750},{dot: 75},{dot: 791},{dot: 23}
138,{dot: 382},{dot: 5},{dot: 8},{dot: 8},{dot: 1},{dot: 873},{dot: 36},{dot: 10},{dot: 20},{dot: 8},{dot: 757},{dot: 76},{dot: 798},{dot: 24}
139,{dot: 376},{dot: 5},{dot: 8},{dot: 9},{dot: 2},{dot: 880},{dot: 41},{dot: 8},{dot: 20},{dot: 9},{dot: 764},{dot: 77},{dot: 805},{dot: 26}
140,{dot: 370},{dot: 5},{dot: 8},{dot: 9},{dot: 3},{dot: 878},{dot: 46},{dot: 6},{dot: 20},{dot: 10},{dot: 771},{dot: 78},{dot: 812},{dot: 27}
141,{dot: 369},{dot: 6},{dot: 9},{dot: 10},{},{dot: 885},{dot: 53},{dot: 10},{dot: 30},{},{dot: 779},{dot: 86},{dot: 820},{dot: 27}
142,{dot: 365},{dot: 6},{dot: 9},{dot: 10},{dot: 1},{dot: 884},{dot: 59},{dot: 14},{dot: 30},{dot: 1},{dot: 786},{dot: 87},{dot: 827},{dot: 28}
143,{dot: 361},{dot: 7},{dot: 9},{dot: 10},{dot: 1},{dot: 891},{dot: 63},{dot: 12},{dot: 30},{dot: 1},{dot: 794},{dot: 88},{dot: 826},{dot: 30}
144,{dot: 357},{dot: 8},{dot: 9},{dot: 10},{dot: 1},{dot: 890},{dot: 58},{dot: 16},{dot: 30},{dot: 2},{dot: 801},{dot: 88},{dot: 835},{dot: 31}
145,{dot: 352},{dot: 9},{dot: 9},{dot: 11},{dot: 1},{dot: 888},{dot: 63},{dot: 13},{dot: 30},{dot: 3},{dot: 808},{dot: 89},{dot: 833},{dot: 33}
146,{dot: 348},{dot: 8},{dot: 9},{dot: 11},{dot: 2},{dot: 897},{dot: 59},{dot: 13},{dot: 30},{dot: 4},{dot: 806},{dot: 90},{dot: 832},{dot: 34}
147,{dot: 343},{dot: 9},{dot: 9},{dot: 11},{dot: 2},{dot: 895},{dot: 64},{dot: 13},{dot: 30},{dot: 5},{dot: 804},{dot: 90},{dot: 831},{dot: 36}
148,{dot: 339},{dot: 9},{dot: 9},{dot: 10},{dot: 3},{dot: 902},{dot: 70},{dot: 10},{dot: 30},{dot: 5},{dot: 813},{dot: 91},{dot: 839},{dot: 38}
149,{dot: 335},{dot: 9},{dot: 10},{dot: 11},{dot: 1},{dot: 909},{dot: 74},{dot: 8},{dot: 30},{dot: 5},{dot: 822},{dot: 99},{dot: 846},{dot: 40}
150,{dot: 330},{dot: 9},{dot: 10},{dot: 12},{dot: 2},{dot: 908},{dot: 79},{dot: 11},{dot: 30},{dot: 6},{dot: 820},{dot: 100},{dot: 854},{dot: 41}
151,{dot: 325},{dot: 9},{dot: 10},{dot: 12},{dot: 3},{dot: 906},{dot: 74},{dot: 9},{dot: 30},{dot: 7},{dot: 819},{dot: 100},{dot: 853},{dot: 43}
152,{dot: 320},{dot: 10},{dot: 11},{dot: 13},{},{dot: 913},{dot: 78},{dot: 6},{dot: 30},{dot: 8},{dot: 826},{dot: 108},{dot: 851},{dot: 45}
153,{dot: 315},{dot: 11},{dot: 11},{dot: 13},{},{dot: 912},{dot: 84},{dot: 5},{dot: 30},{dot: 9},{dot: 833},{dot: 108},{dot: 860},{dot: 47}
154,{dot: 310},{dot: 11},{dot: 11},{dot: 13},{dot: 1},{dot: 920},{dot: 79},{dot: 4},{dot: 30},{dot: 9},{dot: 833},{dot: 108},{dot: 869},{dot: 49}
155,{dot: 307},{dot: 10},{dot: 11},{dot: 12},{dot: 2},{dot: 919},{dot: 74},{dot: 3},{dot: 30},{dot: 10},{dot: 840},{dot: 108},{dot: 877},{dot: 50}
156,{dot: 304},{dot: 11},{dot: 11},{dot: 13},{dot: 2},{dot: 926},{dot: 79},{dot: 6},{dot: 40},{dot: 1},{dot: 847},{dot: 109},{dot: 884},{dot: 51}
157,{dot: 299},{dot: 11},{dot: 11},{dot: 13},{dot: 3},{dot: 933},{dot: 83},{dot: 9},{dot: 40},{dot: 1},{dot: 855},{dot: 109},{dot: 892},{dot: 52}
158,{dot: 293},{dot: 11},{dot: 12},{dot: 15},{dot: 1},{dot: 931},{dot: 89},{dot: 8},{dot: 40},{dot: 2},{dot: 863},{dot: 116},{dot: 900},{dot: 54}
159,{dot: 287},{dot: 11},{dot: 12},{dot: 15},{dot: 2},{dot: 930},{dot: 93},{dot: 10},{dot: 40},{dot: 3},{dot: 862},{dot: 116},{dot: 908},{dot: 55}
160,{dot: 284},{dot: 11},{dot: 12},{dot: 14},{dot: 3},{dot: 937},{dot: 100},{dot: 14},{dot: 40},{dot: 4},{dot: 869},{dot: 116},{dot: 916},{dot: 55}
161,{dot: 279},{dot: 11},{dot: 13},{dot: 15},{dot: 1},{dot: 945},{dot: 94},{dot: 13},{dot: 40},{dot: 5},{dot: 876},{dot: 124},{dot: 914},{dot: 57}
162,{dot: 274},{dot: 11},{dot: 13},{dot: 15},{dot: 2},{dot: 943},{dot: 88},{dot: 10},{dot: 40},{dot: 5},{dot: 876},{dot: 125},{dot: 921},{dot: 59}
163,{dot: 270},{dot: 12},{dot: 13},{dot: 16},{dot: 2},{dot: 950},{dot: 84},{dot: 13},{dot: 40},{dot: 6},{dot: 884},{dot: 126},{dot: 928},{dot: 60}
164,{dot: 266},{dot: 13},{dot: 13},{dot: 16},{dot: 2},{dot: 958},{dot: 88},{dot: 11},{dot: 40},{dot: 7},{dot: 891},{dot: 127},{dot: 926},{dot: 62}
165,{dot: 264},{dot: 12},{dot: 13},{dot: 17},{dot: 3},{dot: 967},{dot: 85},{dot: 8},{dot: 40},{dot: 7},{dot: 899},{dot: 128},{dot: 933},{dot: 62}
166,{dot: 258},{dot: 12},{dot: 14},{dot: 19},{dot: 1},{dot: 975},{dot: 90},{dot: 5},{dot: 40},{dot: 8},{dot: 906},{dot: 136},{dot: 940},{dot: 64}
167,{dot: 253},{dot: 12},{dot: 14},{dot: 18},{dot: 2},{dot: 982},{dot: 94},{dot: 2},{dot: 40},{dot: 9},{dot: 905},{dot: 137},{dot: 947},{dot: 66}
168,{dot: 249},{dot: 12},{dot: 14},{dot: 17},{dot: 3},{dot: 989},{dot: 101},{dot: 6},{dot: 40},{dot: 10},{dot: 903},{dot: 137},{dot: 955},{dot: 67}
169,{dot: 244},{dot: 12},{dot: 15},{dot: 18},{dot: 1},{dot: 987},{dot: 105},{dot: 4},{dot: 50},{},{dot: 911},{dot: 144},{dot: 964},{dot: 69}
170,{dot: 242},{dot: 11},{dot: 15},{dot: 18},{dot: 2},{dot: 995},{dot: 100},{dot: 1},{dot: 50},{},{dot: 919},{dot: 145},{dot: 971},{dot: 69}
171,{dot: 237},{dot: 11},{dot: 15},{dot: 17},{dot: 3},{dot: 1003},{dot: 95},{dot: 4},{dot: 50},{dot: 1},{dot: 926},{dot: 146},{dot: 978},{dot: 70}
172,{dot: 233},{dot: 11},{dot: 16},{dot: 19},{dot: 1},{dot: 1010},{dot: 100},{dot: 6},{dot: 50},{dot: 1},{dot: 925},{dot: 154},{dot: 977},{dot: 71}
173,{dot: 228},{dot: 11},{dot: 16},{dot: 19},{dot: 2},{dot: 1017},{dot: 94},{dot: 5},{dot: 50},{dot: 2},{dot: 933},{dot: 154},{dot: 985},{dot: 73}
174,{dot: 222},{dot: 11},{dot: 16},{dot: 19},{dot: 3},{dot: 1024},{dot: 98},{dot: 3},{dot: 50},{dot: 3},{dot: 941},{dot: 155},{dot: 993},{dot: 75}
175,{dot: 220},{dot: 11},{dot: 16},{dot: 19},{dot: 3},{dot: 1023},{dot: 104},{},{dot: 50},{dot: 3},{dot: 949},{dot: 156},{dot: 1000},{dot: 75}
176,{dot: 216},{dot: 10},{dot: 16},{dot: 20},{dot: 4},{dot: 1032},{dot: 110},{},{dot: 50},{dot: 4},{dot: 947},{dot: 157},{dot: 1008},{dot: 76}
177,{dot: 213},{dot: 10},{dot: 16},{dot: 19},{dot: 5},{dot: 1040},{dot: 115},{dot: 5},{dot: 50},{dot: 4},{dot: 955},{dot: 157},{dot: 1007},{dot: 77}
178,{dot: 209},{dot: 10},{dot: 17},{dot: 20},{dot: 2},{dot: 1049},{dot: 121},{dot: 4},{dot: 50},{dot: 5},{dot: 962},{dot: 165},{dot: 1014},{dot: 78}
179,{dot: 204},{dot: 10},{dot: 17},{dot: 20},{dot: 3},{dot: 1048},{dot: 127},{dot: 6},{dot: 50},{dot: 6},{dot: 970},{dot: 165},{dot: 1013},{dot: 79}
180,{dot: 202},{dot: 11},{dot: 17},{dot: 20},{dot: 3},{dot: 1056},{dot: 131},{dot: 9},{dot: 50},{dot: 6},{dot: 969},{dot: 166},{dot: 1020},{dot: 80}
181,{dot: 197},{dot: 10},{dot: 18},{dot: 21},{dot: 1},{dot: 1065},{dot: 139},{dot: 1},{dot: 50},{dot: 7},{dot: 976},{dot: 174},{dot: 1027},{dot: 81}
182,{dot: 193},{dot: 10},{dot: 18},{dot: 20},{dot: 2},{dot: 1072},{dot: 144},{dot: 5},{dot: 50},{dot: 8},{dot: 975},{dot: 175},{dot: 1034},{dot: 82}
183,{dot: 188},{dot: 10},{dot: 18},{dot: 21},{dot: 3},{dot: 1079},{dot: 152},{dot: 9},{dot: 50},{dot: 9},{dot: 974},{dot: 176},{dot: 1041},{dot: 83}
184,{dot: 184},{dot: 10},{dot: 18},{dot: 20},{dot: 4},{dot: 1077},{dot: 156},{dot: 11},{dot: 50},{dot: 10},{dot: 981},{dot: 177},{dot: 1049},{dot: 84}
185,{dot: 178},{dot: 9},{dot: 19},{dot: 21},{dot: 2},{dot: 1076},{dot: 152},{dot: 5},{dot: 60},{dot: 1},{dot: 988},{dot: 184},{dot: 1057},{dot: 86}
186,{dot: 175},{dot: 9},{dot: 19},{dot: 20},{dot: 3},{dot: 1083},{dot: 149},{dot: 7},{dot: 60},{dot: 2},{dot: 986},{dot: 184},{dot: 1065},{dot: 86}
187,{dot: 172},{dot: 10},{dot: 20},{dot: 21},{},{dot: 1081},{dot: 154},{dot: 4},{dot: 60},{dot: 2},{dot: 985},{dot: 192},{dot: 1063},{dot: 88}
188,{dot: 168},{dot: 10},{dot: 20},{dot: 21},{dot: 1},{dot: 1088},{dot: 158},{dot: 7},{dot: 60},{dot: 2},{dot: 993},{dot: 193},{dot: 1061},{dot: 89}
189,{dot: 164},{dot: 9},{dot: 20},{dot: 21},{dot: 2},{dot: 1096},{dot: 164},{dot: 5},{dot: 60},{dot: 3},{dot: 1000},{dot: 194},{dot: 1068},{dot: 90}
190,{dot: 158},{dot: 9},{dot: 20},{dot: 21},{dot: 3},{dot: 1103},{dot: 170},{dot: 2},{dot: 60},{dot: 3},{dot: 1008},{dot: 195},{dot: 1066},{dot: 92}
191,{dot: 156},{dot: 8},{dot: 21},{dot: 23},{dot: 1},{dot: 1111},{dot: 176},{},{dot: 60},{dot: 3},{dot: 1008},{dot: 203},{dot: 1073},{dot: 92}
192,{dot: 153},{dot: 8},{dot: 21},{dot: 22},{dot: 2},{dot: 1109},{dot: 184},{dot: 5},{dot: 60},{dot: 4},{dot: 1015},{dot: 204},{dot: 1080},{dot: 92}
193,{dot: 149},{dot: 8},{dot: 21},{dot: 22},{dot: 3},{dot: 1116},{dot: 190},{dot: 7},{dot: 60},{dot: 5},{dot: 1022},{dot: 204},{dot: 1088},{dot: 93}
194,{dot: 143},{dot: 8},{dot: 21},{dot: 22},{dot: 4},{dot: 1123},{dot: 184},{dot: 5},{dot: 60},{dot: 6},{dot: 1029},{dot: 205},{dot: 1095},{dot: 95}
195,{dot: 136},{dot: 8},{dot: 21},{dot: 23},{dot: 5},{dot: 1130},{dot: 188},{dot: 2},{dot: 60},{dot: 7},{dot: 1036},{dot: 205},{dot: 1095},{dot: 97}
196,{dot: 133},{dot: 8},{dot: 22},{dot: 25},{dot: 3},{dot: 1137},{dot: 193},{dot: 4},{dot: 60},{dot: 8},{dot: 1044},{dot: 213},{dot: 1103},{dot: 97}
197,{dot: 129},{dot: 9},{dot: 22},{dot: 26},{dot: 3},{dot: 1135},{dot: 199},{dot: 6},{dot: 60},{dot: 9},{dot: 1042},{dot: 214},{dot: 1101},{dot: 98}
198,{dot: 124},{dot: 9},{dot: 23},{dot: 26},{dot: 1},{dot: 1133},{dot: 206},{dot: 4},{dot: 60},{dot: 10},{dot: 1049},{dot: 222},{dot: 1108},{dot: 100}
199,{dot: 121},{dot: 9},{dot: 23},{dot: 26},{dot: 2},{dot: 1140},{dot: 203},{dot: 7},{dot: 70},{},{dot: 1058},{dot: 222},{dot: 1108},{dot: 100}
200,{dot: 117},{dot: 9},{dot: 23},{dot: 26},{dot: 3},{dot: 1147},{dot: 209},{dot: 6},{dot: 70},{dot: 1},{dot: 1066},{dot: 222},{dot: 1116},{dot: 101}
201,{dot: 113},{dot: 8},{dot: 24},{dot: 27},{dot: 1},{dot: 1156},{dot: 214},{dot: 4},{dot: 70},{dot: 1},{dot: 1065},{dot: 230},{dot: 1123},{dot: 102}
202,{dot: 109},{dot: 8},{dot: 24},{dot: 27},{dot: 2},{dot: 1163},{dot: 220},{dot: 6},{dot: 70},{dot: 1},{dot: 1073},{dot: 231},{dot: 1130},{dot: 102}
203,{dot: 106},{dot: 9},{dot: 24},{dot: 26},{dot: 2},{dot: 1161},{dot: 225},{dot: 3},{dot: 70},{dot: 1},{dot: 1073},{dot: 232},{dot: 1128},{dot: 104}
204,{dot: 102},{dot: 9},{dot: 24},{dot: 25},{dot: 3},{dot: 1168},{dot: 220},{dot: 6},{dot: 70},{dot: 2},{dot: 1072},{dot: 232},{dot: 1137},{dot: 105}
205,{dot: 97},{dot: 9},{dot: 25},{dot: 26},{dot: 1},{dot: 1166},{dot: 217},{dot: 8},{dot: 70},{dot: 3},{dot: 1070},{dot: 239},{dot: 1137},{dot: 106}
206,{dot: 93},{dot: 10},{dot: 25},{dot: 27},{dot: 1},{dot: 1173},{dot: 223},{dot: 5},{dot: 70},{dot: 4},{dot: 1069},{dot: 240},{dot: 1144},{dot: 107}
207,{dot: 88},{dot: 11},{dot: 25},{dot: 27},{dot: 1},{dot: 1180},{dot: 227},{dot: 2},{dot: 70},{dot: 5},{dot: 1076},{dot: 241},{dot: 1143},{dot: 109}
208,{dot: 83},{dot: 11},{dot: 25},{dot: 28},{dot: 2},{dot: 1188},{dot: 224},{dot: 5},{dot: 70},{dot: 6},{dot: 1074},{dot: 242},{dot: 1150},{dot: 110}
209,{dot: 79},{dot: 12},{dot: 25},{dot: 28},{dot: 2},{dot: 1195},{dot: 229},{dot: 7},{dot: 70},{dot: 7},{dot: 1081},{dot: 243},{dot: 1148},{dot: 111}
210,{dot: 73},{dot: 12},{dot: 25},{dot: 27},{dot: 3},{dot: 1202},{dot: 225},{dot: 6},{dot: 70},{dot: 8},{dot: 1088},{dot: 243},{dot: 1156},{dot: 113}
211,{dot: 70},{dot: 12},{dot: 26},{dot: 28},{dot: 1},{dot: 1210},{dot: 233},{dot: 8},{dot: 70},{dot: 9},{dot: 1087},{dot: 250},{dot: 1164},{dot: 113}
212,{dot: 65},{dot: 12},{dot: 26},{dot: 28},{dot: 2},{dot: 1208},{dot: 227},{dot: 7},{dot: 70},{dot: 9},{dot: 1095},{dot: 251},{dot: 1171},{dot: 115}
213,{dot: 61},{dot: 13},{dot: 26},{dot: 29},{dot: 2},{dot: 1215},{dot: 232},{dot: 4},{dot: 70},{dot: 10},{dot: 1093},{dot: 252},{dot: 1169},{dot: 116}
214,{dot: 56},{dot: 13},{dot: 26},{dot: 29},{dot: 3},{dot: 1223},{dot: 237},{dot: 6},{dot: 80},{dot: 1},{dot: 1100},{dot: 253},{dot: 1176},{dot: 117}
215,{dot: 53},{dot: 13},{dot: 27},{dot: 31},{dot: 1},{dot: 1230},{dot: 243},{dot: 9},{dot: 80},{dot: 2},{dot: 1108},{dot: 260},{dot: 1184},{dot: 117}
216,{dot: 48},{dot: 12},{dot: 27},{dot: 31},{dot: 2},{dot: 1229},{dot: 248},{dot: 2},{dot: 80},{dot: 3},{dot: 1115},{dot: 261},{dot: 1191},{dot: 119}
217,{dot: 46},{dot: 13},{dot: 27},{dot: 30},{dot: 2},{dot: 1236},{dot: 244},{dot: 6},{dot: 80},{dot: 4},{dot: 1113},{dot: 262},{dot: 1198},{dot: 119}
218,{dot: 43},{dot: 14},{dot: 27},{dot: 30},{dot: 2},{dot: 1243},{dot: 249},{dot: 9},{dot: 80},{dot: 5},{dot: 1111},{dot: 263},{dot: 1205},{dot: 120}
219,{dot: 38},{dot: 15},{dot: 27},{dot: 30},{dot: 2},{dot: 1250},{dot: 253},{dot: 7},{dot: 80},{dot: 6},{dot: 1109},{dot: 264},{dot: 1212},{dot: 122}
220,{dot: 34},{dot: 15},{dot: 27},{dot: 31},{dot: 2},{dot: 1258},{dot: 258},{},{dot: 80},{dot: 7},{dot: 1116},{dot: 264},{dot: 1220},{dot: 124}
221,{dot: 30},{dot: 15},{dot: 27},{dot: 32},{dot: 3},{dot: 1265},{dot: 253},{dot: 5},{dot: 80},{dot: 7},{dot: 1125},{dot: 264},{dot: 1228},{dot: 125}
222,{dot: 26},{dot: 14},{dot: 27},{dot: 33},{dot: 4},{dot: 1265},{dot: 259},{},{dot: 80},{dot: 7},{dot: 1124},{dot: 265},{dot: 1236},{dot: 127}
223,{dot: 23},{dot: 14},{dot: 28},{dot: 35},{dot: 2},{dot: 1273},{dot: 255},{dot: 5},{dot: 80},{dot: 8},{dot: 1131},{dot: 272},{dot: 1244},{dot: 127}
224,{dot: 20},{dot: 14},{dot: 28},{dot: 35},{dot: 3},{dot: 1271},{dot: 261},{dot: 8},{dot: 80},{dot: 9},{dot: 1129},{dot: 273},{dot: 1242},{dot: 127}
225,{dot: 17},{dot: 14},{dot: 28},{dot: 34},{dot: 4},{dot: 1278},{dot: 265},{dot: 11},{dot: 80},{dot: 9},{dot: 1137},{dot: 273},{dot: 1250},{dot: 128}
226,{dot: 15},{dot: 14},{dot: 29},{dot: 34},{dot: 1},{dot: 1287},{dot: 271},{dot: 4},{dot: 80},{dot: 9},{dot: 1145},{dot: 280},{dot: 1258},{dot: 130}
227,{dot: 12},{dot: 14},{dot: 29},{dot: 34},{dot: 2},{dot: 1285},{dot: 277},{dot: 6},{dot: 80},{dot: 9},{dot: 1144},{dot: 281},{dot: 1265},{dot: 131}
228,{dot: 6},{dot: 14},{dot: 29},{dot: 34},{dot: 3},{dot: 1284},{dot: 282},{dot: 4},{dot: 80},{dot: 10},{dot: 1151},{dot: 282},{dot: 1273},{dot: 133}
229,{dot: 2},{dot: 14},{dot: 30},{dot: 35},{dot: 1},{dot: 1282},{dot: 278},{dot: 7},{dot: 80},{dot: 10},{dot: 1159},{dot: 290},{dot: 1281},{dot: 134}
230,{},{dot: 13},{dot: 30},{dot: 35},{dot: 2},{dot: 1281},{dot: 284},{dot: 5},{dot: 80},{dot: 10},{dot: 1159},{dot: 290},{dot: 1289},{dot: 134}
231,{},{dot: 13},{dot: 30},{dot: 34},{dot: 2},{dot: 1280},{dot: 291},{dot: 4},{dot: 90},{},{dot: 1168},{dot: 290},{dot: 1297},{dot: 134}
232,{},{dot: 13},{dot: 30},{dot: 33},{dot: 2},{dot: 1279},{dot: 296},{dot: 2},{dot: 90},{},{dot: 1177},{dot: 290},{dot: 1305},{dot: 134}
233,{},{dot: 13},{dot: 30},{dot: 33},{dot: 2},{dot: 1279},{dot: 303},{},{dot: 90},{},{dot: 1176},{dot: 291},{dot: 1303},{dot: 134}
234,{},{dot: 13},{dot: 30},{dot: 32},{dot: 2},{dot: 1278},{dot: 310},{},{dot: 90},{},{dot: 1184},{dot: 292},{dot: 1301},{dot: 134}
235,{},{dot: 13},{dot: 30},{dot: 31},{dot: 2},{dot: 1286},{dot: 317},{},{dot: 90},{},{dot: 1184},{dot: 293},{dot: 1309},{dot: 134}
236,{},{dot: 13},{dot: 30},{dot: 31},{dot: 2},{dot: 1294},{dot: 312},{},{dot: 90},{},{dot: 1192},{dot: 293},{dot: 1318},{dot: 134}
237,{},{dot: 13},{dot: 30},{dot: 30},{dot: 2},{dot: 1302},{dot: 319},{},{dot: 90},{},{dot: 1200},{dot: 294},{dot: 1325},{dot: 134}
238,{},{dot: 13},{dot: 30},{dot: 29},{dot: 2},{dot: 1311},{dot: 325},{},{dot: 90},{},{dot: 1208},{dot: 294},{dot: 1333},{dot: 134}
239,{},{dot: 13},{dot: 30},{dot: 28},{dot: 2},{dot: 1319},{dot: 322},{},{dot: 90},{},{dot: 1217},{dot: 295},{dot: 1332},{dot: 134}
240,{},{dot: 13},{dot: 30},{dot: 28},{dot: 2},{dot: 1328},{dot: 329},{},{dot: 90},{},{dot: 1225},{dot: 296},{dot: 1339},{dot: 134}
241,{},{dot: 13},{dot: 30},{dot: 28},{dot: 2},{dot: 1328},{dot: 335},{},{dot: 90},{},{dot: 1224},{dot: 297},{dot: 1346},{dot: 134}
242,{},{dot: 13},{dot: 30},{dot: 28},{dot: 2},{dot: 1337},{dot: 332},{},{dot: 90},{},{dot: 1232},{dot: 298},{dot: 1353},{dot: 134}
243,{},{dot: 13},{dot: 30},{dot: 27},{dot: 2},{dot: 1345},{dot: 327},{},{dot: 90},{},{dot: 1231},{dot: 299},{dot: 1360},{dot: 134}
244,{},{dot: 13},{dot: 30},{dot: 26},{dot: 2},{dot: 1353},{dot: 324},{},{dot: 90},{},{dot: 1231},{dot: 300},{dot: 1367},{dot: 134}
245,{},{dot: 13},{dot: 30},{dot: 25},{dot: 2},{dot: 1352},{dot: 331},{},{dot: 90},{},{dot: 1240},{dot: 301},{dot: 1365},{dot: 134}
246,{},{dot: 13},{dot: 30},{dot: 24},{dot: 2},{dot: 1351},{dot: 337},{},{dot: 90},{},{dot: 1248},{dot: 302},{dot: 1363},{dot: 134}
247,{},{dot: 13},{dot: 30},{dot: 24},{dot: 2},{dot: 1359},{dot: 333},{},{dot: 90},{},{dot: 1257},{dot: 303},{dot: 1370},{dot: 134}
248,{},{dot: 13},{dot: 30},{dot: 24},{dot: 2},{dot: 1358},{dot: 339},{},{dot: 90},{},{dot: 1265},{dot: 303},{dot: 1378},{dot: 134}
249,{},{dot: 13},{dot: 30},{dot: 23},{dot: 2},{dot: 1357},{dot: 345},{},{dot: 90},{},{dot: 1274},{dot: 304},{dot: 1385},{dot: 134}
250,{},{dot: 13},{dot: 30},{dot: 23},{dot: 2},{dot: 1365},{dot: 350},{},{dot: 90},{},{dot: 1283},{dot: 305},{dot: 1392},{dot: 134}
251,{},{dot: 13},{dot: 30},{dot: 23},{dot: 2},{dot: 1374},{dot: 355},{},{dot: 90},{},{dot: 1282},{dot: 306},{dot: 1399},{dot: 134}
252,{},{dot: 13},{dot: 30},{dot: 22},{dot: 2},{dot: 1382},{dot: 362},{},{dot: 90},{},{dot: 1290},{dot: 307},{dot: 1407},{dot: 134}
253,{},{dot: 13},{dot: 30},{dot: 21},{dot: 2},{dot: 1390},{dot: 370},{},{dot: 90},{},{dot: 1289},{dot: 307},{dot: 1406},{dot: 134}
254,{},{dot: 13},{dot: 30},{dot: 20},{dot: 2},{dot: 1398},{dot: 376},{},{dot: 90},{},{dot: 1297},{dot: 308},{dot: 1413},{dot: 134}
255,{},{dot: 13},{dot: 30},{dot: 19},{dot: 2},{dot: 1406},{dot: 382},{},{dot: 90},{},{dot: 1296},{dot: 308},{dot: 1421},{dot: 134}
256,{},{dot: 13},{dot: 30},{dot: 18},{dot: 2},{dot: 1415},{dot: 390},{},{dot: 90},{},{dot: 1304},{dot: 309},{dot: 1428},{dot: 134}
257,{},{dot: 13},{dot: 30},{dot: 17},{dot: 2},{dot: 1423},{dot: 396},{},{dot: 90},{},{dot: 1303},{dot: 309},{dot: 1436},{dot: 134}
258,{},{dot: 13},{dot: 30},{dot: 16},{dot: 2},{dot: 1431},{dot: 401},{},{dot: 90},{},{dot: 1311},{dot: 310},{dot: 1443},{dot: 134}
259,{},{dot: 13},{dot: 30},{dot: 16},{dot: 2},{dot: 1430},{dot: 398},{},{dot: 90},{},{dot: 1319},{dot: 311},{dot: 1450},{dot: 134}
260,{},{dot: 13},{dot: 30},{dot: 15},{dot: 2},{dot: 1438},{dot: 406},{},{dot: 90},{},{dot: 1318},{dot: 312},{dot: 1448},{dot: 134}
261,{},{dot: 13},{dot: 30},{dot: 14},{dot: 2},{dot: 1446},{dot: 412},{},{dot: 90},{},{dot: 1326},{dot: 313},{dot: 1455},{dot: 134}
262,{},{dot: 13},{dot: 30},{dot: 13},{dot: 2},{dot: 1454},{dot: 418},{},{dot: 90},{},{dot: 1334},{dot: 314},{dot: 1462},{dot: 134}
263,{},{dot: 13},{dot: 30},{dot: 12},{dot: 2},{dot: 1463},{dot: 424},{},{dot: 90},{},{dot: 1342},{dot: 315},{dot: 1469},{dot: 134}
264,{},{dot: 13},{dot: 30},{dot: 12},{dot: 2},{dot: 1472},{dot: 419},{},{dot: 90},{},{dot: 1350},{dot: 316},{dot: 1477},{dot: 134}
265,{},{dot: 13},{dot: 30},{dot: 12},{dot: 2},{dot: 1481},{dot: 424},{},{dot: 90},{},{dot: 1358},{dot: 316},{dot: 1486},{dot: 134}
266,{},{dot: 13},{dot: 30},{dot: 11},{dot: 2},{dot: 1489},{dot: 420},{},{dot: 90},{},{dot: 1366},{dot: 317},{dot: 1493},{dot: 134}
267,{},{dot: 13},{dot: 30},{dot: 11},{dot: 2},{dot: 1497},{dot: 426},{},{dot: 90},{},{dot: 1365},{dot: 317},{dot: 1502},{dot: 134}
268,{},{dot: 13},{dot: 30},{dot: 10},{dot: 2},{dot: 1506},{dot: 431},{},{dot: 90},{},{dot: 1373},{dot: 318},{dot: 1509},{dot: 134}
269,{},{dot: 13},{dot: 30},{dot: 9},{dot: 2},{dot: 1514},{dot: 437},{},{dot: 90},{},{dot: 1381},{dot: 318},{dot: 1518},{dot: 134}
270,{},{dot: 13},{dot: 30},{dot: 8},{dot: 2},{dot: 1522},{dot: 443},{},{dot: 90},{},{dot: 1390},{dot: 318},{dot: 1526},{dot: 134}
271,{},{dot: 13},{dot: 30},{dot: 7},{dot: 2},{dot: 1530},{dot: 449},{},{dot: 90},{},{dot: 1390},{dot: 319},{dot: 1524},{dot: 134}
272,{},{dot: 13},{dot: 30},{dot: 6},{dot: 2},{dot: 1529},{dot: 455},{},{dot: 90},{},{dot: 1398},{dot: 320},{dot: 1522},{dot: 134}
273,{},{dot: 13},{dot: 30},{dot: 5},{dot: 2},{dot: 1538},{dot: 461},{},{dot: 90},{},{dot: 1406},{dot: 321},{dot: 1530},{dot: 134}
274,{},{dot: 13},{dot: 30},{dot: 4},{dot: 2},{dot: 1546},{dot: 467},{},{dot: 90},{},{dot: 1415},{dot: 322},{dot: 1537},{dot: 134}
275,{},{dot: 13},{dot: 30},{dot: 4},{dot: 2},{dot: 1554},{dot: 473},{},{dot: 90},{},{dot: 1414},{dot: 323},{dot: 1535},{dot: 134}
276,{},{dot: 13},{dot: 30},{dot: 3},{dot: 2},{dot: 1562},{dot: 480},{},{dot: 90},{},{dot: 1422},{dot: 324},{dot: 1543},{dot: 134}
277,{},{dot: 13},{dot: 30},{dot: 2},{dot: 2},{dot: 1571},{dot: 477},{},{dot: 90},{},{dot: 1430},{dot: 324},{dot: 1552},{dot: 134}
278,{},{dot: 13},{dot: 30},{dot: 2},{dot: 2},{dot: 1570},{dot: 483},{},{dot: 90},{},{dot: 1429},{dot: 324},{dot: 1551},{dot: 134}
279,{},{dot: 13},{dot: 30},{dot: 1},{dot: 2},{dot: 1569},{dot: 480},{},{dot: 90},{},{dot: 1437},{dot: 325},{dot: 1549},{dot: 134}
280,{},{dot: 13},{dot: 30},{},{dot: 2},{dot: 1577},{dot: 477},{},{dot: 90},{},{dot: 1445},{dot: 326},{dot: 1556},{dot: 134}
281,{},{dot: 13},{dot: 30},{},{dot: 2},{dot: 1585},{dot: 472},{},{dot: 90},{},{dot: 1453},{dot: 327},{dot: 1563},{dot: 134}
282,{},{dot: 13},{dot: 30},{},{dot: 2},{dot: 1593},{dot: 468},{},{dot: 90},{},{dot: 1461},{dot: 327},{dot: 1571},{dot: 134}
283,{},{dot: 13},{dot: 30},{},{dot: 2},{dot: 1592},{dot: 463},{},{dot: 90},{},{dot: 1470},{dot: 328},{dot: 1578},{dot: 134}
284,{},{dot: 13},{dot: 30},{},{dot: 2},{dot: 1591},{dot: 461},{},{dot: 90},{},{dot: 1478},{dot: 329},{dot: 1586},{dot: 134}
285,{},{dot: 13},{dot: 30},{},{dot: 2},{dot: 1599},{dot: 457},{},{dot: 90},{},{dot: 1487},{dot: 330},{dot: 1593},{dot: 134}
286,{},{dot: 13},{dot: 30},{},{dot: 2},{dot: 1607},{dot: 455},{},{dot: 90},{},{dot: 1495},{dot: 331},{dot: 1600},{dot: 134}
287,{},{dot: 13},{dot: 30},{},{dot: 2},{dot: 1615},{dot: 451},{},{dot: 90},{},{dot: 1495},{dot: 332},{dot: 1608},{dot: 134}
288,{},{dot: 13},{dot: 30},{},{dot: 2},{dot: 1615},{dot: 446},{},{dot: 90},{},{dot: 1494},{dot: 333},{dot: 1615},{dot: 134}
289,{},{dot: 13},{dot: 30},{},{dot: 2},{dot: 1614},{dot: 442},{},{dot: 90},{},{dot: 1493},{dot: 333},{dot: 1623},{dot: 134}
290,{},{dot: 13},{dot: 30},{},{dot: 2},{dot: 1613},{dot: 439},{},{dot: 90},{},{dot: 1501},{dot: 334},{dot: 1631},{dot: 134}
291,{},{dot: 13},{dot: 30},{},{dot: 2},{dot: 1622},{dot: 436},{},{dot: 90},{},{dot: 1509},{dot: 334},{dot: 1639},{dot: 134}
292,{},{dot: 13},{dot: 30},{},{dot: 2},{dot: 1621},{dot: 433},{},{dot: 90},{},{dot: 1518},{dot: 334},{dot: 1648},{dot: 134}
293,{},{dot: 13},{dot: 30},{},{dot: 2},{dot: 1630},{dot: 428},{},{dot: 90},{},{dot: 1526},{dot: 335},{dot: 1656},{dot: 134}
294,{},{dot: 13},{dot: 30},{},{dot: 2},{dot: 1638},{dot: 423},{},{dot: 90},{},{dot: 1526},{dot: 336},{dot: 1655},{dot: 134}
295,{},{dot: 13},{dot: 30},{},{dot: 2},{dot: 1647},{dot: 418},{},{dot: 90},{},{dot: 1534},{dot: 337},{dot: 1662},{dot: 134}
296,{},{dot: 13},{dot: 30},{},{dot: 2},{dot: 1655},{dot: 415},{},{dot: 90},{},{dot: 1542},{dot: 337},{dot: 1670},{dot: 134}
297,{},{dot: 13},{dot: 30},{},{dot: 2},{dot: 1663},{dot: 410},{},{dot: 90},{},{dot: 1541},{dot: 337},{dot: 1678},{dot: 134}
298,{},{dot: 13},{dot: 30},{},{dot: 2},{dot: 1672},{dot: 408},{},{dot: 90},{},{dot: 1549},{dot: 338},{dot: 1685},{dot: 134}
299,{},{dot: 13},{dot: 30},{},{dot: 2},{dot: 1680},{dot: 404},{},{dot: 90},{},{dot: 1549},{dot: 339},{dot: 1692},{dot: 134}
300,{},{dot: 13},{dot: 30},{},{dot: 2},{dot: 1689},{dot: 401},{},{dot: 90},{},{dot: 1557},{dot: 339},{dot: 1700},{dot: 134}
301,{},{dot: 13},{dot: 30},{},{dot: 2},{dot: 1688},{dot: 396},{},{dot: 90},{},{dot: 1565},{dot: 339},{dot: 1708},{dot: 134}
302,{},{dot: 13},{dot: 30},{},{dot: 2},{dot: 1696},{dot: 392},{},{dot: 90},{},{dot: 1574},{dot: 340},{dot: 1715},{dot: 134}
303,{},{dot: 13},{dot: 30},{},{dot: 2},{dot: 1704},{dot: 387},{},{dot: 90},{},{dot: 1583},{dot: 341},{dot: 1722},{dot: 134}
304,{},{dot: 13},{dot: 30},{},{dot: 2},{dot: 1712},{dot: 384},{},{dot: 90},{},{dot: 1592},{dot: 342},{dot: 1729},{dot: 134}
305,{},{dot: 13},{dot: 30},{},{dot: 2},{dot: 1720},{dot: 380},{},{dot: 90},{},{dot: 1600},{dot: 343},{dot: 1736},{dot: 134}
306,{},{dot: 13},{dot: 30},{},{dot: 2},{dot: 1728},{dot: 375},{},{dot: 90},{},{dot: 1609},{dot: 343},{dot: 1744},{dot: 134}
307,{},{dot: 13},{dot: 30},{},{dot: 2},{dot: 1736},{dot: 372},{},{dot: 90},{},{dot: 1617},{dot: 344},{dot: 1752},{dot: 134}
308,{},{dot: 13},{dot: 30},{},{dot: 2},{dot: 1744},{dot: 367},{},{dot: 90},{},{dot: 1626},{dot: 345},{dot: 1759},{dot: 134}
309,{},{dot: 13},{dot: 30},{},{dot: 2},{dot: 1752},{dot: 363},{},{dot: 90},{},{dot: 1634},{dot: 345},{dot: 1768},{dot: 134}
310,{},{dot: 13},{dot: 30},{},{dot: 2},{dot: 1751},{dot: 358},{},{dot: 90},{},{dot: 1634},{dot: 345},{dot: 1767},{dot: 134}
311,{},{dot: 13},{dot: 30},{},{dot: 2},{dot: 1759},{dot: 354},{},{dot: 90},{},{dot: 1642},{dot: 346},{dot: 1766},{dot: 134}
312,{},{dot: 13},{dot: 30},{},{dot: 2},{dot: 1767},{dot: 349},{},{dot: 90},{},{dot: 1650},{dot: 347},{dot: 1765},{dot: 134}
313,{},{dot: 13},{dot: 30},{},{dot: 2},{dot: 1775},{dot: 345},{},{dot: 90},{},{dot: 1658},{dot: 348},{dot: 1772},{dot: 134}
314,{},{dot: 13},{dot: 30},{},{dot: 2},{dot: 1783},{dot: 342},{},{dot: 90},{},{dot: 1666},{dot: 348},{dot: 1780},{dot: 134}
315,{},{dot: 13},{dot: 30},{},{dot: 2},{dot: 1792},{dot: 338},{},{dot: 90},{},{dot: 1674},{dot: 348},{dot: 1779},{dot: 134}
316,{},{dot: 13},{dot: 30},{},{dot: 2},{dot: 1800},{dot: 334},{},{dot: 90},{},{dot: 1673},{dot: 349},{dot: 1786},{dot: 134}
317,{},{dot: 13},{dot: 30},{},{dot: 2},{dot: 1799},{dot: 331},{},{dot: 90},{},{dot: 1672},{dot: 350},{dot: 1793},{dot: 134}
318,{},{dot: 13},{dot: 30},{},{dot: 2},{dot: 1798},{dot: 327},{},{dot: 90},{},{dot: 1680},{dot: 351},{dot: 1800},{dot: 134}
319,{},{dot: 13},{dot: 30},{},{dot: 2},{dot: 1797},{dot: 323},{},{dot: 90},{},{dot: 1688},{dot: 351},{dot: 1808},{dot: 134}
320,{},{dot: 13},{dot: 30},{},{dot: 2},{dot: 1805},{dot: 319},{},{dot: 90},{},{dot: 1697},{dot: 352},{dot: 1815},{dot: 134}
321,{},{dot: 13},{dot: 30},{},{dot: 2},{dot: 1813},{dot: 315},{},{dot: 90},{},{dot: 1705},{dot: 353},{dot: 1822},{dot: 134}
322,{},{dot: 13},{dot: 30},{},{dot: 2},{dot: 1821},{dot: 312},{},{dot: 90},{},{dot: 1713},{dot: 354},{dot: 1829},{dot: 134}
323,{},{dot: 13},{dot: 30},{},{dot: 2},{dot: 1829},{dot: 309},{},{dot: 90},{},{dot: 1721},{dot: 355},{dot: 1837},{dot: 134}
324,{},{dot: 13},{dot: 30},{},{dot: 2},{dot: 1828},{dot: 306},{},{dot: 90},{},{dot: 1729},{dot: 355},{dot: 1845},{dot: 134}
325,{},{dot: 13},{dot: 30},{},{dot: 2},{dot: 1836},{dot: 302},{},{dot: 90},{},{dot: 1737},{dot: 355},{dot: 1854},{dot: 134}
326,{},{dot: 13},{dot: 30},{},{dot: 2},{dot: 1845},{dot: 298},{},{dot: 90},{},{dot: 1746},{dot: 355},{dot: 1862},{dot: 134}
327,{},{dot: 13},{dot: 30},{},{dot: 2},{dot: 1844},{dot: 293},{},{dot: 90},{},{dot: 1746},{dot: 355},{dot: 1861},{dot: 134}
328,{},{dot: 13},{dot: 30},{},{dot: 2},{dot: 1852},{dot: 290},{},{dot: 90},{},{dot: 1745},{dot: 356},{dot: 1868},{dot: 134}
329,{},{dot: 13},{dot: 30},{},{dot: 2},{dot: 1860},{dot: 286},{},{dot: 90},{},{dot: 1753},{dot: 357},{dot: 1866},{dot: 134}
330,{},{dot: 13},{dot: 30},{},{dot: 2},{dot: 1869},{dot: 281},{},{dot: 90},{},{dot: 1762},{dot: 358},{dot: 1864},{dot: 134}
331,{},{dot: 13},{dot: 30},{},{dot: 2},{dot: 1877},{dot: 277},{},{dot: 90},{},{dot: 1761},{dot: 359},{dot: 1862},{dot: 134}
332,{},{dot: 13},{dot: 30},{},{dot: 2},{dot: 1885},{dot: 274},{},{dot: 90},{},{dot: 1769},{dot: 360},{dot: 1869},{dot: 134}
333,{},{dot: 13},{dot: 30},{},{dot: 2},{dot: 1893},{dot: 272},{},{dot: 90},{},{dot: 1768},{dot: 361},{dot: 1867},{dot: 134}
334,{},{dot: 13},{dot: 30},{},{dot: 2},{dot: 1892},{dot: 267},{},{dot: 90},{},{dot: 1777},{dot: 361},{dot: 1876},{dot: 134}
335,{},{dot: 13},{dot: 30},{},{dot: 2},{dot: 1901},{dot: 263},{},{dot: 90},{},{dot: 1785},{dot: 362},{dot: 1874},{dot: 134}
336,{},{dot: 13},{dot: 30},{},{dot: 2},{dot: 1900},{dot: 259},{},{dot: 90},{},{dot: 1793},{dot: 363},{dot: 1882},{dot: 134}
337,{},{dot: 13},{dot: 30},{},{dot: 2},{dot: 1908},{dot: 257},{},{dot: 90},{},{dot: 1801},{dot: 363},{dot: 1890},{dot: 134}
338,{},{dot: 13},{dot: 30},{},{dot: 2},{dot: 1916},{dot: 254},{},{dot: 90},{},{dot: 1809},{dot: 364},{dot: 1897},{dot: 134}
339,{},{dot: 13},{dot: 30},{},{dot: 2},{dot: 1924},{dot: 249},{},{dot: 90},{},{dot: 1817},{dot: 364},{dot: 1896},{dot: 134}
340,{},{dot: 13},{dot: 30},{},{dot: 2},{dot: 1923},{dot: 245},{},{dot: 90},{},{dot: 1825},{dot: 365},{dot: 1894},{dot: 134}
341,{},{dot: 13},{dot: 30},{},{dot: 2},{dot: 1931},{dot: 241},{},{dot: 90},{},{dot: 1833},{dot: 366},{dot: 1892},{dot: 134}
342,{},{dot: 13},{dot: 30},{},{dot: 2},{dot: 1940},{dot: 236},{},{dot: 90},{},{dot: 1832},{dot: 367},{dot: 1899},{dot: 134}
343,{},{dot: 13},{dot: 30},{},{dot: 2},{dot: 1939},{dot: 232},{},{dot: 90},{},{dot: 1831},{dot: 368},{dot: 1906},{dot: 134}
344,{},{dot: 13},{dot: 30},{},{dot: 2},{dot: 1947},{dot: 228},{},{dot: 90},{},{dot: 1830},{dot: 369},{dot: 1904},{dot: 134}
345,{},{dot: 13},{dot: 30},{},{dot: 2},{dot: 1955},{dot: 224},{},{dot: 90},{},{dot: 1838},{dot: 370},{dot: 1912},{dot: 134}
346,{},{dot: 13},{dot: 30},{},{dot: 2},{dot: 1964},{dot: 219},{},{dot: 90},{},{dot: 1846},{dot: 370},{dot: 1920},{dot: 134}
347,{},{dot: 13},{dot: 30},{},{dot: 2},{dot: 1963},{dot: 214},{},{dot: 90},{},{dot: 1854},{dot: 371},{dot: 1927},{dot: 134}
348,{},{dot: 13},{dot: 30},{},{dot: 2},{dot: 1962},{dot: 210},{},{dot: 90},{},{dot: 1862},{dot: 372},{dot: 1934},{dot: 134}
349,{},{dot: 13},{dot: 30},{},{dot: 2},{dot: 1970},{dot: 205},{},{dot: 90},{},{dot: 1870},{dot: 373},{dot: 1932},{dot: 134}
350,{},{dot: 13},{dot: 30},{},{dot: 2},{dot: 1978},{dot: 201},{},{dot: 90},{},{dot: 1870},{dot: 374},{dot: 1931},{dot: 134}
351,{},{dot: 13},{dot: 30},{},{dot: 2},{dot: 1987},{dot: 198},{},{dot: 90},{},{dot: 1870},{dot: 374},{dot: 1939},{dot: 134}
352,{},{dot: 13},{dot: 30},{},{dot: 2},{dot: 1995},{dot: 195},{},{dot: 90},{},{dot: 1878},{dot: 375},{dot: 1937},{dot: 134}
353,{},{dot: 13},{dot: 30},{},{dot: 2},{dot: 2003},{dot: 191},{},{dot: 90},{},{dot: 1877},{dot: 375},{dot: 1946},{dot: 134}
354,{},{dot: 13},{dot: 30},{},{dot: 2},{dot: 2011},{dot: 188},{},{dot: 90},{},{dot: 1885},{dot: 376},{dot: 1953},{dot: 134}
355,{},{dot: 13},{dot: 30},{},{dot: 2},{dot: 2019},{dot: 185},{},{dot: 90},{},{dot: 1893},{dot: 376},{dot: 1952},{dot: 134}
356,{},{dot: 13},{dot: 30},{},{dot: 2},{dot: 2027},{dot: 182},{},{dot: 90},{},{dot: 1901},{dot: 377},{dot: 1959},{dot: 134}
357,{},{dot: 13},{dot: 30},{},{dot: 2},{dot: 2035},{dot: 178},{},{dot: 90},{},{dot: 1909},{dot: 377},{dot: 1967},{dot: 134}
358,{},{dot: 13},{dot: 30},{},{dot: 2},{dot: 2044},{dot: 173},{},{dot: 90},{},{dot: 1908},{dot: 377},{dot: 1975},{dot: 134}
359,{},{dot: 13},{dot: 30},{},{dot: 2},{dot: 2043},{dot: 170},{},{dot: 90},{},{dot: 1907},{dot: 377},{dot: 1983},{dot: 134}
360,{},{dot: 13},{dot: 30},{},{dot: 2},{dot: 2051},{dot: 168},{},{dot: 90},{},{dot: 1915},{dot: 378},{dot: 1981},{dot: 134}
361,{},{dot: 13},{dot: 30},{},{dot: 2},{dot: 2060},{dot: 163},{},{dot: 90},{},{dot: 1914},{dot: 379},{dot: 1988},{dot: 134}
362,{},{dot: 13},{dot: 30},{},{dot: 2},{dot: 2068},{dot: 158},{},{dot: 90},{},{dot: 1914},{dot: 379},{dot: 1996},{dot: 134}
363,{},{dot: 13},{dot: 30},{},{dot: 2},{dot: 2067},{dot: 155},{},{dot: 90},{},{dot: 1913},{dot: 380},{dot: 1995},{dot: 134}
364,{},{dot: 13},{dot: 30},{},{dot: 2},{dot: 2066},{dot: 152},{},{dot: 90},{},{dot: 1913},{dot: 381},{dot: 2002},{dot: 134}
365,{},{dot: 13},{dot: 30},{},{dot: 2},{dot: 2074},{dot: 147},{},{dot: 90},{},{dot: 1921},{dot: 382},{dot: 2009},{dot: 134}
366,{},{dot: 13},{dot: 30},{},{dot: 2},{dot: 2083},{dot: 144},{},{dot: 90},{},{dot: 1929},{dot: 383},{dot: 2016},{dot: 134}
367,{},{dot: 13},{dot: 30},{},{dot: 2},{dot: 2091},{dot: 142},{},{dot: 90},{},{dot: 1929},{dot: 384},{dot: 2014},{dot: 134}
368,{},{dot: 13},{dot: 30},{},{dot: 2},{dot: 2100},{dot: 137},{},{dot: 90},{},{dot: 1937},{dot: 385},{dot: 2012},{dot: 134}
369,{},{dot: 13},{dot: 30},{},{dot: 2},{dot: 2108},{dot: 132},{},{dot: 90},{},{dot: 1946},{dot: 386},{dot: 2019},{dot: 134}
370,{},{dot: 13},{dot: 30},{},{dot: 2},{dot: 2116},{dot: 129},{},{dot: 90},{},{dot: 1954},{dot: 387},{dot: 2018},{dot: 134}
371,{},{dot: 13},{dot: 30},{},{dot: 2},{dot: 2124},{dot: 126},{},{dot: 90},{},{dot: 1963},{dot: 388},{dot: 2016},{dot: 134}
372,{},{dot: 13},{dot: 30},{},{dot: 2},{dot: 2124},{dot: 121},{},{dot: 90},{},{dot: 1972},{dot: 389},{dot: 2024},{dot: 134}
373,{},{dot: 13},{dot: 30},{},{dot: 2},{dot: 2132},{dot: 117},{},{dot: 90},{},{dot: 1981},{dot: 390},{dot: 2031},{dot: 134}
374,{},{dot: 13},{dot: 30},{},{dot: 2},{dot: 2140},{dot: 113},{},{dot: 90},{},{dot: 1990},{dot: 391},{dot: 2030},{dot: 134}
375,{},{dot: 13},{dot: 30},{},{dot: 2},{dot: 2149},{dot: 109},{},{dot: 90},{},{dot: 1990},{dot: 392},{dot: 2038},{dot: 134}
376,{},{dot: 13},{dot: 30},{},{dot: 2},{dot: 2148},{dot: 106},{},{dot: 90},{},{dot: 1989},{dot: 393},{dot: 2045},{dot: 134}
377,{},{dot: 13},{dot: 30},{},{dot: 2},{dot: 2156},{dot: 102},{},{dot: 90},{},{dot: 1989},{dot: 393},{dot: 2053},{dot: 134}
378,{},{dot: 13},{dot: 30},{},{dot: 2},{dot: 2164},{dot: 97},{},{dot: 90},{},{dot: 1997},{dot: 394},{dot: 2061},{dot: 134}
379,{},{dot: 13},{dot: 30},{},{dot: 2},{dot: 2172},{dot: 94},{},{dot: 90},{},{dot: 2006},{dot: 395},{dot: 2068},{dot: 134}
380,{},{dot: 13},{dot: 30},{},{dot: 2},{dot: 2172},{dot: 90},{},{dot: 90},{},{dot: 2014},{dot: 395},{dot: 2076},{dot: 134}
381,{},{dot: 13},{dot: 30},{},{dot: 2},{dot: 2180},{dot: 85},{},{dot: 90},{},{dot: 2022},{dot: 396},{dot: 2084},{dot: 134}
382,{},{dot: 13},{dot: 30},{},{dot: 2},{dot: 2188},{dot: 81},{},{dot: 90},{},{dot: 2031},{dot: 397},{dot: 2091},{dot: 134}
383,{},{dot: 13},{dot: 30},{},{dot: 2},{dot: 2197},{dot: 78},{},{dot: 90},{},{dot: 2030},{dot: 397},{dot: 2099},{dot: 134}
384,{},{dot: 13},{dot: 30},{},{dot: 2},{dot: 2205},{dot: 74},{},{dot: 90},{},{dot: 2039},{dot: 397},{dot: 2107},{dot: 134}
385,{},{dot: 13},{dot: 30},{},{dot: 2},{dot: 2205},{dot: 70},{},{dot: 90},{},{dot: 2047},{dot: 398},{dot: 2105},{dot: 134}
386,{},{dot: 13},{dot: 30},{},{dot: 2},{dot: 2214},{dot: 66},{},{dot: 90},{},{dot: 2047},{dot: 399},{dot: 2103},{dot: 134}
387,{},{dot: 13},{dot: 30},{},{dot: 2},{dot: 2222},{dot: 61},{},{dot: 90},{},{dot: 2046},{dot: 399},{dot: 2102},{dot: 134}
388,{},{dot: 13},{dot: 30},{},{dot: 2},{dot: 2221},{dot: 58},{},{dot: 90},{},{dot: 2054},{dot: 399},{dot: 2110},{dot: 134}
389,{},{dot: 13},{dot: 30},{},{dot: 2},{dot: 2229},{dot: 53},{},{dot: 90},{},{dot: 2062},{dot: 400},{dot: 2117},{dot: 134}
390,{},{dot: 13},{dot: 30},{},{dot: 2},{dot: 2237},{dot: 51},{},{dot: 90},{},{dot: 2070},{dot: 401},{dot: 2115},{dot: 134}
391,{},{dot: 13},{dot: 30},{},{dot: 2},{dot: 2246},{dot: 48},{},{dot: 90},{},{dot: 2079},{dot: 402},{dot: 2113},{dot: 134}
392,{},{dot: 13},{dot: 30},{},{dot: 2},{dot: 2255},{dot: 43},{},{dot: 90},{},{dot: 2087},{dot: 403},{dot: 2120},{dot: 134}
393,{},{dot: 13},{dot: 30},{},{dot: 2},{dot: 2263},{dot: 39},{},{dot: 90},{},{dot: 2095},{dot: 403},{dot: 2129},{dot: 134}
394,{},{dot: 13},{dot: 30},{},{dot: 2},{dot: 2271},{dot: 35},{},{dot: 90},{},{dot: 2103},{dot: 404},{dot: 2136},{dot: 134}
395,{},{dot: 13},{dot: 30},{},{dot: 2},{dot: 2279},{dot: 31},{},{dot: 90},{},{dot: 2111},{dot: 405},{dot: 2143},{dot: 134}
396,{},{dot: 13},{dot: 30},{},{dot: 2},{dot: 2287},{dot: 28},{},{dot: 90},{},{dot: 2110},{dot: 406},{dot: 2150},{dot: 134}
397,{},{dot: 13},{dot: 30},{},{dot: 2},{dot: 2295},{dot: 24},{},{dot: 90},{},{dot: 2109},{dot: 407},{dot: 2157},{dot: 134}
398,{},{dot: 13},{dot: 30},{},{dot: 2},{dot: 2304},{dot: 20},{},{dot: 90},{},{dot: 2118},{dot: 407},{dot: 2166},{dot: 134}
399,{},{dot: 13},{dot: 30},{},{dot: 2},{dot: 2312},{dot: 17},{},{dot: 90},{},{dot: 2117},{dot: 408},{dot: 2164},{dot: 134}
400,{},{dot: 13},{dot: 30},{},{dot: 2},{dot: 2320},{dot: 13},{},{dot: 90},{},{dot: 2117},{dot: 408},{dot: 2163},{dot: 134}
401,{dot: 496},{dot: 13},{dot: 30},{dot: 1},{dot: 3},{dot: 2318},{dot: 9},{dot: 5},{dot: 90},{dot: 1},{dot: 2124},{dot: 409},{dot: 2161},{dot: 134}
402,{dot: 491},{dot: 13},{dot: 31},{dot: 2},{dot: 1},{dot: 2325},{dot: 3},{dot: 9},{dot: 90},{dot: 2},{dot: 2123},{dot: 417},{dot: 2168},{dot: 135}
403,{dot: 486},{dot: 13},{dot: 31},{dot: 2},{dot: 1},{dot: 2333},{dot: 9},{dot: 1},{dot: 90},{dot: 3},{dot: 2130},{dot: 418},{dot: 2175},{dot: 137}
404,{dot: 483},{dot: 13},{dot: 31},{dot: 2},{dot: 2},{dot: 2340},{dot: 7},{dot: 4},{dot: 90},{dot: 4},{dot: 2128},{dot: 419},{dot: 2182},{dot: 137}
405,{dot: 478},{dot: 12},{dot: 31},{dot: 2},{dot: 3},{dot: 2348},{dot: 13},{dot: 3},{dot: 90},{dot: 5},{dot: 2135},{dot: 419},{dot: 2190},{dot: 138}
406,{dot: 473},{dot: 12},{dot: 32},{dot: 2},{dot: 1},{dot: 2355},{dot: 9},{dot: 5},{dot: 90},{dot: 6},{dot: 2142},{dot: 426},{dot: 2199},{dot: 139}
407,{dot: 467},{dot: 12},{dot: 32},{dot: 2},{dot: 2},{dot: 2363},{dot: 5},{dot: 3},{dot: 90},{dot: 7},{dot: 2149},{dot: 426},{dot: 2208},{dot: 141}
408,{dot: 462},{dot: 12},{dot: 32},{dot: 3},{dot: 3},{dot: 2370},{dot: 12},{dot: 5},{dot: 90},{dot: 8},{dot: 2156},{dot: 427},{dot: 2215},{dot: 142}
409,{dot: 457},{dot: 12},{dot: 33},{dot: 4},{dot: 1},{dot: 2377},{dot: 6},{dot: 8},{dot: 90},{dot: 9},{dot: 2154},{dot: 434},{dot: 2223},{dot: 143}
410,{dot: 452},{dot: 13},{dot: 33},{dot: 4},{dot: 1},{dot: 2375},{dot: 11},{dot: 12},{dot: 90},{dot: 10},{dot: 2153},{dot: 434},{dot: 2231},{dot: 144}
411,{dot: 448},{dot: 14},{dot: 33},{dot: 4},{dot: 1},{dot: 2382},{dot: 15},{dot: 9},{dot: 100},{},{dot: 2152},{dot: 435},{dot: 2238},{dot: 146}
412,{dot: 442},{dot: 14},{dot: 33},{dot: 4},{dot: 2},{dot: 2380},{dot: 21},{dot: 7},{dot: 100},{dot: 1},{dot: 2150},{dot: 436},{dot: 2245},{dot: 147}
413,{dot: 437},{dot: 14},{dot: 33},{dot: 4},{dot: 3},{dot: 2388},{dot: 26},{dot: 5},{dot: 100},{dot: 2},{dot: 2157},{dot: 437},{dot: 2252},{dot: 148}
414,{dot: 433},{dot: 14},{dot: 33},{dot: 4},{dot: 4},{dot: 2396},{dot: 21},{dot: 8},{dot: 100},{dot: 2},{dot: 2156},{dot: 437},{dot: 2251},{dot: 149}
415,{dot: 427},{dot: 14},{dot: 33},{dot: 4},{dot: 5},{dot: 2403},{dot: 26},{dot: 5},{dot: 100},{dot: 3},{dot: 2163},{dot: 438},{dot: 2258},{dot: 151}
416,{dot: 424},{dot: 13},{dot: 33},{dot: 4},{dot: 6},{dot: 2411},{dot: 30},{dot: 3},{dot: 100},{dot: 3},{dot: 2171},{dot: 439},{dot: 2265},{dot: 152}
417,{dot: 421},{dot: 13},{dot: 34},{dot: 5},{dot: 4},{dot: 2419},{dot: 36},{dot: 6},{dot: 100},{dot: 3},{dot: 2179},{dot: 447},{dot: 2272},{dot: 152}
418,{dot: 419},{dot: 14},{dot: 34},{dot: 5},{dot: 4},{dot: 2418},{dot: 41},{dot: 4},{dot: 100},{dot: 3},{dot: 2178},{dot: 448},{dot: 2279},{dot: 153}
419,{dot: 414},{dot: 13},{dot: 35},{dot: 6},{dot: 2},{dot: 2427},{dot: 46},{dot: 3},{dot: 100},{dot: 4},{dot: 2185},{dot: 456},{dot: 2286},{dot: 154}
420,{dot: 410},{dot: 14},{dot: 35},{dot: 6},{dot: 2},{dot: 2434},{dot: 52},{dot: 6},{dot: 100},{dot: 5},{dot: 2184},{dot: 457},{dot: 2294},{dot: 155}
421,{dot: 408},{dot: 14},{dot: 35},{dot: 6},{dot: 2},{dot: 2442},{dot: 57},{dot: 3},{dot: 100},{dot: 6},{dot: 2183},{dot: 458},{dot: 2292},{dot: 156}
422,{dot: 405},{dot: 13},{dot: 35},{dot: 5},{dot: 3},{dot: 2451},{dot: 54},{dot: 1},{dot: 100},{dot: 7},{dot: 2181},{dot: 459},{dot: 2290},{dot: 156}
423,{dot: 401},{dot: 13},{dot: 35},{dot: 5},{dot: 4},{dot: 2458},{dot: 60},{dot: 4},{dot: 100},{dot: 7},{dot: 2181},{dot: 460},{dot: 2288},{dot: 156}
424,{dot: 398},{dot: 14},{dot: 36},{dot: 5},{dot: 1},{dot: 2465},{dot: 65},{dot: 6},{dot: 100},{dot: 8},{dot: 2179},{dot: 468},{dot: 2295},{dot: 157}
425,{dot: 394},{dot: 13},{dot: 36},{dot: 6},{dot: 2},{dot: 2473},{dot: 71},{dot: 3},{dot: 100},{dot: 9},{dot: 2186},{dot: 468},{dot: 2303},{dot: 158}
426,{dot: 393},{dot: 13},{dot: 36},{dot: 5},{dot: 2},{dot: 2472},{dot: 67},{dot: 1},{dot: 100},{dot: 10},{dot: 2185},{dot: 469},{dot: 2310},{dot: 158}
427,{dot: 390},{dot: 13},{dot: 36},{dot: 6},{dot: 3},{dot: 2479},{dot: 72},{dot: 3},{dot: 110},{},{dot: 2194},{dot: 469},{dot: 2318},{dot: 159}
428,{dot: 385},{dot: 13},{dot: 36},{dot: 5},{dot: 4},{dot: 2478},{dot: 68},{dot: 5},{dot: 110},{dot: 1},{dot: 2201},{dot: 470},{dot: 2325},{dot: 160}
429,{dot: 383},{dot: 12},{dot: 36},{dot: 4},{dot: 5},{dot: 2486},{dot: 63},{dot: 3},{dot: 110},{dot: 2},{dot: 2208},{dot: 471},{dot: 2332},{dot: 160}
430,{dot: 378},{dot: 12},{dot: 37},{dot: 5},{dot: 3},{dot: 2493},{dot: 68},{dot: 5},{dot: 110},{dot: 3},{dot: 2206},{dot: 479},{dot: 2340},{dot: 161}
431,{dot: 372},{dot: 12},{dot: 38},{dot: 6},{dot: 1},{dot: 2500},{dot: 75},{dot: 3},{dot: 110},{dot: 4},{dot: 2213},{dot: 487},{dot: 2347},{dot: 163}
432,{dot: 369},{dot: 11},{dot: 38},{dot: 5},{dot: 2},{dot: 2508},{dot: 80},{dot: 1},{dot: 110},{dot: 5},{dot: 2220},{dot: 487},{dot: 2355},{dot: 164}
433,{dot: 365},{dot: 12},{dot: 38},{dot: 5},{dot: 2},{dot: 2516},{dot: 85},{dot: 3},{dot: 110},{dot: 6},{dot: 2227},{dot: 487},{dot: 2355},{dot: 165}
434,{dot: 362},{dot: 12},{dot: 38},{dot: 6},{dot: 3},{dot: 2524},{dot: 93},{dot: 6},{dot: 110},{dot: 6},{dot: 2236},{dot: 488},{dot: 2362},{dot: 166}
435,{dot: 359},{dot: 13},{dot: 39},{dot: 7},{},{dot: 2531},{dot: 100},{dot: 8},{dot: 110},{dot: 7},{dot: 2244},{dot: 495},{dot: 2370},{dot: 166}
436,{dot: 354},{dot: 13},{dot: 39},{dot: 8},{dot: 1},{dot: 2538},{dot: 104},{dot: 6},{dot: 110},{dot: 7},{dot: 2252},{dot: 496},{dot: 2377},{dot: 168}
437,{dot: 350},{dot: 12},{dot: 39},{dot: 8},{dot: 2},{dot: 2537},{dot: 110},{dot: 3},{dot: 110},{dot: 8},{dot: 2259},{dot: 497},{dot: 2384},{dot: 169}
438,{dot: 346},{dot: 12},{dot: 39},{dot: 8},{dot: 3},{dot: 2544},{dot: 105},{dot: 5},{dot: 110},{dot: 9},{dot: 2257},{dot: 498},{dot: 2392},{dot: 170}
439,{dot: 342},{dot: 12},{dot: 40},{dot: 8},{dot: 1},{dot: 2552},{dot: 100},{dot: 7},{dot: 110},{dot: 10},{dot: 2264},{dot: 506},{dot: 2399},{dot: 171}
440,{dot: 338},{dot: 12},{dot: 40},{dot: 8},{dot: 2},{dot: 2559},{dot: 106},{dot: 11},{dot: 120},{dot: 1},{dot: 2262},{dot: 507},{dot: 2407},{dot: 172}
441,{dot: 334},{dot: 11},{dot: 40},{dot: 8},{dot: 3},{dot: 2567},{dot: 110},{dot: 3},{dot: 120},{dot: 2},{dot: 2270},{dot: 508},{dot: 2415},{dot: 174}
442,{dot: 330},{dot: 11},{dot: 40},{dot: 7},{dot: 4},{dot: 2575},{dot: 115},{dot: 5},{dot: 120},{dot: 2},{dot: 2278},{dot: 509},{dot: 2422},{dot: 175}
443,{dot: 327},{dot: 11},{dot: 40},{dot: 8},{dot: 5},{dot: 2582},{dot: 119},{dot: 7},{dot: 120},{dot: 2},{dot: 2286},{dot: 510},{dot: 2421},{dot: 176}
444,{dot: 322},{dot: 10},{dot: 41},{dot: 9},{dot: 3},{dot: 2582},{dot: 124},{dot: 1},{dot: 120},{dot: 3},{dot: 2293},{dot: 518},{dot: 2428},{dot: 178}
445,{dot: 318},{dot: 10},{dot: 42},{dot: 9},{dot: 1},{dot: 2590},{dot: 131},{dot: 5},{dot: 120},{dot: 4},{dot: 2301},{dot: 525},{dot: 2436},{dot: 179}
446,{dot: 314},{dot: 10},{dot: 42},{dot: 9},{dot: 2},{dot: 2598},{dot: 129},{dot: 7},{dot: 120},{dot: 4},{dot: 2309},{dot: 525},{dot: 2444},{dot: 179}
447,{dot: 309},{dot: 9},{dot: 42},{dot: 9},{dot: 3},{dot: 2607},{dot: 134},{dot: 1},{dot: 120},{dot: 5},{dot: 2317},{dot: 526},{dot: 2443},{dot: 181}
448,{dot: 307},{dot: 9},{dot: 43},{dot: 9},{dot: 1},{dot: 2605},{dot: 141},{dot: 4},{dot: 120},{dot: 6},{dot: 2324},{dot: 534},{dot: 2442},{dot: 181}
449,{dot: 302},{dot: 9},{dot: 43},{dot: 9},{dot: 2},{dot: 2612},{dot: 137},{dot: 8},{dot: 120},{dot: 7},{dot: 2322},{dot: 535},{dot: 2449},{dot: 182}
450,{dot: 296},{dot: 9},{dot: 43},{dot: 10},{dot: 3},{dot: 2610},{dot: 131},{dot: 5},{dot: 120},{dot: 8},{dot: 2330},{dot: 536},{dot: 2457},{dot: 184}
451,{dot: 292},{dot: 8},{dot: 44},{dot: 11},{dot: 1},{dot: 2619},{dot: 138},{},{dot: 120},{dot: 9},{dot: 2329},{dot: 544},{dot: 2464},{dot: 185}
452,{dot: 288},{dot: 8},{dot: 44},{dot: 11},{dot: 2},{dot: 2626},{dot: 145},{dot: 5},{dot: 120},{dot: 10},{dot: 2336},{dot: 545},{dot: 2472},{dot: 186}
453,{dot: 282},{dot: 8},{dot: 44},{dot: 12},{dot: 3},{dot: 2633},{dot: 140},{dot: 2},{dot: 130},{dot: 1},{dot: 2334},{dot: 546},{dot: 2479},{dot: 188}
454,{dot: 278},{dot: 8},{dot: 45},{dot: 13},{dot: 1},{dot: 2641},{dot: 134},{dot: 4},{dot: 130},{dot: 2},{dot: 2341},{dot: 554},{dot: 2486},{dot: 189}
455,{dot: 274},{dot: 9},{dot: 45},{dot: 13},{dot: 1},{dot: 2639},{dot: 140},{dot: 6},{dot: 130},{dot: 3},{dot: 2349},{dot: 555},{dot: 2493},{dot: 190}
456,{dot: 272},{dot: 10},{dot: 45},{dot: 12},{dot: 1},{dot: 2646},{dot: 145},{dot: 4},{dot: 130},{dot: 4},{dot: 2348},{dot: 556},{dot: 2500},{dot: 191}
457,{dot: 270},{dot: 9},{dot: 45},{dot: 12},{dot: 2},{dot: 2654},{dot: 142},{dot: 2},{dot: 130},{dot: 4},{dot: 2356},{dot: 557},{dot: 2498},{dot: 192}
458,{dot: 264},{dot: 9},{dot: 45},{dot: 12},{dot: 3},{dot: 2652},{dot: 148},{dot: 5},{dot: 130},{dot: 5},{dot: 2363},{dot: 557},{dot: 2506},{dot: 193}
459,{dot: 259},{dot: 9},{dot: 45},{dot: 13},{dot: 4},{dot: 2659},{dot: 144},{dot: 3},{dot: 130},{dot: 6},{dot: 2370},{dot: 558},{dot: 2504},{dot: 194}
460,{dot: 255},{dot: 9},{dot: 46},{dot: 14},{dot: 2},{dot: 2666},{dot: 149},{dot: 5},{dot: 130},{dot: 6},{dot: 2378},{dot: 566},{dot: 2511},{dot: 195}
461,{dot: 252},{dot: 8},{dot: 46},{dot: 14},{dot: 3},{dot: 2665},{dot: 154},{dot: 3},{dot: 130},{dot: 7},{dot: 2385},{dot: 567},{dot: 2509},{dot: 196}
462,{dot: 248},{dot: 7},{dot: 47},{dot: 15},{dot: 1},{dot: 2664},{dot: 160},{dot: 1},{dot: 130},{dot: 8},{dot: 2393},{dot: 575},{dot: 2517},{dot: 196}
463,{dot: 245},{dot: 8},{dot: 47},{dot: 15},{dot: 1},{dot: 2662},{dot: 166},{dot: 3},{dot: 130},{dot: 9},{dot: 2392},{dot: 576},{dot: 2524},{dot: 196}
464,{dot: 242},{dot: 7},{dot: 47},{dot: 15},{dot: 2},{dot: 2670},{dot: 171},{dot: 2},{dot: 130},{dot: 10},{dot: 2399},{dot: 576},{dot: 2532},{dot: 197}
465,{dot: 238},{dot: 7},{dot: 47},{dot: 15},{dot: 3},{dot: 2677},{dot: 177},{dot: 5},{dot: 140},{},{dot: 2408},{dot: 577},{dot: 2530},{dot: 198}
466,{dot: 233},{dot: 6},{dot: 48},{dot: 16},{dot: 1},{dot: 2677},{dot: 181},{dot: 2},{dot: 140},{dot: 1},{dot: 2415},{dot: 585},{dot: 2537},{dot: 199}
467,{dot: 230},{dot: 6},{dot: 48},{dot: 16},{dot: 2},{dot: 2684},{dot: 186},{dot: 4},{dot: 140},{dot: 2},{dot: 2422},{dot: 585},{dot: 2536},{dot: 200}
468,{dot: 226},{dot: 5},{dot: 48},{dot: 17},{dot: 3},{dot: 2683},{dot: 181},{dot: 1},{dot: 140},{dot: 3},{dot: 2420},{dot: 585},{dot: 2544},{dot: 201}
469,{dot: 222},{dot: 5},{dot: 49},{dot: 17},{dot: 1},{dot: 2691},{dot: 187},{dot: 3},{dot: 140},{dot: 4},{dot: 2427},{dot: 592},{dot: 2552},{dot: 201}
470,{dot: 218},{dot: 5},{dot: 49},{dot: 18},{dot: 2},{dot: 2699},{dot: 181},{dot: 5},{dot: 140},{dot: 5},{dot: 2434},{dot: 592},{dot: 2560},{dot: 202}
471,{dot: 215},{dot: 4},{dot: 49},{dot: 18},{dot: 3},{dot: 2698},{dot: 187},{dot: 4},{dot: 140},{dot: 6},{dot: 2432},{dot: 593},{dot: 2558},{dot: 202}
472,{dot: 212},{dot: 5},{dot: 50},{dot: 20},{},{dot: 2696},{dot: 185},{dot: 6},{dot: 140},{dot: 7},{dot: 2440},{dot: 601},{dot: 2565},{dot: 202}
473,{dot: 209},{dot: 6},{dot: 50},{dot: 19},{},{dot: 2703},{dot: 190},{dot: 8},{dot: 140},{dot: 8},{dot: 2448},{dot: 601},{dot: 2573},{dot: 203}
474,{dot: 203},{dot: 6},{dot: 50},{dot: 18},{dot: 1},{dot: 2710},{dot: 194},{dot: 6},{dot: 140},{dot: 9},{dot: 2456},{dot: 602},{dot: 2581},{dot: 205}
475,{dot: 197},{dot: 6},{dot: 50},{dot: 18},{dot: 2},{dot: 2717},{dot: 199},{dot: 4},{dot: 140},{dot: 10},{dot: 2464},{dot: 602},{dot: 2589},{dot: 207}
476,{dot: 195},{dot: 5},{dot: 50},{dot: 18},{dot: 3},{dot: 2726},{dot: 204},{dot: 1},{dot: 140},{dot: 10},{dot: 2463},{dot: 603},{dot: 2596},{dot: 208}
477,{dot: 191},{dot: 5},{dot: 51},{dot: 19},{dot: 1},{dot: 2734},{dot: 209},{dot: 5},{dot: 150},{dot: 1},{dot: 2462},{dot: 611},{dot: 2603},{dot: 208}
478,{dot: 184},{dot: 5},{dot: 51},{dot: 19},{dot: 2},{dot: 2741},{dot: 205},{dot: 3},{dot: 150},{dot: 2},{dot: 2460},{dot: 612},{dot: 2610},{dot: 210}
479,{dot: 179},{dot: 4},{dot: 51},{dot: 19},{dot: 3},{dot: 2749},{dot: 200},{dot: 2},{dot: 150},{dot: 3},{dot: 2467},{dot: 612},{dot: 2618},{dot: 211}
480,{dot: 176},{dot: 5},{dot: 52},{dot: 20},{},{dot: 2756},{dot: 205},{dot: 4},{dot: 150},{dot: 3},{dot: 2475},{dot: 620},{dot: 2625},{dot: 212}
481,{dot: 171},{dot: 5},{dot: 52},{dot: 21},{dot: 1},{dot: 2763},{dot: 211},{dot: 6},{dot: 150},{dot: 4},{dot: 2482},{dot: 621},{dot: 2623},{dot: 213}
482,{dot: 170},{dot: 5},{dot: 52},{dot: 21},{dot: 1},{dot: 2772},{dot: 217},{},{dot: 150},{dot: 5},{dot: 2489},{dot: 621},{dot: 2631},{dot: 214}
483,{dot: 167},{dot: 5},{dot: 52},{dot: 21},{dot: 2},{dot: 2779},{dot: 212},{dot: 5},{dot: 150},{dot: 6},{dot: 2497},{dot: 622},{dot: 2638},{dot: 214}
484,{dot: 162},{dot: 4},{dot: 52},{dot: 22},{dot: 3},{dot: 2787},{dot: 217},{},{dot: 150},{dot: 7},{dot: 2495},{dot: 623},{dot: 2637},{dot: 216}
485,{dot: 157},{dot: 4},{dot: 53},{dot: 23},{dot: 1},{dot: 2794},{dot: 223},{dot: 5},{dot: 150},{dot: 8},{dot: 2503},{dot: 630},{dot: 2636},{dot: 217}
486,{dot: 153},{dot: 4},{dot: 53},{dot: 22},{dot: 2},{dot: 2801},{dot: 229},{dot: 2},{dot: 150},{dot: 9},{dot: 2510},{dot: 631},{dot: 2634},{dot: 219}
487,{dot: 149},{dot: 4},{dot: 53},{dot: 22},{dot: 3},{dot: 2808},{dot: 235},{dot: 5},{dot: 150},{dot: 10},{dot: 2518},{dot: 632},{dot: 2641},{dot: 220}
488,{dot: 145},{dot: 5},{dot: 54},{dot: 22},{},{dot: 2806},{dot: 230},{dot: 4},{dot: 150},{dot: 11},{dot: 2516},{dot: 640},{dot: 2648},{dot: 222}
489,{dot: 143},{dot: 6},{dot: 54},{dot: 22},{},{dot: 2814},{dot: 234},{dot: 7},{dot: 150},{dot: 12},{dot: 2514},{dot: 640},{dot: 2647},{dot: 223}
490,{dot: 137},{dot: 7},{dot: 54},{dot: 23},{},{dot: 2821},{dot: 239},{dot: 5},{dot: 150},{dot: 13},{dot: 2521},{dot: 640},{dot: 2655},{dot: 225}
491,{dot: 133},{dot: 7},{dot: 54},{dot: 23},{dot: 1},{dot: 2828},{dot: 244},{dot: 8},{dot: 150},{dot: 14},{dot: 2519},{dot: 641},{dot: 2662},{dot: 225}
492,{dot: 129},{dot: 7},{dot: 54},{dot: 24},{dot: 2},{dot: 2835},{dot: 250},{dot: 5},{dot: 160},{dot: 4},{dot: 2519},{dot: 642},{dot: 2670},{dot: 227}
493,{dot: 125},{dot: 7},{dot: 54},{dot: 23},{dot: 3},{dot: 2834},{dot: 256},{dot: 5},{dot: 160},{dot: 5},{dot: 2517},{dot: 643},{dot: 2677},{dot: 228}
494,{dot: 120},{dot: 6},{dot: 54},{dot: 24},{dot: 4},{dot: 2842},{dot: 260},{dot: 3},{dot: 160},{dot: 6},{dot: 2524},{dot: 644},{dot: 2684},{dot: 229}
495,{dot: 115},{dot: 6},{dot: 55},{dot: 26},{dot: 2},{dot: 2849},{dot: 265},{dot: 5},{dot: 160},{dot: 7},{dot: 2531},{dot: 652},{dot: 2691},{dot: 230}
496,{dot: 111},{dot: 7},{dot: 55},{dot: 26},{dot: 2},{dot: 2856},{dot: 271},{dot: 3},{dot: 160},{dot: 7},{dot: 2539},{dot: 653},{dot: 2690},{dot: 232}
497,{dot: 108},{dot: 7},{dot: 55},{dot: 26},{dot: 3},{dot: 2863},{dot: 277},{dot: 5},{dot: 160},{dot: 8},{dot: 2537},{dot: 653},{dot: 2699},{dot: 232}
498,{dot: 102},{dot: 7},{dot: 56},{dot: 26},{dot: 1},{dot: 2870},{dot: 282},{dot: 5},{dot: 160},{dot: 9},{dot: 2536},{dot: 661},{dot: 2707},{dot: 234}
499,{dot: 98},{dot: 8},{dot: 56},{dot: 25},{dot: 1},{dot: 2878},{dot: 287},{dot: 3},{dot: 160},{dot: 10},{dot: 2543},{dot: 662},{dot: 2706},{dot: 236}
500,{dot: 93},{dot: 8},{dot: 56},{dot: 26},{dot: 2},{dot: 2876},{dot: 284},{dot: 7},{dot: 170},{dot: 1},{dot: 2541},{dot: 663},{dot: 2713},{dot: 237}
501,{dot: 87},{dot: 8},{dot: 56},{dot: 26},{dot: 3},{dot: 2883},{dot: 288},{dot: 6},{dot: 170},{dot: 2},{dot: 2548},{dot: 664},{dot: 2720},{dot: 239}
502,{dot: 81},{dot: 8},{dot: 57},{dot: 27},{dot: 1},{dot: 2890},{dot: 294},{dot: 4},{dot: 170},{dot: 3},{dot: 2555},{dot: 672},{dot: 2728},{dot: 241}
503,{dot: 77},{dot: 8},{dot: 57},{dot: 27},{dot: 2},{dot: 2897},{dot: 299},{dot: 6},{dot: 170},{dot: 4},{dot: 2562},{dot: 673},{dot: 2726},{dot: 242}
504,{dot: 73},{dot: 9},{dot: 57},{dot: 27},{dot: 2},{dot: 2905},{dot: 305},{dot: 5},{dot: 170},{dot: 5},{dot: 2560},{dot: 674},{dot: 2733},{dot: 243}
505,{dot: 69},{dot: 9},{dot: 57},{dot: 27},{dot: 3},{dot: 2913},{dot: 310},{dot: 5},{dot: 170},{dot: 5},{dot: 2569},{dot: 674},{dot: 2741},{dot: 245}
506,{dot: 65},{dot: 9},{dot: 58},{dot: 28},{dot: 1},{dot: 2920},{dot: 317},{dot: 7},{dot: 170},{dot: 6},{dot: 2577},{dot: 682},{dot: 2748},{dot: 245}
507,{dot: 61},{dot: 9},{dot: 58},{dot: 28},{dot: 2},{dot: 2927},{dot: 325},{dot: 9},{dot: 170},{dot: 6},{dot: 2576},{dot: 683},{dot: 2755},{dot: 245}
508,{dot: 56},{dot: 9},{dot: 58},{dot: 28},{dot: 3},{dot: 2934},{dot: 331},{dot: 6},{dot: 170},{dot: 7},{dot: 2584},{dot: 684},{dot: 2763},{dot: 247}
509,{dot: 51},{dot: 9},{dot: 58},{dot: 28},{dot: 4},{dot: 2933},{dot: 335},{dot: 4},{dot: 170},{dot: 7},{dot: 2593},{dot: 685},{dot: 2770},{dot: 249}
510,{dot: 46},{dot: 9},{dot: 59},{dot: 29},{dot: 2},{dot: 2932},{dot: 331},{dot: 6},{dot: 170},{dot: 8},{dot: 2600},{dot: 692},{dot: 2778},{dot: 250}
511,{dot: 43},{dot: 8},{dot: 59},{dot: 29},{dot: 3},{dot: 2940},{dot: 338},{dot: 3},{dot: 170},{dot: 9},{dot: 2607},{dot: 693},{dot: 2786},{dot: 251}
512,{dot: 40},{dot: 8},{dot: 59},{dot: 29},{dot: 4},{dot: 2939},{dot: 343},{dot: 5},{dot: 170},{dot: 9},{dot: 2616},{dot: 693},{dot: 2794},{dot: 252}
513,{dot: 35},{dot: 8},{dot: 60},{dot: 31},{dot: 2},{dot: 2946},{dot: 351},{dot: 5},{dot: 170},{dot: 10},{dot: 2623},{dot: 701},{dot: 2792},{dot: 253}
514,{dot: 30},{dot: 9},{dot: 60},{dot: 31},{dot: 2},{dot: 2953},{dot: 347},{dot: 5},{dot: 180},{dot: 1},{dot: 2621},{dot: 702},{dot: 2800},{dot: 255}
515,{dot: 27},{dot: 8},{dot: 60},{dot: 31},{dot: 3},{dot: 2962},{dot: 352},{dot: 3},{dot: 180},{dot: 1},{dot: 2620},{dot: 703},{dot: 2807},{dot: 256}
516,{dot: 25},{dot: 9},{dot: 60},{dot: 31},{dot: 3},{dot: 2969},{dot: 358},{dot: 5},{dot: 180},{dot: 2},{dot: 2627},{dot: 704},{dot: 2815},{dot: 256}
517,{dot: 24},{dot: 9},{dot: 60},{dot: 32},{dot: 3},{dot: 2968},{dot: 356},{dot: 3},{dot: 180},{dot: 3},{dot: 2635},{dot: 705},{dot: 2823},{dot: 256}
518,{dot: 20},{dot: 9},{dot: 61},{dot: 32},{dot: 1},{dot: 2966},{dot: 354},{dot: 5},{dot: 180},{dot: 4},{dot: 2642},{dot: 713},{dot: 2830},{dot: 257}
519,{dot: 14},{dot: 9},{dot: 61},{dot: 33},{dot: 2},{dot: 2964},{dot: 360},{dot: 3},{dot: 180},{dot: 5},{dot: 2649},{dot: 714},{dot: 2838},{dot: 259}
520,{dot: 11},{dot: 9},{dot: 61},{dot: 33},{dot: 2},{dot: 2972},{dot: 355},{dot: 2},{dot: 180},{dot: 6},{dot: 2656},{dot: 714},{dot: 2846},{dot: 260}
521,{dot: 7},{dot: 9},{dot: 61},{dot: 32},{dot: 3},{dot: 2980},{dot: 361},{dot: 4},{dot: 180},{dot: 7},{dot: 2663},{dot: 714},{dot: 2854},{dot: 261}
522,{dot: 6},{dot: 8},{dot: 62},{dot: 32},{dot: 1},{dot: 2979},{dot: 367},{dot: 1},{dot: 180},{dot: 7},{dot: 2662},{dot: 722},{dot: 2852},{dot: 261}
523,{dot: 3},{dot: 7},{dot: 62},{dot: 32},{dot: 2},{dot: 2987},{dot: 361},{},{dot: 180},{dot: 8},{dot: 2669},{dot: 723},{dot: 2859},{dot: 262}
524,{},{dot: 6},{dot: 62},{dot: 31},{dot: 3},{dot: 2995},{dot: 365},{},{dot: 180},{dot: 9},{dot: 2676},{dot: 724},{dot: 2857},{dot: 263}
525,{},{dot: 6},{dot: 63},{dot: 31},{},{dot: 3003},{dot: 361},{},{dot: 180},{dot: 9},{dot: 2684},{dot: 732},{dot: 2855},{dot: 263}
526,{},{dot: 6},{dot: 63},{dot: 30},{},{dot: 3011},{dot: 366},{},{dot: 180},{dot: 9},{dot: 2693},{dot: 733},{dot: 2853},{dot: 263}
527,{},{dot: 6},{dot: 63},{dot: 29},{},{dot: 3019},{dot: 373},{},{dot: 180},{dot: 9},{dot: 2702},{dot: 734},{dot: 2851},{dot: 263}
528,{},{dot: 6},{dot: 63},{dot: 28},{},{dot: 3027},{dot: 378},{},{dot: 180},{dot: 9},{dot: 2701},{dot: 735},{dot: 2858},{dot: 263}
529,{},{dot: 6},{dot: 63},{dot: 27},{},{dot: 3036},{dot: 384},{},{dot: 180},{dot: 9},{dot: 2710},{dot: 735},{dot: 2867},{dot: 263}
530,{},{dot: 6},{dot: 63},{dot: 26},{},{dot: 3044},{dot: 391},{},{dot: 180},{dot: 9},{dot: 2718},{dot: 736},{dot: 2865},{dot: 263}
531,{},{dot: 6},{dot: 63},{dot: 25},{},{dot: 3053},{dot: 396},{},{dot: 180},{dot: 9},{dot: 2718},{dot: 737},{dot: 2872},{dot: 263}
532,{},{dot: 6},{dot: 63},{dot: 25},{},{dot: 3062},{dot: 403},{},{dot: 180},{dot: 9},{dot: 2717},{dot: 738},{dot: 2871},{dot: 263}
533,{},{dot: 6},{dot: 63},{dot: 25},{},{dot: 3070},{dot: 409},{},{dot: 180},{dot: 9},{dot: 2725},{dot: 739},{dot: 2878},{dot: 263}
534,{},{dot: 6},{dot: 63},{dot: 24},{},{dot: 3079},{dot: 416},{},{dot: 180},{dot: 9},{dot: 2734},{dot: 740},{dot: 2885},{dot: 263}
535,{},{dot: 6},{dot: 63},{dot: 23},{},{dot: 3087},{dot: 423},{},{dot: 180},{dot: 9},{dot: 2743},{dot: 740},{dot: 2893},{dot: 263}
536,{},{dot: 6},{dot: 63},{dot: 23},{},{dot: 3095},{dot: 430},{},{dot: 180},{dot: 9},{dot: 2751},{dot: 741},{dot: 2900},{dot: 263}
537,{},{dot: 6},{dot: 63},{dot: 22},{},{dot: 3103},{dot: 436},{},{dot: 180},{dot: 9},{dot: 2750},{dot: 742},{dot: 2898},{dot: 263}
538,{},{dot: 6},{dot: 63},{dot: 21},{},{dot: 3111},{dot: 443},{},{dot: 180},{dot: 9},{dot: 2758},{dot: 743},{dot: 2905},{dot: 263}
539,{},{dot: 6},{dot: 63},{dot: 20},{},{dot: 3119},{dot: 438},{},{dot: 180},{dot: 9},{dot: 2757},{dot: 744},{dot: 2913},{dot: 263}
540,{},{dot: 6},{dot: 63},{dot: 19},{},{dot: 3127},{dot: 445},{},{dot: 180},{dot: 9},{dot: 2756},{dot: 745},{dot: 2921},{dot: 263}
541,{},{dot: 6},{dot: 63},{dot: 19},{},{dot: 3136},{dot: 450},{},{dot: 180},{dot: 9},{dot: 2764},{dot: 746},{dot: 2929},{dot: 263}
542,{},{dot: 6},{dot: 63},{dot: 18},{},{dot: 3145},{dot: 447},{},{dot: 180},{dot: 9},{dot: 2764},{dot: 747},{dot: 2936},{dot: 263}
543,{},{dot: 6},{dot: 63},{dot: 17},{},{dot: 3153},{dot: 453},{},{dot: 180},{dot: 9},{dot: 2772},{dot: 748},{dot: 2943},{dot: 263}
544,{},{dot: 6},{dot: 63},{dot: 16},{},{dot: 3161},{dot: 449},{},{dot: 180},{dot: 9},{dot: 2780},{dot: 749},{dot: 2950},{dot: 263}
545,{},{dot: 6},{dot: 63},{dot: 16},{},{dot: 3169},{dot: 455},{},{dot: 180},{dot: 9},{dot: 2780},{dot: 749},{dot: 2959},{dot: 263}
546,{},{dot: 6},{dot: 63},{dot: 16},{},{dot: 3168},{dot: 460},{},{dot: 180},{dot: 9},{dot: 2788},{dot: 750},{dot: 2966},{dot: 263}
547,{},{dot: 6},{dot: 63},{dot: 15},{},{dot: 3167},{dot: 466},{},{dot: 180},{dot: 9},{dot: 2797},{dot: 751},{dot: 2973},{dot: 263}
548,{},{dot: 6},{dot: 63},{dot: 14},{},{dot: 3175},{dot: 471},{},{dot: 180},{dot: 9},{dot: 2805},{dot: 752},{dot: 2972},{dot: 263}
549,{},{dot: 6},{dot: 63},{dot: 14},{},{dot: 3175},{dot: 477},{},{dot: 180},{dot: 9},{dot: 2814},{dot: 753},{dot: 2979},{dot: 263}
550,{},{dot: 6},{dot: 63},{dot: 14},{},{dot: 3184},{dot: 483},{},{dot: 180},{dot: 9},{dot: 2822},{dot: 754},{dot: 2977},{dot: 263}
551,{},{dot: 6},{dot: 63},{dot: 14},{},{dot: 3193},{dot: 479},{},{dot: 180},{dot: 9},{dot: 2821},{dot: 754},{dot: 2985},{dot: 263}
552,{},{dot: 6},{dot: 63},{dot: 13},{},{dot: 3192},{dot: 487},{},{dot: 180},{dot: 9},{dot: 2820},{dot: 755},{dot: 2993},{dot: 263}
553,{},{dot: 6},{dot: 63},{dot: 12},{},{dot: 3200},{dot: 492},{},{dot: 180},{dot: 9},{dot: 2820},{dot: 755},{dot: 3001},{dot: 263}
554,{},{dot: 6},{dot: 63},{dot: 11},{},{dot: 3208},{dot: 488},{},{dot: 180},{dot: 9},{dot: 2828},{dot: 756},{dot: 3008},{dot: 263}
555,{},{dot: 6},{dot: 63},{dot: 10},{},{dot: 3208},{dot: 494},{},{dot: 180},{dot: 9},{dot: 2836},{dot: 757},{dot: 3016},{dot: 263}
556,{},{dot: 6},{dot: 63},{dot: 9},{},{dot: 3216},{dot: 490},{},{dot: 180},{dot: 9},{dot: 2844},{dot: 758},{dot: 3024},{dot: 263}
557,{},{dot: 6},{dot: 63},{dot: 9},{},{dot: 3224},{dot: 495},{},{dot: 180},{dot: 9},{dot: 2843},{dot: 759},{dot: 3031},{dot: 263}
558,{},{dot: 6},{dot: 63},{dot: 9},{},{dot: 3232},{dot: 503},{},{dot: 180},{dot: 9},{dot: 2851},{dot: 759},{dot: 3039},{dot: 263}
559,{},{dot: 6},{dot: 63},{dot: 8},{},{dot: 3240},{dot: 511},{},{dot: 180},{dot: 9},{dot: 2859},{dot: 760},{dot: 3047},{dot: 263}
560,{},{dot: 6},{dot: 63},{dot: 7},{},{dot: 3248},{dot: 516},{},{dot: 180},{dot: 9},{dot: 2867},{dot: 761},{dot: 3045},{dot: 263}
561,{},{dot: 6},{dot: 63},{dot: 6},{},{dot: 3247},{dot: 511},{},{dot: 180},{dot: 9},{dot: 2875},{dot: 762},{dot: 3043},{dot: 263}
562,{},{dot: 6},{dot: 63},{dot: 5},{},{dot: 3256},{dot: 518},{},{dot: 180},{dot: 9},{dot: 2884},{dot: 762},{dot: 3052},{dot: 263}
563,{},{dot: 6},{dot: 63},{dot: 4},{},{dot: 3265},{dot: 526},{},{dot: 180},{dot: 9},{dot: 2893},{dot: 763},{dot: 3059},{dot: 263}
564,{},{dot: 6},{dot: 63},{dot: 3},{},{dot: 3264},{dot: 532},{},{dot: 180},{dot: 9},{dot: 2901},{dot: 764},{dot: 3057},{dot: 263}
565,{},{dot: 6},{dot: 63},{dot: 2},{},{dot: 3272},{dot: 537},{},{dot: 180},{dot: 9},{dot: 2900},{dot: 764},{dot: 3065},{dot: 263}
566,{},{dot: 6},{dot: 63},{dot: 2},{},{dot: 3280},{dot: 543},{},{dot: 180},{dot: 9},{dot: 2899},{dot: 765},{dot: 3073},{dot: 263}
567,{},{dot: 6},{dot: 63},{dot: 2},{},{dot: 3289},{dot: 549},{},{dot: 180},{dot: 9},{dot: 2907},{dot: 766},{dot: 3081},{dot: 263}
568,{},{dot: 6},{dot: 63},{dot: 1},{},{dot: 3297},{dot: 556},{},{dot: 180},{dot: 9},{dot: 2915},{dot: 766},{dot: 3089},{dot: 263}
569,{},{dot: 6},{dot: 63},{},{},{dot: 3296},{dot: 551},{},{dot: 180},{dot: 9},{dot: 2923},{dot: 767},{dot: 3096},{dot: 263}
570,{},{dot: 6},{dot: 63},{},{},{dot: 3305},{dot: 547},{},{dot: 180},{dot: 9},{dot: 2922},{dot: 768},{dot: 3104},{dot: 263}
571,{},{dot: 6},{dot: 63},{},{},{dot: 3304},{dot: 544},{},{dot: 180},{dot: 9},{dot: 2930},{dot: 769},{dot: 3111},{dot: 263}
572,{},{dot: 6},{dot: 63},{},{},{dot: 3303},{dot: 540},{},{dot: 180},{dot: 9},{dot: 2929},{dot: 770},{dot: 3109},{dot: 263}
573,{},{dot: 6},{dot: 63},{},{},{dot: 3302},{dot: 536},{},{dot: 180},{dot: 9},{dot: 2928},{dot: 771},{dot: 3116},{dot: 263}
574,{},{dot: 6},{dot: 63},{},{},{dot: 3310},{dot: 534},{},{dot: 180},{dot: 9},{dot: 2936},{dot: 772},{dot: 3123},{dot: 263}
575,{},{dot: 6},{dot: 63},{},{},{dot: 3318},{dot: 530},{},{dot: 180},{dot: 9},{dot: 2944},{dot: 773},{dot: 3130},{dot: 263}
576,{},{dot: 6},{dot: 63},{},{},{dot: 3326},{dot: 526},{},{dot: 180},{dot: 9},{dot: 2943},{dot: 774},{dot: 3137},{dot: 263}
577,{},{dot: 6},{dot: 63},{},{},{dot: 3334},{dot: 522},{},{dot: 180},{dot: 9},{dot: 2952},{dot: 775},{dot: 3144},{dot: 263}
578,{},{dot: 6},{dot: 63},{},{},{dot: 3342},{dot: 518},{},{dot: 180},{dot: 9},{dot: 2951},{dot: 776},{dot: 3152},{dot: 263}
579,{},{dot: 6},{dot: 63},{},{},{dot: 3350},{dot: 514},{},{dot: 180},{dot: 9},{dot: 2959},{dot: 777},{dot: 3150},{dot: 263}
580,{},{dot: 6},{dot: 63},{},{},{dot: 3358},{dot: 510},{},{dot: 180},{dot: 9},{dot: 2958},{dot: 777},{dot: 3158},{dot: 263}
581,{},{dot: 6},{dot: 63},{},{},{dot: 3357},{dot: 506},{},{dot: 180},{dot: 9},{dot: 2967},{dot: 777},{dot: 3167},{dot: 263}
582,{},{dot: 6},{dot: 63},{},{},{dot: 3356},{dot: 504},{},{dot: 180},{dot: 9},{dot: 2966},{dot: 778},{dot: 3174},{dot: 263}
583,{},{dot: 6},{dot: 63},{},{},{dot: 3364},{dot: 501},{},{dot: 180},{dot: 9},{dot: 2965},{dot: 779},{dot: 3181},{dot: 263}
584,{},{dot: 6},{dot: 63},{},{},{dot: 3372},{dot: 498},{},{dot: 180},{dot: 9},{dot: 2974},{dot: 780},{dot: 3189},{dot: 263}
585,{},{dot: 6},{dot: 63},{},{},{dot: 3372},{dot: 495},{},{dot: 180},{dot: 9},{dot: 2982},{dot: 781},{dot: 3196},{dot: 263}
586,{},{dot: 6},{dot: 63},{},{},{dot: 3381},{dot: 491},{},{dot: 180},{dot: 9},{dot: 2990},{dot: 782},{dot: 3203},{dot: 263}
587,{},{dot: 6},{dot: 63},{},{},{dot: 3389},{dot: 488},{},{dot: 180},{dot: 9},{dot: 2998},{dot: 783},{dot: 3201},{dot: 263}
588,{},{dot: 6},{dot: 63},{},{},{dot: 3397},{dot: 485},{},{dot: 180},{dot: 9},{dot: 3007},{dot: 783},{dot: 3209},{dot: 263}
589,{},{dot: 6},{dot: 63},{},{},{dot: 3405},{dot: 480},{},{dot: 180},{dot: 9},{dot: 3015},{dot: 783},{dot: 3217},{dot: 263}
590,{},{dot: 6},{dot: 63},{},{},{dot: 3413},{dot: 477},{},{dot: 180},{dot: 9},{dot: 3014},{dot: 784},{dot: 3215},{dot: 263}
591,{},{dot: 6},{dot: 63},{},{},{dot: 3412},{dot: 473},{},{dot: 180},{dot: 9},{dot: 3013},{dot: 785},{dot: 3222},{dot: 263}
592,{},{dot: 6},{dot: 63},{},{},{dot: 3420},{dot: 468},{},{dot: 180},{dot: 9},{dot: 3013},{dot: 786},{dot: 3221},{dot: 263}
593,{},{dot: 6},{dot: 63},{},{},{dot: 3428},{dot: 466},{},{dot: 180},{dot: 9},{dot: 3021},{dot: 787},{dot: 3228},{dot: 263}
594,{},{dot: 6},{dot: 63},{},{},{dot: 3436},{dot: 462},{},{dot: 180},{dot: 9},{dot: 3030},{dot: 788},{dot: 3236},{dot: 263}
595,{},{dot: 6},{dot: 63},{},{},{dot: 3444},{dot: 459},{},{dot: 180},{dot: 9},{dot: 3038},{dot: 789},{dot: 3234},{dot: 263}
596,{},{dot: 6},{dot: 63},{},{},{dot: 3443},{dot: 455},{},{dot: 180},{dot: 9},{dot: 3037},{dot: 790},{dot: 3242},{dot: 263}
597,{},{dot: 6},{dot: 63},{},{},{dot: 3451},{dot: 450},{},{dot: 180},{dot: 9},{dot: 3045},{dot: 790},{dot: 3242},{dot: 263}
598,{},{dot: 6},{dot: 63},{},{},{dot: 3459},{dot: 445},{},{dot: 180},{dot: 9},{dot: 3053},{dot: 791},{dot: 3241},{dot: 263}
599,{},{dot: 6},{dot: 63},{},{},{dot: 3458},{dot: 442},{},{dot: 180},{dot: 9},{dot: 3062},{dot: 792},{dot: 3248},{dot: 263}
600,{},{dot: 6},{dot: 63},{},{},{dot: 3466},{dot: 437},{},{dot: 180},{dot: 9},{dot: 3071},{dot: 793},{dot: 3255},{dot: 263}
601,{},{dot: 6},{dot: 63},{},{},{dot: 3474},{dot: 433},{},{dot: 180},{dot: 9},{dot: 3079},{dot: 794},{dot: 3262},{dot: 263}
602,{},{dot: 6},{dot: 63},{},{},{dot: 3482},{dot: 430},{},{dot: 180},{dot: 9},{dot: 3087},{dot: 794},{dot: 3270},{dot: 263}
603,{},{dot: 6},{dot: 63},{},{},{dot: 3482},{dot: 425},{},{dot: 180},{dot: 9},{dot: 3095},{dot: 794},{dot: 3278},{dot: 263}
604,{},{dot: 6},{dot: 63},{},{},{dot: 3482},{dot: 421},{},{dot: 180},{dot: 9},{dot: 3103},{dot: 795},{dot: 3285},{dot: 263}
605,{},{dot: 6},{dot: 63},{},{},{dot: 3490},{dot: 417},{},{dot: 180},{dot: 9},{dot: 3102},{dot: 796},{dot: 3293},{dot: 263}
606,{},{dot: 6},{dot: 63},{},{},{dot: 3498},{dot: 414},{},{dot: 180},{dot: 9},{dot: 3110},{dot: 797},{dot: 3300},{dot: 263}
607,{},{dot: 6},{dot: 63},{},{},{dot: 3497},{dot: 410},{},{dot: 180},{dot: 9},{dot: 3109},{dot: 798},{dot: 3307},{dot: 263}
608,{},{dot: 6},{dot: 63},{},{},{dot: 3505},{dot: 405},{},{dot: 180},{dot: 9},{dot: 3117},{dot: 799},{dot: 3314},{dot: 263}
609,{},{dot: 6},{dot: 63},{},{},{dot: 3513},{dot: 401},{},{dot: 180},{dot: 9},{dot: 3125},{dot: 800},{dot: 3312},{dot: 263}
610,{},{dot: 6},{dot: 63},{},{},{dot: 3521},{dot: 397},{},{dot: 180},{dot: 9},{dot: 3125},{dot: 801},{dot: 3320},{dot: 263}
611,{},{dot: 6},{dot: 63},{},{},{dot: 3529},{dot: 394},{},{dot: 180},{dot: 9},{dot: 3125},{dot: 802},{dot: 3318},{dot: 263}
612,{},{dot: 6},{dot: 63},{},{},{dot: 3528},{dot: 391},{},{dot: 180},{dot: 9},{dot: 3125},{dot: 803},{dot: 3325},{dot: 263}
613,{},{dot: 6},{dot: 63},{},{},{dot: 3536},{dot: 388},{},{dot: 180},{dot: 9},{dot: 3133},{dot: 804},{dot: 3332},{dot: 263}
614,{},{dot: 6},{dot: 63},{},{},{dot: 3544},{dot: 384},{},{dot: 180},{dot: 9},{dot: 3142},{dot: 805},{dot: 3339},{dot: 263}
615,{},{dot: 6},{dot: 63},{},{},{dot: 3543},{dot: 380},{},{dot: 180},{dot: 9},{dot: 3150},{dot: 806},{dot: 3346},{dot: 263}
616,{},{dot: 6},{dot: 63},{},{},{dot: 3552},{dot: 375},{},{dot: 180},{dot: 9},{dot: 3150},{dot: 807},{dot: 3354},{dot: 263}
617,{},{dot: 6},{dot: 63},{},{},{dot: 3560},{dot: 371},{},{dot: 180},{dot: 9},{dot: 3149},{dot: 807},{dot: 3362},{dot: 263}
618,{},{dot: 6},{dot: 63},{},{},{dot: 3559},{dot: 366},{},{dot: 180},{dot: 9},{dot: 3157},{dot: 807},{dot: 3371},{dot: 263}
619,{},{dot: 6},{dot: 63},{},{},{dot: 3567},{dot: 361},{},{dot: 180},{dot: 9},{dot: 3156},{dot: 808},{dot: 3378},{dot: 263}
620,{},{dot: 6},{dot: 63},{},{},{dot: 3575},{dot: 356},{},{dot: 180},{dot: 9},{dot: 3165},{dot: 809},{dot: 3386},{dot: 263}
621,{},{dot: 6},{dot: 63},{},{},{dot: 3583},{dot: 352},{},{dot: 180},{dot: 9},{dot: 3173},{dot: 810},{dot: 3393},{dot: 263}
622,{},{dot: 6},{dot: 63},{},{},{dot: 3591},{dot: 348},{},{dot: 180},{dot: 9},{dot: 3173},{dot: 811},{dot: 3401},{dot: 263}
623,{},{dot: 6},{dot: 63},{},{},{dot: 3599},{dot: 346},{},{dot: 180},{dot: 9},{dot: 3181},{dot: 812},{dot: 3409},{dot: 263}
624,{},{dot: 6},{dot: 63},{},{},{dot: 3608},{dot: 342},{},{dot: 180},{dot: 9},{dot: 3180},{dot: 812},{dot: 3418},{dot: 263}
625,{},{dot: 6},{dot: 63},{},{},{dot: 3607},{dot: 338},{},{dot: 180},{dot: 9},{dot: 3179},{dot: 813},{dot: 3425},{dot: 263}
626,{},{dot: 6},{dot: 63},{},{},{dot: 3615},{dot: 335},{},{dot: 180},{dot: 9},{dot: 3187},{dot: 813},{dot: 3433},{dot: 263}
627,{},{dot: 6},{dot: 63},{},{},{dot: 3624},{dot: 331},{},{dot: 180},{dot: 9},{dot: 3196},{dot: 814},{dot: 3440},{dot: 263}
628,{},{dot: 6},{dot: 63},{},{},{dot: 3632},{dot: 328},{},{dot: 180},{dot: 9},{dot: 3204},{dot: 815},{dot: 3447},{dot: 263}
629,{},{dot: 6},{dot: 63},{},{},{dot: 3640},{dot: 326},{},{dot: 180},{dot: 9},{dot: 3213},{dot: 816},{dot: 3455},{dot: 263}
630,{},{dot: 6},{dot: 63},{},{},{dot: 3648},{dot: 322},{},{dot: 180},{dot: 9},{dot: 3212},{dot: 816},{dot: 3454},{dot: 263}
631,{},{dot: 6},{dot: 63},{},{},{dot: 3647},{dot: 318},{},{dot: 180},{dot: 9},{dot: 3220},{dot: 817},{dot: 3461},{dot: 263}
632,{},{dot: 6},{dot: 63},{},{},{dot: 3655},{dot: 315},{},{dot: 180},{dot: 9},{dot: 3219},{dot: 818},{dot: 3459},{dot: 263}
633,{},{dot: 6},{dot: 63},{},{},{dot: 3663},{dot: 312},{},{dot: 180},{dot: 9},{dot: 3227},{dot: 818},{dot: 3467},{dot: 263}
634,{},{dot: 6},{dot: 63},{},{},{dot: 3671},{dot: 309},{},{dot: 180},{dot: 9},{dot: 3235},{dot: 819},{dot: 3475},{dot: 263}
635,{},{dot: 6},{dot: 63},{},{},{dot: 3670},{dot: 304},{},{dot: 180},{dot: 9},{dot: 3243},{dot: 820},{dot: 3482},{dot: 263}
636,{},{dot: 6},{dot: 63},{},{},{dot: 3678},{dot: 300},{},{dot: 180},{dot: 9},{dot: 3251},{dot: 821},{dot: 3490},{dot: 263}
637,{},{dot: 6},{dot: 63},{},{},{dot: 3686},{dot: 295},{},{dot: 180},{dot: 9},{dot: 3250},{dot: 822},{dot: 3497},{dot: 263}
638,{},{dot: 6},{dot: 63},{},{},{dot: 3685},{dot: 290},{},{dot: 180},{dot: 9},{dot: 3258},{dot: 823},{dot: 3496},{dot: 263}
639,{},{dot: 6},{dot: 63},{},{},{dot: 3693},{dot: 286},{},{dot: 180},{dot: 9},{dot: 3266},{dot: 824},{dot: 3503},{dot: 263}
640,{},{dot: 6},{dot: 63},{},{},{dot: 3701},{dot: 283},{},{dot: 180},{dot: 9},{dot: 3274},{dot: 824},{dot: 3512},{dot: 263}
641,{},{dot: 6},{dot: 63},{},{},{dot: 3709},{dot: 279},{},{dot: 180},{dot: 9},{dot: 3274},{dot: 825},{dot: 3519},{dot: 263}
642,{},{dot: 6},{dot: 63},{},{},{dot: 3717},{dot: 276},{},{dot: 180},{dot: 9},{dot: 3283},{dot: 826},{dot: 3517},{dot: 263}
643,{},{dot: 6},{dot: 63},{},{},{dot: 3726},{dot: 271},{},{dot: 180},{dot: 9},{dot: 3283},{dot: 826},{dot: 3526},{dot: 263}
644,{},{dot: 6},{dot: 63},{},{},{dot: 3734},{dot: 269},{},{dot: 180},{dot: 9},{dot: 3291},{dot: 827},{dot: 3534},{dot: 263}
645,{},{dot: 6},{dot: 63},{},{},{dot: 3743},{dot: 265},{},{dot: 180},{dot: 9},{dot: 3290},{dot: 827},{dot: 3543},{dot: 263}
646,{},{dot: 6},{dot: 63},{},{},{dot: 3751},{dot: 260},{},{dot: 180},{dot: 9},{dot: 3298},{dot: 828},{dot: 3551},{dot: 263}
647,{},{dot: 6},{dot: 63},{},{},{dot: 3760},{dot: 256},{},{dot: 180},{dot: 9},{dot: 3306},{dot: 828},{dot: 3559},{dot: 263}
648,{},{dot: 6},{dot: 63},{},{},{dot: 3768},{dot: 251},{},{dot: 180},{dot: 9},{dot: 3314},{dot: 829},{dot: 3567},{dot: 263}
649,{},{dot: 6},{dot: 63},{},{},{dot: 3776},{dot: 247},{},{dot: 180},{dot: 9},{dot: 3322},{dot: 829},{dot: 3575},{dot: 263}
650,{},{dot: 6},{dot: 63},{},{},{dot: 3784},{dot: 243},{},{dot: 180},{dot: 9},{dot: 3331},{dot: 830},{dot: 3582},{dot: 263}
651,{},{dot: 6},{dot: 63},{},{},{dot: 3792},{dot: 240},{},{dot: 180},{dot: 9},{dot: 3330},{dot: 831},{dot: 3589},{dot: 263}
652,{},{dot: 6},{dot: 63},{},{},{dot: 3792},{dot: 237},{},{dot: 180},{dot: 9},{dot: 3338},{dot: 832},{dot: 3596},{dot: 263}
653,{},{dot: 6},{dot: 63},{},{},{dot: 3800},{dot: 234},{},{dot: 180},{dot: 9},{dot: 3337},{dot: 832},{dot: 3605},{dot: 263}
654,{},{dot: 6},{dot: 63},{},{},{dot: 3809},{dot: 231},{},{dot: 180},{dot: 9},{dot: 3345},{dot: 833},{dot: 3603},{dot: 263}
655,{},{dot: 6},{dot: 63},{},{},{dot: 3817},{dot: 229},{},{dot: 180},{dot: 9},{dot: 3353},{dot: 834},{dot: 3610},{dot: 263}
656,{},{dot: 6},{dot: 63},{},{},{dot: 3817},{dot: 224},{},{dot: 180},{dot: 9},{dot: 3361},{dot: 835},{dot: 3609},{dot: 263}
657,{},{dot: 6},{dot: 63},{},{},{dot: 3825},{dot: 220},{},{dot: 180},{dot: 9},{dot: 3369},{dot: 835},{dot: 3618},{dot: 263}
658,{},{dot: 6},{dot: 63},{},{},{dot: 3833},{dot: 215},{},{dot: 180},{dot: 9},{dot: 3378},{dot: 835},{dot: 3617},{dot: 263}
659,{},{dot: 6},{dot: 63},{},{},{dot: 3841},{dot: 213},{},{dot: 180},{dot: 9},{dot: 3386},{dot: 836},{dot: 3625},{dot: 263}
660,{},{dot: 6},{dot: 63},{},{},{dot: 3849},{dot: 208},{},{dot: 180},{dot: 9},{dot: 3394},{dot: 837},{dot: 3632},{dot: 263}
661,{},{dot: 6},{dot: 63},{},{},{dot: 3848},{dot: 203},{},{dot: 180},{dot: 9},{dot: 3402},{dot: 838},{dot: 3639},{dot: 263}
662,{},{dot: 6},{dot: 63},{},{},{dot: 3857},{dot: 200},{},{dot: 180},{dot: 9},{dot: 3401},{dot: 838},{dot: 3647},{dot: 263}
663,{},{dot: 6},{dot: 63},{},{},{dot: 3866},{dot: 196},{},{dot: 180},{dot: 9},{dot: 3410},{dot: 839},{dot: 3654},{dot: 263}
664,{},{dot: 6},{dot: 63},{},{},{dot: 3874},{dot: 191},{},{dot: 180},{dot: 9},{dot: 3418},{dot: 840},{dot: 3661},{dot: 263}
665,{},{dot: 6},{dot: 63},{},{},{dot: 3873},{dot: 187},{},{dot: 180},{dot: 9},{dot: 3426},{dot: 840},{dot: 3669},{dot: 263}
666,{},{dot: 6},{dot: 63},{},{},{dot: 3881},{dot: 184},{},{dot: 180},{dot: 9},{dot: 3434},{dot: 840},{dot: 3668},{dot: 263}
667,{},{dot: 6},{dot: 63},{},{},{dot: 3880},{dot: 181},{},{dot: 180},{dot: 9},{dot: 3442},{dot: 841},{dot: 3675},{dot: 263}
668,{},{dot: 6},{dot: 63},{},{},{dot: 3889},{dot: 177},{},{dot: 180},{dot: 9},{dot: 3450},{dot: 841},{dot: 3683},{dot: 263}
669,{},{dot: 6},{dot: 63},{},{},{dot: 3897},{dot: 177},{},{dot: 180},{dot: 9},{dot: 3458},{dot: 841},{dot: 3692},{dot: 263}
670,{},{dot: 6},{dot: 63},{},{},{dot: 3896},{dot: 172},{},{dot: 180},{dot: 9},{dot: 3466},{dot: 842},{dot: 3690},{dot: 263}
671,{},{dot: 6},{dot: 63},{},{},{dot: 3904},{dot: 168},{},{dot: 180},{dot: 9},{dot: 3474},{dot: 843},{dot: 3698},{dot: 263}
672,{},{dot: 6},{dot: 63},{},{},{dot: 3913},{dot: 164},{},{dot: 180},{dot: 9},{dot: 3482},{dot: 844},{dot: 3706},{dot: 263}
673,{},{dot: 6},{dot: 63},{},{},{dot: 3921},{dot: 161},{},{dot: 180},{dot: 9},{dot: 3490},{dot: 845},{dot: 3705},{dot: 263}
674,{},{dot: 6},{dot: 63},{},{},{dot: 3920},{dot: 157},{},{dot: 180},{dot: 9},{dot: 3490},{dot: 846},{dot: 3703},{dot: 263}
675,{},{dot: 6},{dot: 63},{},{},{dot: 3928},{dot: 153},{},{dot: 180},{dot: 9},{dot: 3498},{dot: 847},{dot: 3710},{dot: 263}
676,{},{dot: 6},{dot: 63},{},{},{dot: 3936},{dot: 149},{},{dot: 180},{dot: 9},{dot: 3507},{dot: 847},{dot: 3709},{dot: 263}
677,{},{dot: 6},{dot: 63},{},{},{dot: 3944},{dot: 146},{},{dot: 180},{dot: 9},{dot: 3515},{dot: 847},{dot: 3717},{dot: 263}
678,{},{dot: 6},{dot: 63},{},{},{dot: 3952},{dot: 143},{},{dot: 180},{dot: 9},{dot: 3523},{dot: 848},{dot: 3724},{dot: 263}
679,{},{dot: 6},{dot: 63},{},{},{dot: 3960},{dot: 139},{},{dot: 180},{dot: 9},{dot: 3531},{dot: 848},{dot: 3732},{dot: 263}
680,{},{dot: 6},{dot: 63},{},{},{dot: 3969},{dot: 136},{},{dot: 180},{dot: 9},{dot: 3530},{dot: 848},{dot: 3740},{dot: 263}
681,{},{dot: 6},{dot: 63},{},{},{dot: 3978},{dot: 133},{},{dot: 180},{dot: 9},{dot: 3539},{dot: 849},{dot: 3747},{dot: 263}
682,{},{dot: 6},{dot: 63},{},{},{dot: 3987},{dot: 129},{},{dot: 180},{dot: 9},{dot: 3548},{dot: 850},{dot: 3754},{dot: 263}
683,{},{dot: 6},{dot: 63},{},{},{dot: 3986},{dot: 126},{},{dot: 180},{dot: 9},{dot: 3548},{dot: 851},{dot: 3753},{dot: 263}
684,{},{dot: 6},{dot: 63},{},{},{dot: 3985},{dot: 123},{},{dot: 180},{dot: 9},{dot: 3556},{dot: 852},{dot: 3760},{dot: 263}
685,{},{dot: 6},{dot: 63},{},{},{dot: 3984},{dot: 121},{},{dot: 180},{dot: 9},{dot: 3564},{dot: 853},{dot: 3758},{dot: 263}
686,{},{dot: 6},{dot: 63},{},{},{dot: 3983},{dot: 118},{},{dot: 180},{dot: 9},{dot: 3572},{dot: 854},{dot: 3766},{dot: 263}
687,{},{dot: 6},{dot: 63},{},{},{dot: 3992},{dot: 114},{},{dot: 180},{dot: 9},{dot: 3580},{dot: 855},{dot: 3773},{dot: 263}
688,{},{dot: 6},{dot: 63},{},{},{dot: 4000},{dot: 109},{},{dot: 180},{dot: 9},{dot: 3580},{dot: 856},{dot: 3771},{dot: 263}
689,{},{dot: 6},{dot: 63},{},{},{dot: 4009},{dot: 106},{},{dot: 180},{dot: 9},{dot: 3588},{dot: 856},{dot: 3779},{dot: 263}
690,{},{dot: 6},{dot: 63},{},{},{dot: 4017},{dot: 103},{},{dot: 180},{dot: 9},{dot: 3596},{dot: 857},{dot: 3786},{dot: 263}
691,{},{dot: 6},{dot: 63},{},{},{dot: 4025},{dot: 98},{},{dot: 180},{dot: 9},{dot: 3604},{dot: 858},{dot: 3793},{dot: 263}
692,{},{dot: 6},{dot: 63},{},{},{dot: 4034},{dot: 94},{},{dot: 180},{dot: 9},{dot: 3612},{dot: 859},{dot: 3800},{dot: 263}
693,{},{dot: 6},{dot: 63},{},{},{dot: 4043},{dot: 91},{},{dot: 180},{dot: 9},{dot: 3620},{dot: 860},{dot: 3807},{dot: 263}
694,{},{dot: 6},{dot: 63},{},{},{dot: 4043},{dot: 88},{},{dot: 180},{dot: 9},{dot: 3628},{dot: 861},{dot: 3814},{dot: 263}
695,{},{dot: 6},{dot: 63},{},{},{dot: 4051},{dot: 85},{},{dot: 180},{dot: 9},{dot: 3636},{dot: 862},{dot: 3813},{dot: 263}
696,{},{dot: 6},{dot: 63},{},{},{dot: 4060},{dot: 80},{},{dot: 180},{dot: 9},{dot: 3644},{dot: 863},{dot: 3821},{dot: 263}
697,{},{dot: 6},{dot: 63},{},{},{dot: 4068},{dot: 76},{},{dot: 180},{dot: 9},{dot: 3643},{dot: 864},{dot: 3819},{dot: 263}
698,{},{dot: 6},{dot: 63},{},{},{dot: 4076},{dot: 71},{},{dot: 180},{dot: 9},{dot: 3643},{dot: 864},{dot: 3819},{dot: 263}
699,{},{dot: 6},{dot: 63},{},{},{dot: 4075},{dot: 67},{},{dot: 180},{dot: 9},{dot: 3643},{dot: 865},{dot: 3826},{dot: 263}
700,{},{dot: 6},{dot: 63},{},{},{dot: 4084},{dot: 63},{},{dot: 180},{dot: 9},{dot: 3651},{dot: 865},{dot: 3834},{dot: 263}
701,{},{dot: 6},{dot: 63},{},{},{dot: 4092},{dot: 60},{},{dot: 180},{dot: 9},{dot: 3651},{dot: 866},{dot: 3833},{dot: 263}
702,{},{dot: 6},{dot: 63},{},{},{dot: 4101},{dot: 56},{},{dot: 180},{dot: 9},{dot: 3659},{dot: 867},{dot: 3840},{dot: 263}
703,{},{dot: 6},{dot: 63},{},{},{dot: 4101},{dot: 51},{},{dot: 180},{dot: 9},{dot: 3667},{dot: 867},{dot: 3848},{dot: 263}
704,{},{dot: 6},{dot: 63},{},{},{dot: 4109},{dot: 48},{},{dot: 180},{dot: 9},{dot: 3676},{dot: 868},{dot: 3855},{dot: 263}
705,{},{dot: 6},{dot: 63},{},{},{dot: 4118},{dot: 44},{},{dot: 180},{dot: 9},{dot: 3675},{dot: 869},{dot: 3853},{dot: 263}
706,{},{dot: 6},{dot: 63},{},{},{dot: 4126},{dot: 40},{},{dot: 180},{dot: 9},{dot: 3683},{dot: 870},{dot: 3852},{dot: 263}
707,{},{dot: 6},{dot: 63},{},{},{dot: 4135},{dot: 36},{},{dot: 180},{dot: 9},{dot: 3691},{dot: 871},{dot: 3859},{dot: 263}
708,{},{dot: 6},{dot: 63},{},{},{dot: 4134},{dot: 31},{},{dot: 180},{dot: 9},{dot: 3690},{dot: 872},{dot: 3866},{dot: 263}
709,{},{dot: 6},{dot: 63},{},{},{dot: 4143},{dot: 28},{},{dot: 180},{dot: 9},{dot: 3699},{dot: 873},{dot: 3865},{dot: 263}
710,{},{dot: 6},{dot: 63},{},{},{dot: 4151},{dot: 23},{},{dot: 180},{dot: 9},{dot: 3707},{dot: 873},{dot: 3873},{dot: 263}
711,{},{dot: 6},{dot: 63},{},{},{dot: 4160},{dot: 20},{},{dot: 180},{dot: 9},{dot: 3715},{dot: 874},{dot: 3872},{dot: 263}
712,{},{dot: 6},{dot: 63},{},{},{dot: 4169},{dot: 17},{},{dot: 180},{dot: 9},{dot: 3715},{dot: 875},{dot: 3879},{dot: 263}
713,{},{dot: 6},{dot: 63},{},{},{dot: 4178},{dot: 15},{},{dot: 180},{dot: 9},{dot: 3723},{dot: 875},{dot: 3887},{dot: 263}
714,{},{dot: 6},{dot: 63},{},{},{dot: 4187},{dot: 12},{},{dot: 180},{dot: 9},{dot: 3732},{dot: 876},{dot: 3894},{dot: 263}
715,{},{dot: 6},{dot: 63},{},{},{dot: 4186},{dot: 7},{},{dot: 180},{dot: 9},{dot: 3741},{dot: 877},{dot: 3893},{dot: 263}
716,{},{dot: 6},{dot: 63},{},{},{dot: 4194},{dot: 3},{},{dot: 180},{dot: 9},{dot: 3749},{dot: 877},{dot: 3901},{dot: 263}
717,{},{dot: 6},{dot: 63},{},{},{dot: 4193},{},{},{dot: 180},{dot: 9},{dot: 3749},{dot: 877},{dot: 3909},{dot: 263}
718,{},{dot: 6},{dot: 63},{},{},{dot: 4192},{},{},{dot: 180},{dot: 9},{dot: 3757},{dot: 878},{dot: 3917},{dot: 263}
719,{},{dot: 6},{dot: 63},{},{},{dot: 4200},{},{},{dot: 180},{dot: 9},{dot: 3766},{dot: 879},{dot: 3924},{dot: 263}
720,{},{dot: 6},{dot: 63},{},{},{dot: 4209},{},{},{dot: 180},{dot: 9},{dot: 3774},{dot: 880},{dot: 3931},{dot: 263}
721,{},{dot: 6},{dot: 63},{},{},{dot: 4208},{},{},{dot: 180},{dot: 9},{dot: 3783},{dot: 881},{dot: 3938},{dot: 263}
722,{},{dot: 6},{dot: 63},{},{},{dot: 4216},{},{},{dot: 180},{dot: 9},{dot: 3791},{dot: 881},{dot: 3946},{dot: 263}
723,{},{dot: 6},{dot: 63},{},{},{dot: 4224},{},{},{dot: 180},{dot: 9},{dot: 3790},{dot: 881},{dot: 3954},{dot: 263}
724,{},{dot: 6},{dot: 63},{},{},{dot: 4232},{},{},{dot: 180},{dot: 9},{dot: 3798},{dot: 881},{dot: 3962},{dot: 263}
725,{},{dot: 6},{dot: 63},{},{},{dot: 4240},{},{},{dot: 180},{dot: 9},{dot: 3806},{dot: 881},{dot: 3970},{dot: 263}
726,{},{dot: 6},{dot: 63},{},{},{dot: 4248},{},{},{dot: 180},{dot: 9},{dot: 3806},{dot: 882},{dot: 3977},{dot: 263}
727,{},{dot: 6},{dot: 63},{},{},{dot: 4256},{},{},{dot: 180},{dot: 9},{dot: 3814},{dot: 883},{dot: 3975},{dot: 263}
728,{},{dot: 6},{dot: 63},{},{},{dot: 4264},{},{},{dot: 180},{dot: 9},{dot: 3822},{dot: 884},{dot: 3982},{dot: 263}
729,{},{dot: 6},{dot: 63},{},{},{dot: 4273},{},{},{dot: 180},{dot: 9},{dot: 3821},{dot: 885},{dot: 3980},{dot: 263}
730,{},{dot: 6},{dot: 63},{},{},{dot: 4281},{},{},{dot: 180},{dot: 9},{dot: 3829},{dot: 885},{dot: 3989},{dot: 263}
731,{},{dot: 6},{dot: 63},{},{},{dot: 4281},{},{},{dot: 180},{dot: 9},{dot: 3837},{dot: 886},{dot: 3996},{dot: 263}
732,{},{dot: 6},{dot: 63},{},{},{dot: 4280},{},{},{dot: 180},{dot: 9},{dot: 3845},{dot: 887},{dot: 4003},{dot: 263}
733,{},{dot: 6},{dot: 63},{},{},{dot: 4289},{},{},{dot: 180},{dot: 9},{dot: 3853},{dot: 888},{dot: 4010},{dot: 263}
734,{},{dot: 6},{dot: 63},{},{},{dot: 4288},{},{},{dot: 180},{dot: 9},{dot: 3861},{dot: 889},{dot: 4009},{dot: 263}
735,{},{dot: 6},{dot: 63},{},{},{dot: 4296},{},{},{dot: 180},{dot: 9},{dot: 3870},{dot: 890},{dot: 4016},{dot: 263}
736,{},{dot: 6},{dot: 63},{},{},{dot: 4304},{},{},{dot: 180},{dot: 9},{dot: 3879},{dot: 891},{dot: 4023},{dot: 263}
737,{},{dot: 6},{dot: 63},{},{},{dot: 4303},{},{},{dot: 180},{dot: 9},{dot: 3878},{dot: 892},{dot: 4030},{dot: 263}
738,{},{dot: 6},{dot: 63},{},{},{dot: 4312},{},{},{dot: 180},{dot: 9},{dot: 3886},{dot: 892},{dot: 4038},{dot: 263}
739,{},{dot: 6},{dot: 63},{},{},{dot: 4320},{},{},{dot: 180},{dot: 9},{dot: 3894},{dot: 893},{dot: 4036},{dot: 263}
740,{},{dot: 6},{dot: 63},{},{},{dot: 4328},{},{},{dot: 180},{dot: 9},{dot: 3893},{dot: 894},{dot: 4043},{dot: 263}
741,{},{dot: 6},{dot: 63},{},{},{dot: 4336},{},{},{dot: 180},{dot: 9},{dot: 3901},{dot: 895},{dot: 4050},{dot: 263}
742,{},{dot: 6},{dot: 63},{},{},{dot: 4344},{},{},{dot: 180},{dot: 9},{dot: 3900},{dot: 895},{dot: 4058},{dot: 263}
743,{},{dot: 6},{dot: 63},{},{},{dot: 4343},{},{},{dot: 180},{dot: 9},{dot: 3899},{dot: 896},{dot: 4065},{dot: 263}
744,{},{dot: 6},{dot: 63},{},{},{dot: 4351},{},{},{dot: 180},{dot: 9},{dot: 3908},{dot: 897},{dot: 4072},{dot: 263}
745,{},{dot: 6},{dot: 63},{},{},{dot: 4359},{},{},{dot: 180},{dot: 9},{dot: 3917},{dot: 898},{dot: 4079},{dot: 263}
746,{},{dot: 6},{dot: 63},{},{},{dot: 4368},{},{},{dot: 180},{dot: 9},{dot: 3925},{dot: 899},{dot: 4078},{dot: 263}
747,{},{dot: 6},{dot: 63},{},{},{dot: 4376},{},{},{dot: 180},{dot: 9},{dot: 3933},{dot: 900},{dot: 4085},{dot: 263}
748,{},{dot: 6},{dot: 63},{},{},{dot: 4376},{},{},{dot: 180},{dot: 9},{dot: 3941},{dot: 901},{dot: 4092},{dot: 263}
749,{},{dot: 6},{dot: 63},{},{},{dot: 4384},{},{},{dot: 180},{dot: 9},{dot: 3949},{dot: 902},{dot: 4099},{dot: 263}
750,{},{dot: 6},{dot: 63},{},{},{dot: 4393},{},{},{dot: 180},{dot: 9},{dot: 3958},{dot: 902},{dot: 4099},{dot: 263}
751,{},{dot: 6},{dot: 63},{},{},{dot: 4401},{},{},{dot: 180},{dot: 9},{dot: 3966},{dot: 903},{dot: 4098},{dot: 263}
752,{},{dot: 6},{dot: 63},{},{},{dot: 4400},{},{},{dot: 180},{dot: 9},{dot: 3965},{dot: 904},{dot: 4105},{dot: 263}
753,{},{dot: 6},{dot: 63},{},{},{dot: 4409},{},{},{dot: 180},{dot: 9},{dot: 3973},{dot: 905},{dot: 4112},{dot: 263}
754,{},{dot: 6},{dot: 63},{},{},{dot: 4417},{},{},{dot: 180},{dot: 9},{dot: 3981},{dot: 906},{dot: 4120},{dot: 263}
755,{},{dot: 6},{dot: 63},{},{},{dot: 4425},{},{},{dot: 180},{dot: 9},{dot: 3980},{dot: 907},{dot: 4127},{dot: 263}
756,{},{dot: 6},{dot: 63},{},{},{dot: 4425},{},{},{dot: 180},{dot: 9},{dot: 3979},{dot: 907},{dot: 4135},{dot: 263}
757,{},{dot: 6},{dot: 63},{},{},{dot: 4433},{},{},{dot: 180},{dot: 9},{dot: 3987},{dot: 908},{dot: 4134},{dot: 263}
758,{},{dot: 6},{dot: 63},{},{},{dot: 4442},{},{},{dot: 180},{dot: 9},{dot: 3995},{dot: 909},{dot: 4141},{dot: 263}
759,{},{dot: 6},{dot: 63},{},{},{dot: 4450},{},{},{dot: 180},{dot: 9},{dot: 4003},{dot: 910},{dot: 4149},{dot: 263}
760,{},{dot: 6},{dot: 63},{},{},{dot: 4458},{},{},{dot: 180},{dot: 9},{dot: 4011},{dot: 911},{dot: 4148},{dot: 263}
761,{},{dot: 6},{dot: 63},{},{},{dot: 4466},{},{},{dot: 180},{dot: 9},{dot: 4010},{dot: 911},{dot: 4147},{dot: 263}
762,{},{dot: 6},{dot: 63},{},{},{dot: 4474},{},{},{dot: 180},{dot: 9},{dot: 4018},{dot: 912},{dot: 4154},{dot: 263}
763,{},{dot: 6},{dot: 63},{},{},{dot: 4482},{},{},{dot: 180},{dot: 9},{dot: 4026},{dot: 913},{dot: 4161},{dot: 263}
764,{},{dot: 6},{dot: 63},{},{},{dot: 4490},{},{},{dot: 180},{dot: 9},{dot: 4025},{dot: 914},{dot: 4168},{dot: 263}
765,{},{dot: 6},{dot: 63},{},{},{dot: 4498},{},{},{dot: 180},{dot: 9},{dot: 4024},{dot: 915},{dot: 4166},{dot: 263}
766,{},{dot: 6},{dot: 63},{},{},{dot: 4506},{},{},{dot: 180},{dot: 9},{dot: 4032},{dot: 916},{dot: 4173},{dot: 263}
767,{},{dot: 6},{dot: 63},{},{},{dot: 4515},{},{},{dot: 180},{dot: 9},{dot: 4040},{dot: 917},{dot: 4181},{dot: 263}
768,{},{dot: 6},{dot: 63},{},{},{dot: 4515},{},{},{dot: 180},{dot: 9},{dot: 4048},{dot: 917},{dot: 4189},{dot: 263}
769,{},{dot: 6},{dot: 63},{},{},{dot: 4524},{},{},{dot: 180},{dot: 9},{dot: 4047},{dot: 918},{dot: 4196},{dot: 263}
770,{},{dot: 6},{dot: 63},{},{},{dot: 4523},{},{},{dot: 180},{dot: 9},{dot: 4046},{dot: 919},{dot: 4203},{dot: 263}
771,{},{dot: 6},{dot: 63},{},{},{dot: 4522},{},{},{dot: 180},{dot: 9},{dot: 4054},{dot: 920},{dot: 4210},{dot: 263}
772,{},{dot: 6},{dot: 63},{},{},{dot: 4530},{},{},{dot: 180},{dot: 9},{dot: 4062},{dot: 921},{dot: 4218},{dot: 263}
773,{},{dot: 6},{dot: 63},{},{},{dot: 4538},{},{},{dot: 180},{dot: 9},{dot: 4070},{dot: 921},{dot: 4226},{dot: 263}
774,{},{dot: 6},{dot: 63},{},{},{dot: 4547},{},{},{dot: 180},{dot: 9},{dot: 4079},{dot: 922},{dot: 4234},{dot: 263}
775,{},{dot: 6},{dot: 63},{},{},{dot: 4547},{},{},{dot: 180},{dot: 9},{dot: 4087},{dot: 922},{dot: 4242},{dot: 263}
776,{},{dot: 6},{dot: 63},{},{},{dot: 4556},{},{},{dot: 180},{dot: 9},{dot: 4095},{dot: 923},{dot: 4240},{dot: 263}
777,{},{dot: 6},{dot: 63},{},{},{dot: 4564},{},{},{dot: 180},{dot: 9},{dot: 4103},{dot: 924},{dot: 4239},{dot: 263}
778,{},{dot: 6},{dot: 63},{},{},{dot: 4572},{},{},{dot: 180},{dot: 9},{dot: 4111},{dot: 925},{dot: 4246},{dot: 263}
779,{},{dot: 6},{dot: 63},{},{},{dot: 4580},{},{},{dot: 180},{dot: 9},{dot: 4111},{dot: 925},{dot: 4255},{dot: 263}
780,{},{dot: 6},{dot: 63},{},{},{dot: 4589},{},{},{dot: 180},{dot: 9},{dot: 4110},{dot: 925},{dot: 4263},{dot: 263}
781,{},{dot: 6},{dot: 63},{},{},{dot: 4597},{},{},{dot: 180},{dot: 9},{dot: 4118},{dot: 925},{dot: 4271},{dot: 263}
782,{},{dot: 6},{dot: 63},{},{},{dot: 4597},{},{},{dot: 180},{dot: 9},{dot: 4126},{dot: 925},{dot: 4279},{dot: 263}
783,{},{dot: 6},{dot: 63},{},{},{dot: 4606},{},{},{dot: 180},{dot: 9},{dot: 4134},{dot: 925},{dot: 4287},{dot: 263}
784,{},{dot: 6},{dot: 63},{},{},{dot: 4614},{},{},{dot: 180},{dot: 9},{dot: 4142},{dot: 926},{dot: 4294},{dot: 263}
785,{},{dot: 6},{dot: 63},{},{},{dot: 4613},{},{},{dot: 180},{dot: 9},{dot: 4150},{dot: 927},{dot: 4301},{dot: 263}
786,{},{dot: 6},{dot: 63},{},{},{dot: 4621},{},{},{dot: 180},{dot: 9},{dot: 4149},{dot: 928},{dot: 4309},{dot: 263}
787,{},{dot: 6},{dot: 63},{},{},{dot: 4629},{},{},{dot: 180},{dot: 9},{dot: 4148},{dot: 928},{dot: 4317},{dot: 263}
788,{},{dot: 6},{dot: 63},{},{},{dot: 4637},{},{},{dot: 180},{dot: 9},{dot: 4156},{dot: 929},{dot: 4325},{dot: 263}
789,{},{dot: 6},{dot: 63},{},{},{dot: 4646},{},{},{dot: 180},{dot: 9},{dot: 4164},{dot: 930},{dot: 4332},{dot: 263}
790,{},{dot: 6},{dot: 63},{},{},{dot: 4655},{},{},{dot: 180},{dot: 9},{dot: 4172},{dot: 931},{dot: 4339},{dot: 263}
791,{},{dot: 6},{dot: 63},{},{},{dot: 4664},{},{},{dot: 180},{dot: 9},{dot: 4171},{dot: 932},{dot: 4346},{dot: 263}
792,{},{dot: 6},{dot: 63},{},{},{dot: 4673},{},{},{dot: 180},{dot: 9},{dot: 4180},{dot: 933},{dot: 4354},{dot: 263}
793,{},{dot: 6},{dot: 63},{},{},{dot: 4682},{},{},{dot: 180},{dot: 9},{dot: 4189},{dot: 933},{dot: 4353},{dot: 263}
794,{},{dot: 6},{dot: 63},{},{},{dot: 4681},{},{},{dot: 180},{dot: 9},{dot: 4197},{dot: 934},{dot: 4360},{dot: 263}
795,{},{dot: 6},{dot: 63},{},{},{dot: 4689},{},{},{dot: 180},{dot: 9},{dot: 4205},{dot: 935},{dot: 4367},{dot: 263}
796,{},{dot: 6},{dot: 63},{},{},{dot: 4698},{},{},{dot: 180},{dot: 9},{dot: 4204},{dot: 936},{dot: 4374},{dot: 263}
797,{},{dot: 6},{dot: 63},{},{},{dot: 4706},{},{},{dot: 180},{dot: 9},{dot: 4213},{dot: 936},{dot: 4382},{dot: 263}
798,{},{dot: 6},{dot: 63},{},{},{dot: 4714},{},{},{dot: 180},{dot: 9},{dot: 4221},{dot: 937},{dot: 4389},{dot: 263}
799,{},{dot: 6},{dot: 63},{},{},{dot: 4722},{},{},{dot: 180},{dot: 9},{dot: 4220},{dot: 938},{dot: 4396},{dot: 263}
800,{},{dot: 6},{dot: 63},{},{},{dot: 4731},{},{},{dot: 180},{dot: 9},{dot: 4219},{dot: 939},{dot: 4403},{dot: 263}
801,{},{dot: 6},{dot: 63},{},{},{dot: 4739},{},{},{dot: 180},{dot: 9},{dot: 4227},{dot: 940},{dot: 4410},{dot: 263}
802,{},{dot: 6},{dot: 63},{},{},{dot: 4747},{},{},{dot: 180},{dot: 9},{dot: 4235},{dot: 941},{dot: 4417},{dot: 263}
803,{},{dot: 6},{dot: 63},{},{},{dot: 4756},{},{},{dot: 180},{dot: 9},{dot: 4243},{dot: 942},{dot: 4424},{dot: 263}
804,{},{dot: 6},{dot: 63},{},{},{dot: 4764},{},{},{dot: 180},{dot: 9},{dot: 4251},{dot: 943},{dot: 4431},{dot: 263}
805,{},{dot: 6},{dot: 63},{},{},{dot: 4772},{},{},{dot: 180},{dot: 9},{dot: 4259},{dot: 944},{dot: 4438},{dot: 263}
806,{},{dot: 6},{dot: 63},{},{},{dot: 4781},{},{},{dot: 180},{dot: 9},{dot: 4258},{dot: 945},{dot: 4445},{dot: 263}
807,{},{dot: 6},{dot: 63},{},{},{dot: 4789},{},{},{dot: 180},{dot: 9},{dot: 4266},{dot: 946},{dot: 4452},{dot: 263}
808,{},{dot: 6},{dot: 63},{},{},{dot: 4797},{},{},{dot: 180},{dot: 9},{dot: 4274},{dot: 947},{dot: 4459},{dot: 263}
809,{},{dot: 6},{dot: 63},{},{},{dot: 4805},{},{},{dot: 180},{dot: 9},{dot: 4273},{dot: 948},{dot: 4466},{dot: 263}
810,{},{dot: 6},{dot: 63},{},{},{dot: 4804},{},{},{dot: 180},{dot: 9},{dot: 4282},{dot: 949},{dot: 4473},{dot: 263}
811,{},{dot: 6},{dot: 63},{},{},{dot: 4812},{},{},{dot: 180},{dot: 9},{dot: 4290},{dot: 950},{dot: 4480},{dot: 263}
812,{},{dot: 6},{dot: 63},{},{},{dot: 4820},{},{},{dot: 180},{dot: 9},{dot: 4298},{dot: 950},{dot: 4488},{dot: 263}
813,{},{dot: 6},{dot: 63},{},{},{dot: 4828},{},{},{dot: 180},{dot: 9},{dot: 4298},{dot: 951},{dot: 4496},{dot: 263}
814,{},{dot: 6},{dot: 63},{},{},{dot: 4836},{},{},{dot: 180},{dot: 9},{dot: 4306},{dot: 952},{dot: 4494},{dot: 263}
815,{},{dot: 6},{dot: 63},{},{},{dot: 4844},{},{},{dot: 180},{dot: 9},{dot: 4314},{dot: 952},{dot: 4502},{dot: 263}
816,{},{dot: 6},{dot: 63},{},{},{dot: 4843},{},{},{dot: 180},{dot: 9},{dot: 4322},{dot: 953},{dot: 4510},{dot: 263}
817,{},{dot: 6},{dot: 63},{},{},{dot: 4852},{},{},{dot: 180},{dot: 9},{dot: 4330},{dot: 954},{dot: 4518},{dot: 263}
818,{},{dot: 6},{dot: 63},{},{},{dot: 4860},{},{},{dot: 180},{dot: 9},{dot: 4338},{dot: 955},{dot: 4525},{dot: 263}
819,{},{dot: 6},{dot: 63},{},{},{dot: 4869},{},{},{dot: 180},{dot: 9},{dot: 4346},{dot: 956},{dot: 4523},{dot: 263}
820,{},{dot: 6},{dot: 63},{},{},{dot: 4877},{},{},{dot: 180},{dot: 9},{dot: 4355},{dot: 957},{dot: 4521},{dot: 263}
821,{},{dot: 6},{dot: 63},{},{},{dot: 4885},{},{},{dot: 180},{dot: 9},{dot: 4363},{dot: 958},{dot: 4528},{dot: 263}
822,{},{dot: 6},{dot: 63},{},{},{dot: 4884},{},{},{dot: 180},{dot: 9},{dot: 4362},{dot: 959},{dot: 4536},{dot: 263}
823,{},{dot: 6},{dot: 63},{},{},{dot: 4883},{},{},{dot: 180},{dot: 9},{dot: 4370},{dot: 960},{dot: 4543},{dot: 263}
824,{},{dot: 6},{dot: 63},{},{},{dot: 4891},{},{},{dot: 180},{dot: 9},{dot: 4378},{dot: 961},{dot: 4550},{dot: 263}
825,{},{dot: 6},{dot: 63},{},{},{dot: 4899},{},{},{dot: 180},{dot: 9},{dot: 4386},{dot: 962},{dot: 4557},{dot: 263}
826,{},{dot: 6},{dot: 63},{},{},{dot: 4898},{},{},{dot: 180},{dot: 9},{dot: 4394},{dot: 963},{dot: 4564},{dot: 263}
827,{},{dot: 6},{dot: 63},{},{},{dot: 4907},{},{},{dot: 180},{dot: 9},{dot: 4393},{dot: 964},{dot: 4563},{dot: 263}
828,{},{dot: 6},{dot: 63},{},{},{dot: 4915},{},{},{dot: 180},{dot: 9},{dot: 4402},{dot: 964},{dot: 4562},{dot: 263}
829,{},{dot: 6},{dot: 63},{},{},{dot: 4915},{},{},{dot: 180},{dot: 9},{dot: 4410},{dot: 965},{dot: 4570},{dot: 263}
830,{},{dot: 6},{dot: 63},{},{},{dot: 4924},{},{},{dot: 180},{dot: 9},{dot: 4418},{dot: 965},{dot: 4578},{dot: 263}
831,{},{dot: 6},{dot: 63},{},{},{dot: 4932},{},{},{dot: 180},{dot: 9},{dot: 4426},{dot: 966},{dot: 4576},{dot: 263}
832,{},{dot: 6},{dot: 63},{},{},{dot: 4940},{},{},{dot: 180},{dot: 9},{dot: 4434},{dot: 967},{dot: 4583},{dot: 263}
833,{},{dot: 6},{dot: 63},{},{},{dot: 4948},{},{},{dot: 180},{dot: 9},{dot: 4443},{dot: 968},{dot: 4582},{dot: 263}
834,{},{dot: 6},{dot: 63},{},{},{dot: 4947},{},{},{dot: 180},{dot: 9},{dot: 4451},{dot: 968},{dot: 4591},{dot: 263}
835,{},{dot: 6},{dot: 63},{},{},{dot: 4955},{},{},{dot: 180},{dot: 9},{dot: 4450},{dot: 969},{dot: 4598},{dot: 263}
836,{},{dot: 6},{dot: 63},{},{},{dot: 4963},{},{},{dot: 180},{dot: 9},{dot: 4449},{dot: 970},{dot: 4596},{dot: 263}
837,{},{dot: 6},{dot: 63},{},{},{dot: 4962},{},{},{dot: 180},{dot: 9},{dot: 4449},{dot: 970},{dot: 4605},{dot: 263}
838,{},{dot: 6},{dot: 63},{},{},{dot: 4971},{},{},{dot: 180},{dot: 9},{dot: 4457},{dot: 970},{dot: 4613},{dot: 263}
839,{},{dot: 6},{dot: 63},{},{},{dot: 4979},{},{},{dot: 180},{dot: 9},{dot: 4465},{dot: 971},{dot: 4620},{dot: 263}
840,{},{dot: 6},{dot: 63},{},{},{dot: 4987},{},{},{dot: 180},{dot: 9},{dot: 4473},{dot: 972},{dot: 4627},{dot: 263}
841,{},{dot: 6},{dot: 63},{},{},{dot: 4996},{},{},{dot: 180},{dot: 9},{dot: 4482},{dot: 973},{dot: 4634},{dot: 263}
842,{},{dot: 6},{dot: 63},{},{},{dot: 5004},{},{},{dot: 180},{dot: 9},{dot: 4490},{dot: 974},{dot: 4633},{dot: 263}
843,{},{dot: 6},{dot: 63},{},{},{dot: 5004},{},{},{dot: 180},{dot: 9},{dot: 4498},{dot: 975},{dot: 4632},{dot: 263}
844,{},{dot: 6},{dot: 63},{},{},{dot: 5012},{},{},{dot: 180},{dot: 9},{dot: 4506},{dot: 976},{dot: 4639},{dot: 263}
845,{},{dot: 6},{dot: 63},{},{},{dot: 5020},{},{},{dot: 180},{dot: 9},{dot: 4505},{dot: 977},{dot: 4646},{dot: 263}
846,{},{dot: 6},{dot: 63},{},{},{dot: 5029},{},{},{dot: 180},{dot: 9},{dot: 4504},{dot: 977},{dot: 4654},{dot: 263}
847,{},{dot: 6},{dot: 63},{},{},{dot: 5037},{},{},{dot: 180},{dot: 9},{dot: 4504},{dot: 978},{dot: 4661},{dot: 263}
848,{},{dot: 6},{dot: 63},{},{},{dot: 5045},{},{},{dot: 180},{dot: 9},{dot: 4512},{dot: 978},{dot: 4669},{dot: 263}
849,{},{dot: 6},{dot: 63},{},{},{dot: 5053},{},{},{dot: 180},{dot: 9},{dot: 4511},{dot: 979},{dot: 4676},{dot: 263}
850,{},{dot: 6},{dot: 63},{},{},{dot: 5062},{},{},{dot: 180},{dot: 9},{dot: 4511},{dot: 979},{dot: 4684},{dot: 263}
851,{},{dot: 6},{dot: 63},{},{},{dot: 5070},{},{},{dot: 180},{dot: 9},{dot: 4519},{dot: 980},{dot: 4692},{dot: 263}
852,{},{dot: 6},{dot: 63},{},{},{dot: 5078},{},{},{dot: 180},{dot: 9},{dot: 4518},{dot: 981},{dot: 4699},{dot: 263}
853,{},{dot: 6},{dot: 63},{},{},{dot: 5086},{},{},{dot: 180},{dot: 9},{dot: 4527},{dot: 981},{dot: 4698},{dot: 263}
854,{},{dot: 6},{dot: 63},{},{},{dot: 5094},{},{},{dot: 180},{dot: 9},{dot: 4526},{dot: 981},{dot: 4706},{dot: 263}
855,{},{dot: 6},{dot: 63},{},{},{dot: 5103},{},{},{dot: 180},{dot: 9},{dot: 4535},{dot: 982},{dot: 4713},{dot: 263}
856,{},{dot: 6},{dot: 63},{},{},{dot: 5102},{},{},{dot: 180},{dot: 9},{dot: 4534},{dot: 982},{dot: 4722},{dot: 263}
857,{},{dot: 6},{dot: 63},{},{},{dot: 5110},{},{},{dot: 180},{dot: 9},{dot: 4542},{dot: 983},{dot: 4729},{dot: 263}
858,{},{dot: 6},{dot: 63},{},{},{dot: 5119},{},{},{dot: 180},{dot: 9},{dot: 4541},{dot: 984},{dot: 4736},{dot: 263}
859,{},{dot: 6},{dot: 63},{},{},{dot: 5127},{},{},{dot: 180},{dot: 9},{dot: 4549},{dot: 984},{dot: 4745},{dot: 263}
860,{},{dot: 6},{dot: 63},{},{},{dot: 5135},{},{},{dot: 180},{dot: 9},{dot: 4548},{dot: 984},{dot: 4753},{dot: 263}
861,{},{dot: 6},{dot: 63},{},{},{dot: 5143},{},{},{dot: 180},{dot: 9},{dot: 4547},{dot: 985},{dot: 4760},{dot: 263}
862,{},{dot: 6},{dot: 63},{},{},{dot: 5152},{},{},{dot: 180},{dot: 9},{dot: 4555},{dot: 986},{dot: 4768},{dot: 263}
863,{},{dot: 6},{dot: 63},{},{},{dot: 5161},{},{},{dot: 180},{dot: 9},{dot: 4554},{dot: 987},{dot: 4775},{dot: 263}
864,{},{dot: 6},{dot: 63},{},{},{dot: 5169},{},{},{dot: 180},{dot: 9},{dot: 4562},{dot: 988},{dot: 4782},{dot: 263}
865,{},{dot: 6},{dot: 63},{},{},{dot: 5177},{},{},{dot: 180},{dot: 9},{dot: 4562},{dot: 988},{dot: 4790},{dot: 263}
866,{},{dot: 6},{dot: 63},{},{},{dot: 5185},{},{},{dot: 180},{dot: 9},{dot: 4570},{dot: 989},{dot: 4788},{dot: 263}
867,{},{dot: 6},{dot: 63},{},{},{dot: 5185},{},{},{dot: 180},{dot: 9},{dot: 4570},{dot: 990},{dot: 4786},{dot: 263}
868,{},{dot: 6},{dot: 63},{},{},{dot: 5193},{},{},{dot: 180},{dot: 9},{dot: 4578},{dot: 991},{dot: 4793},{dot: 263}
869,{},{dot: 6},{dot: 63},{},{},{dot: 5201},{},{},{dot: 180},{dot: 9},{dot: 4586},{dot: 992},{dot: 4792},{dot: 263}
870,{},{dot: 6},{dot: 63},{},{},{dot: 5209},{},{},{dot: 180},{dot: 9},{dot: 4594},{dot: 992},{dot: 4800},{dot: 263}
871,{},{dot: 6},{dot: 63},{},{},{dot: 5217},{},{},{dot: 180},{dot: 9},{dot: 4602},{dot: 992},{dot: 4808},{dot: 263}
872,{},{dot: 6},{dot: 63},{},{},{dot: 5225},{},{},{dot: 180},{dot: 9},{dot: 4601},{dot: 993},{dot: 4816},{dot: 263}
873,{},{dot: 6},{dot: 63},{},{},{dot: 5234},{},{},{dot: 180},{dot: 9},{dot: 4609},{dot: 994},{dot: 4824},{dot: 263}
874,{},{dot: 6},{dot: 63},{},{},{dot: 5233},{},{},{dot: 180},{dot: 9},{dot: 4617},{dot: 995},{dot: 4831},{dot: 263}
875,{},{dot: 6},{dot: 63},{},{},{dot: 5241},{},{},{dot: 180},{dot: 9},{dot: 4617},{dot: 995},{dot: 4839},{dot: 263}
876,{},{dot: 6},{dot: 63},{},{},{dot: 5249},{},{},{dot: 180},{dot: 9},{dot: 4626},{dot: 995},{dot: 4847},{dot: 263}
877,{},{dot: 6},{dot: 63},{},{},{dot: 5257},{},{},{dot: 180},{dot: 9},{dot: 4625},{dot: 996},{dot: 4854},{dot: 263}
878,{},{dot: 6},{dot: 63},{},{},{dot: 5265},{},{},{dot: 180},{dot: 9},{dot: 4624},{dot: 997},{dot: 4852},{dot: 263}
879,{},{dot: 6},{dot: 63},{},{},{dot: 5274},{},{},{dot: 180},{dot: 9},{dot: 4633},{dot: 997},{dot: 4860},{dot: 263}
880,{},{dot: 6},{dot: 63},{},{},{dot: 5282},{},{},{dot: 180},{dot: 9},{dot: 4632},{dot: 997},{dot: 4868},{dot: 263}
881,{},{dot: 6},{dot: 63},{},{},{dot: 5290},{},{},{dot: 180},{dot: 9},{dot: 4632},{dot: 998},{dot: 4866},{dot: 263}
882,{},{dot: 6},{dot: 63},{},{},{dot: 5298},{},{},{dot: 180},{dot: 9},{dot: 4632},{dot: 999},{dot: 4873},{dot: 263}
883,{},{dot: 6},{dot: 63},{},{},{dot: 5297},{},{},{dot: 180},{dot: 9},{dot: 4640},{dot: 1000},{dot: 4880},{dot: 263}
884,{},{dot: 6},{dot: 63},{},{},{dot: 5306},{},{},{dot: 180},{dot: 9},{dot: 4649},{dot: 1001},{dot: 4878},{dot: 263}
885,{},{dot: 6},{dot: 63},{},{},{dot: 5314},{},{},{dot: 180},{dot: 9},{dot: 4648},{dot: 1002},{dot: 4885},{dot: 263}
886,{},{dot: 6},{dot: 63},{},{},{dot: 5322},{},{},{dot: 180},{dot: 9},{dot: 4656},{dot: 1003},{dot: 4892},{dot: 263}
887,{},{dot: 6},{dot: 63},{},{},{dot: 5321},{},{},{dot: 180},{dot: 9},{dot: 4655},{dot: 1004},{dot: 4890},{dot: 263}
888,{},{dot: 6},{dot: 63},{},{},{dot: 5329},{},{},{dot: 180},{dot: 9},{dot: 4663},{dot: 1005},{dot: 4897},{dot: 263}
889,{},{dot: 6},{dot: 63},{},{},{dot: 5329},{},{},{dot: 180},{dot: 9},{dot: 4672},{dot: 1005},{dot: 4905},{dot: 263}
890,{},{dot: 6},{dot: 63},{},{},{dot: 5337},{},{},{dot: 180},{dot: 9},{dot: 4681},{dot: 1006},{dot: 4912},{dot: 263}
891,{},{dot: 6},{dot: 63},{},{},{dot: 5345},{},{},{dot: 180},{dot: 9},{dot: 4690},{dot: 1007},{dot: 4910},{dot: 263}
892,{},{dot: 6},{dot: 63},{},{},{dot: 5353},{},{},{dot: 180},{dot: 9},{dot: 4698},{dot: 1008},{dot: 4917},{dot: 263}
893,{},{dot: 6},{dot: 63},{},{},{dot: 5361},{},{},{dot: 180},{dot: 9},{dot: 4707},{dot: 1009},{dot: 4924},{dot: 263}
894,{},{dot: 6},{dot: 63},{},{},{dot: 5369},{},{},{dot: 180},{dot: 9},{dot: 4706},{dot: 1009},{dot: 4932},{dot: 263}
895,{},{dot: 6},{dot: 63},{},{},{dot: 5368},{},{},{dot: 180},{dot: 9},{dot: 4714},{dot: 1010},{dot: 4939},{dot: 263}
896,{},{dot: 6},{dot: 63},{},{},{dot: 5376},{},{},{dot: 180},{dot: 9},{dot: 4713},{dot: 1011},{dot: 4947},{dot: 263}
897,{},{dot: 6},{dot: 63},{},{},{dot: 5384},{},{},{dot: 180},{dot: 9},{dot: 4722},{dot: 1012},{dot: 4954},{dot: 263}
898,{},{dot: 6},{dot: 63},{},{},{dot: 5392},{},{},{dot: 180},{dot: 9},{dot: 4730},{dot: 1012},{dot: 4963},{dot: 263}
899,{},{dot: 6},{dot: 63},{},{},{dot: 5400},{},{},{dot: 180},{dot: 9},{dot: 4738},{dot: 1012},{dot: 4972},{dot: 263}
900,{},{dot: 6},{dot: 63},{},{},{dot: 5409},{},{},{dot: 180},{dot: 9},{dot: 4746},{dot: 1013},{dot: 4979},{dot: 263}
901,{},{dot: 6},{dot: 63},{},{},{dot: 5418},{},{},{dot: 180},{dot: 9},{dot: 4754},{dot: 1013},{dot: 4987},{dot: 263}
902,{},{dot: 6},{dot: 63},{},{},{dot: 5426},{},{},{dot: 180},{dot: 9},{dot: 4763},{dot: 1014},{dot: 4995},{dot: 263}
903,{},{dot: 6},{dot: 63},{},{},{dot: 5434},{},{},{dot: 180},{dot: 9},{dot: 4771},{dot: 1015},{dot: 5002},{dot: 263}
904,{},{dot: 6},{dot: 63},{},{},{dot: 5442},{},{},{dot: 180},{dot: 9},{dot: 4779},{dot: 1016},{dot: 5009},{dot: 263}
905,{},{dot: 6},{dot: 63},{},{},{dot: 5451},{},{},{dot: 180},{dot: 9},{dot: 4787},{dot: 1017},{dot: 5016},{dot: 263}
906,{},{dot: 6},{dot: 63},{},{},{dot: 5460},{},{},{dot: 180},{dot: 9},{dot: 4795},{dot: 1018},{dot: 5023},{dot: 263}
907,{},{dot: 6},{dot: 63},{},{},{dot: 5460},{},{},{dot: 180},{dot: 9},{dot: 4804},{dot: 1019},{dot: 5030},{dot: 263}
908,{},{dot: 6},{dot: 63},{},{},{dot: 5468},{},{},{dot: 180},{dot: 9},{dot: 4812},{dot: 1019},{dot: 5039},{dot: 263}
909,{},{dot: 6},{dot: 63},{},{},{dot: 5476},{},{},{dot: 180},{dot: 9},{dot: 4821},{dot: 1020},{dot: 5046},{dot: 263}
910,{},{dot: 6},{dot: 63},{},{},{dot: 5484},{},{},{dot: 180},{dot: 9},{dot: 4820},{dot: 1021},{dot: 5053},{dot: 263}
911,{},{dot: 6},{dot: 63},{},{},{dot: 5483},{},{},{dot: 180},{dot: 9},{dot: 4828},{dot: 1022},{dot: 5060},{dot: 263}
912,{},{dot: 6},{dot: 63},{},{},{dot: 5491},{},{},{dot: 180},{dot: 9},{dot: 4827},{dot: 1022},{dot: 5059},{dot: 263}
913,{},{dot: 6},{dot: 63},{},{},{dot: 5490},{},{},{dot: 180},{dot: 9},{dot: 4835},{dot: 1023},{dot: 5057},{dot: 263}
914,{},{dot: 6},{dot: 63},{},{},{dot: 5499},{},{},{dot: 180},{dot: 9},{dot: 4834},{dot: 1024},{dot: 5055},{dot: 263}
915,{},{dot: 6},{dot: 63},{},{},{dot: 5507},{},{},{dot: 180},{dot: 9},{dot: 4833},{dot: 1025},{dot: 5054},{dot: 263}
916,{},{dot: 6},{dot: 63},{},{},{dot: 5507},{},{},{dot: 180},{dot: 9},{dot: 4842},{dot: 1025},{dot: 5062},{dot: 263}
917,{},{dot: 6},{dot: 63},{},{},{dot: 5515},{},{},{dot: 180},{dot: 9},{dot: 4842},{dot: 1026},{dot: 5060},{dot: 263}
918,{},{dot: 6},{dot: 63},{},{},{dot: 5523},{},{},{dot: 180},{dot: 9},{dot: 4850},{dot: 1027},{dot: 5067},{dot: 263}
919,{},{dot: 6},{dot: 63},{},{},{dot: 5522},{},{},{dot: 180},{dot: 9},{dot: 4858},{dot: 1028},{dot: 5066},{dot: 263}
920,{},{dot: 6},{dot: 63},{},{},{dot: 5531},{},{},{dot: 180},{dot: 9},{dot: 4866},{dot: 1029},{dot: 5074},{dot: 263}
921,{},{dot: 6},{dot: 63},{},{},{dot: 5540},{},{},{dot: 180},{dot: 9},{dot: 4874},{dot: 1030},{dot: 5081},{dot: 263}
922,{},{dot: 6},{dot: 63},{},{},{dot: 5548},{},{},{dot: 180},{dot: 9},{dot: 4882},{dot: 1031},{dot: 5088},{dot: 263}
923,{},{dot: 6},{dot: 63},{},{},{dot: 5556},{},{},{dot: 180},{dot: 9},{dot: 4890},{dot: 1032},{dot: 5096},{dot: 263}
924,{},{dot: 6},{dot: 63},{},{},{dot: 5555},{},{},{dot: 180},{dot: 9},{dot: 4889},{dot: 1033},{dot: 5104},{dot: 263}
925,{},{dot: 6},{dot: 63},{},{},{dot: 5563},{},{},{dot: 180},{dot: 9},{dot: 4897},{dot: 1034},{dot: 5111},{dot: 263}
926,{},{dot: 6},{dot: 63},{},{},{dot: 5571},{},{},{dot: 180},{dot: 9},{dot: 4906},{dot: 1034},{dot: 5119},{dot: 263}
927,{},{dot: 6},{dot: 63},{},{},{dot: 5579},{},{},{dot: 180},{dot: 9},{dot: 4915},{dot: 1034},{dot: 5127},{dot: 263}
928,{},{dot: 6},{dot: 63},{},{},{dot: 5587},{},{},{dot: 180},{dot: 9},{dot: 4923},{dot: 1035},{dot: 5134},{dot: 263}
929,{},{dot: 6},{dot: 63},{},{},{dot: 5596},{},{},{dot: 180},{dot: 9},{dot: 4931},{dot: 1036},{dot: 5132},{dot: 263}
930,{},{dot: 6},{dot: 63},{},{},{dot: 5604},{},{},{dot: 180},{dot: 9},{dot: 4931},{dot: 1037},{dot: 5139},{dot: 263}
931,{},{dot: 6},{dot: 63},{},{},{dot: 5612},{},{},{dot: 180},{dot: 9},{dot: 4931},{dot: 1038},{dot: 5146},{dot: 263}
932,{},{dot: 6},{dot: 63},{},{},{dot: 5620},{},{},{dot: 180},{dot: 9},{dot: 4930},{dot: 1039},{dot: 5153},{dot: 263}
933,{},{dot: 6},{dot: 63},{},{},{dot: 5628},{},{},{dot: 180},{dot: 9},{dot: 4938},{dot: 1040},{dot: 5160},{dot: 263}
934,{},{dot: 6},{dot: 63},{},{},{dot: 5636},{},{},{dot: 180},{dot: 9},{dot: 4946},{dot: 1041},{dot: 5167},{dot: 263}
935,{},{dot: 6},{dot: 63},{},{},{dot: 5645},{},{},{dot: 180},{dot: 9},{dot: 4954},{dot: 1042},{dot: 5174},{dot: 263}
936,{},{dot: 6},{dot: 63},{},{},{dot: 5645},{},{},{dot: 180},{dot: 9},{dot: 4954},{dot: 1042},{dot: 5182},{dot: 263}
937,{},{dot: 6},{dot: 63},{},{},{dot: 5653},{},{},{dot: 180},{dot: 9},{dot: 4962},{dot: 1042},{dot: 5190},{dot: 263}
938,{},{dot: 6},{dot: 63},{},{},{dot: 5661},{},{},{dot: 180},{dot: 9},{dot: 4961},{dot: 1043},{dot: 5197},{dot: 263}
939,{},{dot: 6},{dot: 63},{},{},{dot: 5669},{},{},{dot: 180},{dot: 9},{dot: 4969},{dot: 1044},{dot: 5195},{dot: 263}
940,{},{dot: 6},{dot: 63},{},{},{dot: 5677},{},{},{dot: 180},{dot: 9},{dot: 4977},{dot: 1045},{dot: 5202},{dot: 263}
941,{},{dot: 6},{dot: 63},{},{},{dot: 5685},{},{},{dot: 180},{dot: 9},{dot: 4985},{dot: 1046},{dot: 5209},{dot: 263}
942,{},{dot: 6},{dot: 63},{},{},{dot: 5693},{},{},{dot: 180},{dot: 9},{dot: 4984},{dot: 1047},{dot: 5216},{dot: 263}
943,{},{dot: 6},{dot: 63},{},{},{dot: 5701},{},{},{dot: 180},{dot: 9},{dot: 4992},{dot: 1048},{dot: 5215},{dot: 263}
944,{},{dot: 6},{dot: 63},{},{},{dot: 5710},{},{},{dot: 180},{dot: 9},{dot: 5001},{dot: 1049},{dot: 5223},{dot: 263}
945,{},{dot: 6},{dot: 63},{},{},{dot: 5719},{},{},{dot: 180},{dot: 9},{dot: 5010},{dot: 1050},{dot: 5230},{dot: 263}
946,{},{dot: 6},{dot: 63},{},{},{dot: 5727},{},{},{dot: 180},{dot: 9},{dot: 5018},{dot: 1051},{dot: 5237},{dot: 263}
947,{},{dot: 6},{dot: 63},{},{},{dot: 5726},{},{},{dot: 180},{dot: 9},{dot: 5017},{dot: 1052},{dot: 5235},{dot: 263}
948,{},{dot: 6},{dot: 63},{},{},{dot: 5725},{},{},{dot: 180},{dot: 9},{dot: 5016},{dot: 1052},{dot: 5243},{dot: 263}
949,{},{dot: 6},{dot: 63},{},{},{dot: 5733},{},{},{dot: 180},{dot: 9},{dot: 5024},{dot: 1053},{dot: 5251},{dot: 263}
950,{},{dot: 6},{dot: 63},{},{},{dot: 5732},{},{},{dot: 180},{dot: 9},{dot: 5032},{dot: 1054},{dot: 5258},{dot: 263}
951,{},{dot: 6},{dot: 63},{},{},{dot: 5740},{},{},{dot: 180},{dot: 9},{dot: 5032},{dot: 1055},{dot: 5265},{dot: 263}
952,{},{dot: 6},{dot: 63},{},{},{dot: 5748},{},{},{dot: 180},{dot: 9},{dot: 5040},{dot: 1056},{dot: 5272},{dot: 263}
953,{},{dot: 6},{dot: 63},{},{},{dot: 5756},{},{},{dot: 180},{dot: 9},{dot: 5048},{dot: 1056},{dot: 5280},{dot: 263}
954,{},{dot: 6},{dot: 63},{},{},{dot: 5764},{},{},{dot: 180},{dot: 9},{dot: 5056},{dot: 1056},{dot: 5289},{dot: 263}
955,{},{dot: 6},{dot: 63},{},{},{dot: 5772},{},{},{dot: 180},{dot: 9},{dot: 5064},{dot: 1056},{dot: 5297},{dot: 263}
956,{},{dot: 6},{dot: 63},{},{},{dot: 5780},{},{},{dot: 180},{dot: 9},{dot: 5063},{dot: 1056},{dot: 5306},{dot: 263}
957,{},{dot: 6},{dot: 63},{},{},{dot: 5780},{},{},{dot: 180},{dot: 9},{dot: 5072},{dot: 1057},{dot: 5313},{dot: 263}
958,{},{dot: 6},{dot: 63},{},{},{dot: 5788},{},{},{dot: 180},{dot: 9},{dot: 5080},{dot: 1058},{dot: 5320},{dot: 263}
959,{},{dot: 6},{dot: 63},{},{},{dot: 5796},{},{},{dot: 180},{dot: 9},{dot: 5089},{dot: 1059},{dot: 5327},{dot: 263}
960,{},{dot: 6},{dot: 63},{},{},{dot: 5804},{},{},{dot: 180},{dot: 9},{dot: 5098},{dot: 1060},{dot: 5325},{dot: 263}
961,{},{dot: 6},{dot: 63},{},{},{dot: 5803},{},{},{dot: 180},{dot: 9},{dot: 5106},{dot: 1060},{dot: 5333},{dot: 263}
962,{},{dot: 6},{dot: 63},{},{},{dot: 5802},{},{},{dot: 180},{dot: 9},{dot: 5114},{dot: 1061},{dot: 5340},{dot: 263}
963,{},{dot: 6},{dot: 63},{},{},{dot: 5810},{},{},{dot: 180},{dot: 9},{dot: 5123},{dot: 1062},{dot: 5347},{dot: 263}
964,{},{dot: 6},{dot: 63},{},{},{dot: 5818},{},{},{dot: 180},{dot: 9},{dot: 5132},{dot: 1063},{dot: 5345},{dot: 263}
965,{},{dot: 6},{dot: 63},{},{},{dot: 5827},{},{},{dot: 180},{dot: 9},{dot: 5140},{dot: 1063},{dot: 5353},{dot: 263}
966,{},{dot: 6},{dot: 63},{},{},{dot: 5835},{},{},{dot: 180},{dot: 9},{dot: 5148},{dot: 1064},{dot: 5360},{dot: 263}
967,{},{dot: 6},{dot: 63},{},{},{dot: 5843},{},{},{dot: 180},{dot: 9},{dot: 5147},{dot: 1065},{dot: 5367},{dot: 263}
968,{},{dot: 6},{dot: 63},{},{},{dot: 5851},{},{},{dot: 180},{dot: 9},{dot: 5155},{dot: 1065},{dot: 5366},{dot: 263}
969,{},{dot: 6},{dot: 63},{},{},{dot: 5860},{},{},{dot: 180},{dot: 9},{dot: 5163},{dot: 1066},{dot: 5373},{dot: 263}
970,{},{dot: 6},{dot: 63},{},{},{dot: 5868},{},{},{dot: 180},{dot: 9},{dot: 5171},{dot: 1067},{dot: 5380},{dot: 263}
971,{},{dot: 6},{dot: 63},{},{},{dot: 5876},{},{},{dot: 180},{dot: 9},{dot: 5180},{dot: 1067},{dot: 5388},{dot: 263}
972,{},{dot: 6},{dot: 63},{},{},{dot: 5884},{},{},{dot: 180},{dot: 9},{dot: 5179},{dot: 1068},{dot: 5395},{dot: 263}
973,{},{dot: 6},{dot: 63},{},{},{dot: 5892},{},{},{dot: 180},{dot: 9},{dot: 5187},{dot: 1069},{dot: 5393},{dot: 263}
974,{},{dot: 6},{dot: 63},{},{},{dot: 5891},{},{},{dot: 180},{dot: 9},{dot: 5195},{dot: 1070},{dot: 5391},{dot: 263}
975,{},{dot: 6},{dot: 63},{},{},{dot: 5899},{},{},{dot: 180},{dot: 9},{dot: 5203},{dot: 1071},{dot: 5389},{dot: 263}
976,{},{dot: 6},{dot: 63},{},{},{dot: 5907},{},{},{dot: 180},{dot: 9},{dot: 5203},{dot: 1072},{dot: 5396},{dot: 263}
977,{},{dot: 6},{dot: 63},{},{},{dot: 5915},{},{},{dot: 180},{dot: 9},{dot: 5211},{dot: 1073},{dot: 5403},{dot: 263}
978,{},{dot: 6},{dot: 63},{},{},{dot: 5924},{},{},{dot: 180},{dot: 9},{dot: 5219},{dot: 1074},{dot: 5402},{dot: 263}
979,{},{dot: 6},{dot: 63},{},{},{dot: 5933},{},{},{dot: 180},{dot: 9},{dot: 5227},{dot: 1075},{dot: 5409},{dot: 263}
980,{},{dot: 6},{dot: 63},{},{},{dot: 5941},{},{},{dot: 180},{dot: 9},{dot: 5226},{dot: 1075},{dot: 5417},{dot: 263}
981,{},{dot: 6},{dot: 63},{},{},{dot: 5949},{},{},{dot: 180},{dot: 9},{dot: 5225},{dot: 1076},{dot: 5425},{dot: 263}
982,{},{dot: 6},{dot: 63},{},{},{dot: 5957},{},{},{dot: 180},{dot: 9},{dot: 5233},{dot: 1076},{dot: 5433},{dot: 263}
983,{},{dot: 6},{dot: 63},{},{},{dot: 5956},{},{},{dot: 180},{dot: 9},{dot: 5232},{dot: 1077},{dot: 5440},{dot: 263}
984,{},{dot: 6},{dot: 63},{},{},{dot: 5955},{},{},{dot: 180},{dot: 9},{dot: 5241},{dot: 1077},{dot: 5448},{dot: 263}
985,{},{dot: 6},{dot: 63},{},{},{dot: 5963},{},{},{dot: 180},{dot: 9},{dot: 5249},{dot: 1078},{dot: 5447},{dot: 263}
986,{},{dot: 6},{dot: 63},{},{},{dot: 5962},{},{},{dot: 180},{dot: 9},{dot: 5257},{dot: 1079},{dot: 5454},{dot: 263}
987,{},{dot: 6},{dot: 63},{},{},{dot: 5970},{},{},{dot: 180},{dot: 9},{dot: 5265},{dot: 1080},{dot: 5461},{dot: 263}
988,{},{dot: 6},{dot: 63},{},{},{dot: 5978},{},{},{dot: 180},{dot: 9},{dot: 5273},{dot: 1081},{dot: 5469},{dot: 263}
989,{},{dot: 6},{dot: 63},{},{},{dot: 5986},{},{},{dot: 180},{dot: 9},{dot: 5281},{dot: 1082},{dot: 5477},{dot: 263}
990,{},{dot: 6},{dot: 63},{},{},{dot: 5994},{},{},{dot: 180},{dot: 9},{dot: 5289},{dot: 1082},{dot: 5486},{dot: 263}
991,{},{dot: 6},{dot: 63},{},{},{dot: 5993},{},{},{dot: 180},{dot: 9},{dot: 5298},{dot: 1083},{dot: 5494},{dot: 263}
992,{},{dot: 6},{dot: 63},{},{},{dot: 6002},{},{},{dot: 180},{dot: 9},{dot: 5297},{dot: 1084},{dot: 5492},{dot: 263}
993,{},{dot: 6},{dot: 63},{},{},{dot: 6010},{},{},{dot: 180},{dot: 9},{dot: 5305},{dot: 1085},{dot: 5490},{dot: 263}
994,{},{dot: 6},{dot: 63},{},{},{dot: 6018},{},{},{dot: 180},{dot: 9},{dot: 5313},{dot: 1085},{dot: 5498},{dot: 263}
995,{},{dot: 6},{dot: 63},{},{},{dot: 6017},{},{},{dot: 180},{dot: 9},{dot: 5313},{dot: 1086},{dot: 5505},{dot: 263}
996,{},{dot: 6},{dot: 63},{},{},{dot: 6017},{},{},{dot: 180},{dot: 9},{dot: 5322},{dot: 1087},{dot: 5512},{dot: 263}
997,{},{dot: 6},{dot: 63},{},{},{dot: 6026},{},{},{dot: 180},{dot: 9},{dot: 5330},{dot: 1088},{dot: 5520},{dot: 263}
998,{},{dot: 6},{dot: 63},{},{},{dot: 6026},{},{},{dot: 180},{dot: 9},{dot: 5329},{dot: 1089},{dot: 5527},{dot: 263}
999,{},{dot: 6},{dot: 63},{},{},{dot: 6034},{},{},{dot: 180},{dot: 9},{dot: 5328},{dot: 1090},{dot: 5525},{dot: 263}
1000,{},{dot: 6},{dot: 63},{},{},{dot: 6042},{},{},{dot: 180},{dot: 9},{dot: 5327},{dot: 1091},{dot: 5532},{dot: 263}
