,victim
0,"{PetriNet('hs_0_net'): 1, 'MP_molecule': 10, 'TH_molecule': 10, 'B_molecule': 10}"
1,"{PetriNet('hs_0_net'): 1, 'MP_molecule': 18, 'TH_molecule': 19, 'B_molecule': 19}"
2,"{PetriNet('hs_0_net'): 1, 'MP_molecule': 27, 'TH_molecule': 28, 'B_molecule': 28}"
3,"{PetriNet('hs_0_net'): 1, 'MP_molecule': 35, 'TH_molecule': 37, 'B_molecule': 36}"
4,"{PetriNet('hs_0_net'): 1, 'MP_molecule': 43, 'TH_molecule': 45, 'B_molecule': 45}"
5,"{PetriNet('hs_0_net'): 1, 'MP_molecule': 51, 'TH_molecule': 54, 'B_molecule': 53}"
6,"{PetriNet('hs_0_net'): 1, 'MP_molecule': 59, 'TH_molecule': 62, 'B_molecule': 61}"
7,"{PetriNet('hs_0_net'): 1, 'MP_molecule': 67, 'TH_molecule': 61, 'B_molecule': 69}"
8,"{PetriNet('hs_0_net'): 1, 'MP_molecule': 75, 'TH_molecule': 69, 'B_molecule': 68}"
9,"{PetriNet('hs_0_net'): 1, 'MP_molecule': 83, 'TH_molecule': 77, 'B_molecule': 67}"
10,"{PetriNet('hs_0_net'): 1, 'MP_molecule': 82, 'TH_molecule': 85, 'B_molecule': 75}"
11,"{PetriNet('hs_0_net'): 1, 'MP_molecule': 81, 'TH_molecule': 93, 'B_molecule': 83}"
12,"{PetriNet('hs_0_net'): 1, 'MP_molecule': 89, 'TH_molecule': 101, 'B_molecule': 92}"
13,"{PetriNet('hs_0_net'): 1, 'MP_molecule': 97, 'TH_molecule': 110, 'B_molecule': 101}"
14,"{PetriNet('hs_0_net'): 1, 'MP_molecule': 105, 'TH_molecule': 118, 'B_molecule': 109}"
15,"{PetriNet('hs_0_net'): 1, 'MP_molecule': 113, 'TH_molecule': 126, 'B_molecule': 117}"
16,"{PetriNet('hs_0_net'): 1, 'MP_molecule': 112, 'TH_molecule': 134, 'B_molecule': 116}"
17,"{PetriNet('hs_0_net'): 1, 'MP_molecule': 120, 'TH_molecule': 133, 'B_molecule': 124}"
18,"{PetriNet('hs_0_net'): 1, 'MP_molecule': 120, 'TH_molecule': 141, 'B_molecule': 133}"
19,"{PetriNet('hs_0_net'): 1, 'MP_molecule': 128, 'TH_molecule': 149, 'B_molecule': 141}"
20,"{PetriNet('hs_0_net'): 1, 'MP_molecule': 136, 'TH_molecule': 157, 'B_molecule': 149}"
21,"{PetriNet('hs_0_net'): 1, 'MP_molecule': 145, 'TH_molecule': 165, 'B_molecule': 157}"
22,"{PetriNet('hs_0_net'): 1, 'MP_molecule': 153, 'TH_molecule': 173, 'B_molecule': 166}"
23,"{PetriNet('hs_0_net'): 1, 'MP_molecule': 161, 'TH_molecule': 182, 'B_molecule': 174}"
24,"{PetriNet('hs_0_net'): 1, 'MP_molecule': 161, 'TH_molecule': 190, 'B_molecule': 182}"
25,"{PetriNet('hs_0_net'): 1, 'MP_molecule': 169, 'TH_molecule': 198, 'B_molecule': 190}"
26,"{PetriNet('hs_0_net'): 1, 'MP_molecule': 177, 'TH_molecule': 206, 'B_molecule': 199}"
27,"{PetriNet('hs_0_net'): 1, 'MP_molecule': 186, 'TH_molecule': 214, 'B_molecule': 207}"
28,"{PetriNet('hs_0_net'): 1, 'MP_molecule': 195, 'TH_molecule': 222, 'B_molecule': 216}"
29,"{PetriNet('hs_0_net'): 1, 'MP_molecule': 203, 'TH_molecule': 230, 'B_molecule': 224}"
30,"{PetriNet('hs_0_net'): 1, 'MP_molecule': 202, 'TH_molecule': 238, 'B_molecule': 233}"
31,"{PetriNet('hs_0_net'): 1, 'MP_molecule': 210, 'TH_molecule': 237, 'B_molecule': 242}"
32,"{PetriNet('hs_0_net'): 1, 'MP_molecule': 218, 'TH_molecule': 245, 'B_molecule': 241}"
33,"{PetriNet('hs_0_net'): 1, 'MP_molecule': 217, 'TH_molecule': 245, 'B_molecule': 250}"
34,"{PetriNet('hs_0_net'): 1, 'MP_molecule': 225, 'TH_molecule': 254, 'B_molecule': 258}"
35,"{PetriNet('hs_0_net'): 1, 'MP_molecule': 233, 'TH_molecule': 253, 'B_molecule': 267}"
36,"{PetriNet('hs_0_net'): 1, 'MP_molecule': 241, 'TH_molecule': 253, 'B_molecule': 275}"
37,"{PetriNet('hs_0_net'): 1, 'MP_molecule': 249, 'TH_molecule': 261, 'B_molecule': 284}"
38,"{PetriNet('hs_0_net'): 1, 'MP_molecule': 248, 'TH_molecule': 269, 'B_molecule': 292}"
39,"{PetriNet('hs_0_net'): 1, 'MP_molecule': 247, 'TH_molecule': 268, 'B_molecule': 292}"
40,"{PetriNet('hs_0_net'): 1, 'MP_molecule': 255, 'TH_molecule': 276, 'B_molecule': 300}"
41,"{PetriNet('hs_0_net'): 1, 'MP_molecule': 254, 'TH_molecule': 284, 'B_molecule': 299}"
42,"{PetriNet('hs_0_net'): 1, 'MP_molecule': 262, 'TH_molecule': 292, 'B_molecule': 308}"
43,"{PetriNet('hs_0_net'): 1, 'MP_molecule': 271, 'TH_molecule': 300, 'B_molecule': 316}"
44,"{PetriNet('hs_0_net'): 1, 'MP_molecule': 279, 'TH_molecule': 308, 'B_molecule': 324}"
45,"{PetriNet('hs_0_net'): 1, 'MP_molecule': 287, 'TH_molecule': 307, 'B_molecule': 332}"
46,"{PetriNet('hs_0_net'): 1, 'MP_molecule': 296, 'TH_molecule': 315, 'B_molecule': 331}"
47,"{PetriNet('hs_0_net'): 1, 'MP_molecule': 295, 'TH_molecule': 323, 'B_molecule': 339}"
48,"{PetriNet('hs_0_net'): 1, 'MP_molecule': 294, 'TH_molecule': 331, 'B_molecule': 347}"
49,"{PetriNet('hs_0_net'): 1, 'MP_molecule': 302, 'TH_molecule': 330, 'B_molecule': 356}"
50,"{PetriNet('hs_0_net'): 1, 'MP_molecule': 310, 'TH_molecule': 329, 'B_molecule': 364}"
51,"{PetriNet('hs_0_net'): 1, 'MP_molecule': 318, 'TH_molecule': 328, 'B_molecule': 372}"
52,"{PetriNet('hs_0_net'): 1, 'MP_molecule': 326, 'TH_molecule': 327, 'B_molecule': 371}"
53,"{PetriNet('hs_0_net'): 1, 'MP_molecule': 326, 'TH_molecule': 326, 'B_molecule': 379}"
54,"{PetriNet('hs_0_net'): 1, 'MP_molecule': 334, 'TH_molecule': 326, 'B_molecule': 387}"
55,"{PetriNet('hs_0_net'): 1, 'MP_molecule': 333, 'TH_molecule': 335, 'B_molecule': 395}"
56,"{PetriNet('hs_0_net'): 1, 'MP_molecule': 342, 'TH_molecule': 343, 'B_molecule': 403}"
57,"{PetriNet('hs_0_net'): 1, 'MP_molecule': 350, 'TH_molecule': 343, 'B_molecule': 411}"
58,"{PetriNet('hs_0_net'): 1, 'MP_molecule': 349, 'TH_molecule': 351, 'B_molecule': 411}"
59,"{PetriNet('hs_0_net'): 1, 'MP_molecule': 357, 'TH_molecule': 359, 'B_molecule': 419}"
60,"{PetriNet('hs_0_net'): 1, 'MP_molecule': 365, 'TH_molecule': 368, 'B_molecule': 427}"
61,"{PetriNet('hs_0_net'): 1, 'MP_molecule': 373, 'TH_molecule': 376, 'B_molecule': 436}"
62,"{PetriNet('hs_0_net'): 1, 'MP_molecule': 372, 'TH_molecule': 384, 'B_molecule': 444}"
63,"{PetriNet('hs_0_net'): 1, 'MP_molecule': 380, 'TH_molecule': 392, 'B_molecule': 452}"
64,"{PetriNet('hs_0_net'): 1, 'MP_molecule': 380, 'TH_molecule': 400, 'B_molecule': 460}"
65,"{PetriNet('hs_0_net'): 1, 'MP_molecule': 379, 'TH_molecule': 408, 'B_molecule': 460}"
66,"{PetriNet('hs_0_net'): 1, 'MP_molecule': 388, 'TH_molecule': 407, 'B_molecule': 459}"
67,"{PetriNet('hs_0_net'): 1, 'MP_molecule': 396, 'TH_molecule': 415, 'B_molecule': 468}"
68,"{PetriNet('hs_0_net'): 1, 'MP_molecule': 396, 'TH_molecule': 414, 'B_molecule': 476}"
69,"{PetriNet('hs_0_net'): 1, 'MP_molecule': 396, 'TH_molecule': 422, 'B_molecule': 485}"
70,"{PetriNet('hs_0_net'): 1, 'MP_molecule': 395, 'TH_molecule': 421, 'B_molecule': 493}"
71,"{PetriNet('hs_0_net'): 1, 'MP_molecule': 394, 'TH_molecule': 420, 'B_molecule': 492}"
72,"{PetriNet('hs_0_net'): 1, 'MP_molecule': 402, 'TH_molecule': 428, 'B_molecule': 500}"
73,"{PetriNet('hs_0_net'): 1, 'MP_molecule': 410, 'TH_molecule': 427, 'B_molecule': 499}"
74,"{PetriNet('hs_0_net'): 1, 'MP_molecule': 419, 'TH_molecule': 435, 'B_molecule': 507}"
75,"{PetriNet('hs_0_net'): 1, 'MP_molecule': 427, 'TH_molecule': 444, 'B_molecule': 515}"
76,"{PetriNet('hs_0_net'): 1, 'MP_molecule': 426, 'TH_molecule': 452, 'B_molecule': 524}"
77,"{PetriNet('hs_0_net'): 1, 'MP_molecule': 425, 'TH_molecule': 460, 'B_molecule': 532}"
78,"{PetriNet('hs_0_net'): 1, 'MP_molecule': 433, 'TH_molecule': 468, 'B_molecule': 531}"
79,"{PetriNet('hs_0_net'): 1, 'MP_molecule': 442, 'TH_molecule': 477, 'B_molecule': 530}"
80,"{PetriNet('hs_0_net'): 1, 'MP_molecule': 451, 'TH_molecule': 486, 'B_molecule': 538}"
81,"{PetriNet('hs_0_net'): 1, 'MP_molecule': 459, 'TH_molecule': 495, 'B_molecule': 546}"
82,"{PetriNet('hs_0_net'): 1, 'MP_molecule': 458, 'TH_molecule': 503, 'B_molecule': 545}"
83,"{PetriNet('hs_0_net'): 1, 'MP_molecule': 466, 'TH_molecule': 503, 'B_molecule': 554}"
84,"{PetriNet('hs_0_net'): 1, 'MP_molecule': 474, 'TH_molecule': 511, 'B_molecule': 562}"
85,"{PetriNet('hs_0_net'): 1, 'MP_molecule': 473, 'TH_molecule': 511, 'B_molecule': 570}"
86,"{PetriNet('hs_0_net'): 1, 'MP_molecule': 481, 'TH_molecule': 511, 'B_molecule': 578}"
87,"{PetriNet('hs_0_net'): 1, 'MP_molecule': 489, 'TH_molecule': 519, 'B_molecule': 586}"
88,"{PetriNet('hs_0_net'): 1, 'MP_molecule': 497, 'TH_molecule': 528, 'B_molecule': 594}"
89,"{PetriNet('hs_0_net'): 1, 'MP_molecule': 497, 'TH_molecule': 536, 'B_molecule': 602}"
90,"{PetriNet('hs_0_net'): 1, 'MP_molecule': 506, 'TH_molecule': 544, 'B_molecule': 610}"
91,"{PetriNet('hs_0_net'): 1, 'MP_molecule': 505, 'TH_molecule': 553, 'B_molecule': 618}"
92,"{PetriNet('hs_0_net'): 1, 'MP_molecule': 505, 'TH_molecule': 561, 'B_molecule': 626}"
93,"{PetriNet('hs_0_net'): 1, 'MP_molecule': 514, 'TH_molecule': 561, 'B_molecule': 634}"
94,"{PetriNet('hs_0_net'): 1, 'MP_molecule': 522, 'TH_molecule': 569, 'B_molecule': 633}"
95,"{PetriNet('hs_0_net'): 1, 'MP_molecule': 531, 'TH_molecule': 577, 'B_molecule': 641}"
96,"{PetriNet('hs_0_net'): 1, 'MP_molecule': 539, 'TH_molecule': 576, 'B_molecule': 649}"
97,"{PetriNet('hs_0_net'): 1, 'MP_molecule': 547, 'TH_molecule': 585, 'B_molecule': 657}"
98,"{PetriNet('hs_0_net'): 1, 'MP_molecule': 547, 'TH_molecule': 594, 'B_molecule': 665}"
99,"{PetriNet('hs_0_net'): 1, 'MP_molecule': 546, 'TH_molecule': 602, 'B_molecule': 664}"
100,"{PetriNet('hs_0_net'): 1, 'MP_molecule': 554, 'TH_molecule': 610, 'B_molecule': 672}"
101,"{PetriNet('hs_0_net'): 1, 'MP_molecule': 562, 'TH_molecule': 618, 'B_molecule': 680, 'ANTIGEN_molecule': 499, 'MP_ANTIGEN_molecule': 1}"
102,"{PetriNet('hs_0_net'): 1, 'MP_molecule': 560, 'TH_molecule': 626, 'B_molecule': 678, 'ANTIGEN_molecule': 497, 'MP_ANTIGEN_molecule': 2, 'B_ACTIVE_molecule': 5, 'IGM_molecule': 5}"
103,"{PetriNet('hs_0_net'): 1, 'MP_molecule': 558, 'TH_molecule': 634, 'B_molecule': 686, 'ANTIGEN_molecule': 496, 'MP_ANTIGEN_molecule': 3, 'B_ACTIVE_molecule': 5, 'IGM_molecule': 4}"
104,"{PetriNet('hs_0_net'): 1, 'MP_molecule': 557, 'TH_molecule': 643, 'B_molecule': 685, 'ANTIGEN_molecule': 494, 'MP_ANTIGEN_molecule': 3, 'B_ACTIVE_molecule': 9, 'IGM_molecule': 7, 'B_PRESENTING_molecule': 1}"
105,"{PetriNet('hs_0_net'): 1, 'MP_molecule': 555, 'TH_molecule': 652, 'B_molecule': 693, 'ANTIGEN_molecule': 487, 'MP_ANTIGEN_molecule': 4, 'B_ACTIVE_molecule': 14, 'IGM_molecule': 4, 'B_PRESENTING_molecule': 1, 'VOID_molecule': 1}"
106,"{PetriNet('hs_0_net'): 1, 'MP_molecule': 553, 'TH_molecule': 660, 'B_molecule': 700, 'ANTIGEN_molecule': 483, 'MP_ANTIGEN_molecule': 5, 'B_ACTIVE_molecule': 18, 'IGM_molecule': 7, 'B_PRESENTING_molecule': 2, 'VOID_molecule': 1}"
107,"{PetriNet('hs_0_net'): 1, 'MP_molecule': 560, 'TH_molecule': 668, 'B_molecule': 707, 'ANTIGEN_molecule': 475, 'MP_ANTIGEN_molecule': 6, 'B_ACTIVE_molecule': 22, 'IGM_molecule': 6, 'B_PRESENTING_molecule': 3, 'VOID_molecule': 2}"
108,"{PetriNet('hs_0_net'): 1, 'MP_molecule': 568, 'TH_molecule': 676, 'B_molecule': 714, 'ANTIGEN_molecule': 468, 'MP_ANTIGEN_molecule': 6, 'B_ACTIVE_molecule': 26, 'IGM_molecule': 5, 'B_PRESENTING_molecule': 4, 'VOID_molecule': 3}"
109,"{PetriNet('hs_0_net'): 1, 'MP_molecule': 568, 'TH_molecule': 675, 'B_molecule': 721, 'ANTIGEN_molecule': 467, 'MP_ANTIGEN_molecule': 6, 'B_ACTIVE_molecule': 30, 'IGM_molecule': 7, 'B_PRESENTING_molecule': 5, 'VOID_molecule': 3}"
110,"{PetriNet('hs_0_net'): 1, 'MP_molecule': 576, 'TH_molecule': 675, 'B_molecule': 730, 'ANTIGEN_molecule': 465, 'MP_ANTIGEN_molecule': 7, 'B_ACTIVE_molecule': 29, 'IGM_molecule': 4, 'B_PRESENTING_molecule': 6, 'VOID_molecule': 3}"
111,"{PetriNet('hs_0_net'): 1, 'MP_molecule': 584, 'TH_molecule': 674, 'B_molecule': 737, 'ANTIGEN_molecule': 462, 'MP_ANTIGEN_molecule': 8, 'B_ACTIVE_molecule': 33, 'IGM_molecule': 9, 'B_PRESENTING_molecule': 7, 'VOID_molecule': 3}"
112,"{PetriNet('hs_0_net'): 1, 'MP_molecule': 592, 'TH_molecule': 682, 'B_molecule': 745, 'ANTIGEN_molecule': 454, 'MP_ANTIGEN_molecule': 9, 'B_ACTIVE_molecule': 32, 'IGM_molecule': 1, 'B_PRESENTING_molecule': 8, 'VOID_molecule': 4}"
113,"{PetriNet('hs_0_net'): 1, 'MP_molecule': 600, 'TH_molecule': 691, 'B_molecule': 752, 'ANTIGEN_molecule': 453, 'MP_ANTIGEN_molecule': 9, 'B_ACTIVE_molecule': 37, 'B_PRESENTING_molecule': 8, 'VOID_molecule': 4, 'IGM_molecule': 4}"
114,"{PetriNet('hs_0_net'): 1, 'MP_molecule': 608, 'TH_molecule': 690, 'B_molecule': 751, 'ANTIGEN_molecule': 452, 'MP_ANTIGEN_molecule': 9, 'B_ACTIVE_molecule': 37, 'B_PRESENTING_molecule': 8, 'VOID_molecule': 4, 'IGM_molecule': 2}"
115,"{PetriNet('hs_0_net'): 1, 'MP_molecule': 615, 'TH_molecule': 698, 'B_molecule': 749, 'ANTIGEN_molecule': 449, 'MP_ANTIGEN_molecule': 10, 'B_ACTIVE_molecule': 41, 'B_PRESENTING_molecule': 9, 'VOID_molecule': 4, 'IGM_molecule': 4}"
116,"{PetriNet('hs_0_net'): 1, 'MP_molecule': 613, 'TH_molecule': 706, 'B_molecule': 757, 'ANTIGEN_molecule': 447, 'MP_ANTIGEN_molecule': 1, 'B_ACTIVE_molecule': 46, 'B_PRESENTING_molecule': 9, 'VOID_molecule': 4, 'IGM_molecule': 8, 'MP_ACTIVE_molecule': 10}"
117,"{PetriNet('hs_0_net'): 1, 'MP_molecule': 620, 'TH_molecule': 714, 'B_molecule': 756, 'ANTIGEN_molecule': 440, 'MP_ANTIGEN_molecule': 2, 'B_ACTIVE_molecule': 46, 'B_PRESENTING_molecule': 9, 'VOID_molecule': 5, 'MP_ACTIVE_molecule': 10, 'TH_ACTIVE_molecule': 1}"
118,"{PetriNet('hs_0_net'): 1, 'MP_molecule': 628, 'TH_molecule': 721, 'B_molecule': 763, 'ANTIGEN_molecule': 437, 'MP_ANTIGEN_molecule': 2, 'B_ACTIVE_molecule': 50, 'B_PRESENTING_molecule': 10, 'VOID_molecule': 5, 'MP_ACTIVE_molecule': 10, 'TH_ACTIVE_molecule': 2, 'IGM_molecule': 5}"
119,"{PetriNet('hs_0_net'): 1, 'MP_molecule': 635, 'TH_molecule': 720, 'B_molecule': 770, 'ANTIGEN_molecule': 431, 'MP_ANTIGEN_molecule': 3, 'B_ACTIVE_molecule': 55, 'B_PRESENTING_molecule': 10, 'VOID_molecule': 6, 'MP_ACTIVE_molecule': 10, 'TH_ACTIVE_molecule': 3, 'IGM_molecule': 5}"
120,"{PetriNet('hs_0_net'): 1, 'MP_molecule': 642, 'TH_molecule': 727, 'B_molecule': 769, 'ANTIGEN_molecule': 429, 'MP_ANTIGEN_molecule': 4, 'B_ACTIVE_molecule': 54, 'B_PRESENTING_molecule': 11, 'VOID_molecule': 6, 'MP_ACTIVE_molecule': 10, 'TH_ACTIVE_molecule': 4, 'IGM_molecule': 3}"
121,"{PetriNet('hs_0_net'): 1, 'MP_molecule': 650, 'TH_molecule': 734, 'B_molecule': 776, 'ANTIGEN_molecule': 428, 'MP_ANTIGEN_molecule': 4, 'B_ACTIVE_molecule': 58, 'B_PRESENTING_molecule': 9, 'VOID_molecule': 6, 'MP_ACTIVE_molecule': 10, 'TH_ACTIVE_molecule': 12, 'IGM_molecule': 6, 'B_MEMORY_molecule': 10, 'B_PLASMA_molecule': 10}"
122,"{PetriNet('hs_0_net'): 1, 'MP_molecule': 657, 'TH_molecule': 741, 'B_molecule': 784, 'ANTIGEN_molecule': 424, 'MP_ANTIGEN_molecule': 5, 'B_ACTIVE_molecule': 62, 'B_PRESENTING_molecule': 10, 'VOID_molecule': 6, 'MP_ACTIVE_molecule': 10, 'TH_ACTIVE_molecule': 13, 'IGM_molecule': 9, 'B_MEMORY_molecule': 10, 'B_PLASMA_molecule': 9}"
123,"{PetriNet('hs_0_net'): 1, 'MP_molecule': 656, 'TH_molecule': 748, 'B_molecule': 782, 'ANTIGEN_molecule': 417, 'MP_ANTIGEN_molecule': 5, 'B_ACTIVE_molecule': 66, 'B_PRESENTING_molecule': 8, 'VOID_molecule': 7, 'MP_ACTIVE_molecule': 10, 'TH_ACTIVE_molecule': 21, 'IGM_molecule': 6, 'B_MEMORY_molecule': 20, 'B_PLASMA_molecule': 19}"
124,"{PetriNet('hs_0_net'): 1, 'MP_molecule': 663, 'TH_molecule': 747, 'B_molecule': 789, 'ANTIGEN_molecule': 413, 'MP_ANTIGEN_molecule': 6, 'B_ACTIVE_molecule': 70, 'B_PRESENTING_molecule': 6, 'VOID_molecule': 7, 'MP_ACTIVE_molecule': 10, 'TH_ACTIVE_molecule': 29, 'IGM_molecule': 9, 'B_MEMORY_molecule': 30, 'B_PLASMA_molecule': 30}"
125,"{PetriNet('hs_0_net'): 1, 'MP_molecule': 670, 'TH_molecule': 746, 'B_molecule': 788, 'ANTIGEN_molecule': 405, 'MP_ANTIGEN_molecule': 7, 'B_ACTIVE_molecule': 75, 'B_PRESENTING_molecule': 3, 'VOID_molecule': 8, 'MP_ACTIVE_molecule': 10, 'TH_ACTIVE_molecule': 37, 'IGM_molecule': 6, 'B_MEMORY_molecule': 40, 'B_PLASMA_molecule': 48, 'IGG_molecule': 10}"
126,"{PetriNet('hs_0_net'): 1, 'MP_molecule': 677, 'TH_molecule': 745, 'B_molecule': 795, 'ANTIGEN_molecule': 396, 'MP_ANTIGEN_molecule': 8, 'B_ACTIVE_molecule': 79, 'VOID_molecule': 10, 'MP_ACTIVE_molecule': 10, 'TH_ACTIVE_molecule': 45, 'B_MEMORY_molecule': 50, 'B_PLASMA_molecule': 58, 'IGG_molecule': 6, 'IGM_molecule': 4, 'B_PRESENTING_molecule': 1}"
127,"{PetriNet('hs_0_net'): 1, 'MP_molecule': 684, 'TH_molecule': 744, 'B_molecule': 802, 'ANTIGEN_molecule': 391, 'MP_ANTIGEN_molecule': 9, 'B_ACTIVE_molecule': 84, 'VOID_molecule': 11, 'MP_ACTIVE_molecule': 10, 'TH_ACTIVE_molecule': 46, 'B_MEMORY_molecule': 50, 'B_PLASMA_molecule': 66, 'IGG_molecule': 10, 'IGM_molecule': 7, 'B_PRESENTING_molecule': 1}"
128,"{PetriNet('hs_0_net'): 1, 'MP_molecule': 691, 'TH_molecule': 752, 'B_molecule': 810, 'ANTIGEN_molecule': 382, 'MP_ANTIGEN_molecule': 10, 'B_ACTIVE_molecule': 88, 'VOID_molecule': 13, 'MP_ACTIVE_molecule': 10, 'TH_ACTIVE_molecule': 47, 'B_MEMORY_molecule': 50, 'B_PLASMA_molecule': 74, 'IGG_molecule': 14, 'IGM_molecule': 4, 'B_PRESENTING_molecule': 2}"
129,"{PetriNet('hs_0_net'): 1, 'MP_molecule': 699, 'TH_molecule': 759, 'B_molecule': 817, 'ANTIGEN_molecule': 381, 'MP_ANTIGEN_molecule': 10, 'B_ACTIVE_molecule': 92, 'VOID_molecule': 13, 'MP_ACTIVE_molecule': 10, 'TH_ACTIVE_molecule': 48, 'B_MEMORY_molecule': 50, 'B_PLASMA_molecule': 82, 'IGG_molecule': 20, 'IGM_molecule': 7, 'B_PRESENTING_molecule': 3}"
130,"{PetriNet('hs_0_net'): 1, 'MP_molecule': 706, 'TH_molecule': 766, 'B_molecule': 824, 'ANTIGEN_molecule': 371, 'B_ACTIVE_molecule': 96, 'VOID_molecule': 15, 'MP_ACTIVE_molecule': 20, 'TH_ACTIVE_molecule': 49, 'B_MEMORY_molecule': 50, 'B_PLASMA_molecule': 90, 'IGG_molecule': 24, 'IGM_molecule': 5, 'B_PRESENTING_molecule': 4, 'MP_ANTIGEN_molecule': 1}"
131,"{PetriNet('hs_0_net'): 1, 'MP_molecule': 713, 'TH_molecule': 774, 'B_molecule': 831, 'ANTIGEN_molecule': 364, 'B_ACTIVE_molecule': 100, 'VOID_molecule': 16, 'MP_ACTIVE_molecule': 20, 'TH_ACTIVE_molecule': 56, 'B_MEMORY_molecule': 60, 'B_PLASMA_molecule': 99, 'IGG_molecule': 19, 'IGM_molecule': 2, 'B_PRESENTING_molecule': 2, 'MP_ANTIGEN_molecule': 2}"
132,"{PetriNet('hs_0_net'): 1, 'MP_molecule': 721, 'TH_molecule': 772, 'B_molecule': 830, 'ANTIGEN_molecule': 362, 'B_ACTIVE_molecule': 104, 'VOID_molecule': 16, 'MP_ACTIVE_molecule': 20, 'TH_ACTIVE_molecule': 57, 'B_MEMORY_molecule': 60, 'B_PLASMA_molecule': 100, 'IGG_molecule': 15, 'IGM_molecule': 5, 'B_PRESENTING_molecule': 3, 'MP_ANTIGEN_molecule': 2}"
133,"{PetriNet('hs_0_net'): 1, 'MP_molecule': 719, 'TH_molecule': 770, 'B_molecule': 837, 'ANTIGEN_molecule': 353, 'B_ACTIVE_molecule': 109, 'VOID_molecule': 18, 'MP_ACTIVE_molecule': 20, 'TH_ACTIVE_molecule': 58, 'B_MEMORY_molecule': 60, 'B_PLASMA_molecule': 107, 'IGG_molecule': 20, 'B_PRESENTING_molecule': 3, 'MP_ANTIGEN_molecule': 3, 'IGM_molecule': 4}"
134,"{PetriNet('hs_0_net'): 1, 'MP_molecule': 726, 'TH_molecule': 769, 'B_molecule': 844, 'ANTIGEN_molecule': 349, 'B_ACTIVE_molecule': 113, 'VOID_molecule': 19, 'MP_ACTIVE_molecule': 20, 'TH_ACTIVE_molecule': 66, 'B_MEMORY_molecule': 70, 'B_PLASMA_molecule': 125, 'IGG_molecule': 25, 'MP_ANTIGEN_molecule': 4, 'IGM_molecule': 8, 'B_PRESENTING_molecule': 1}"
135,"{PetriNet('hs_0_net'): 1, 'MP_molecule': 734, 'TH_molecule': 776, 'B_molecule': 852, 'ANTIGEN_molecule': 340, 'B_ACTIVE_molecule': 112, 'VOID_molecule': 21, 'MP_ACTIVE_molecule': 20, 'TH_ACTIVE_molecule': 67, 'B_MEMORY_molecule': 70, 'B_PLASMA_molecule': 125, 'IGG_molecule': 19, 'MP_ANTIGEN_molecule': 5, 'B_PRESENTING_molecule': 2}"
136,"{PetriNet('hs_0_net'): 1, 'MP_molecule': 742, 'TH_molecule': 784, 'B_molecule': 859, 'ANTIGEN_molecule': 334, 'B_ACTIVE_molecule': 116, 'VOID_molecule': 22, 'MP_ACTIVE_molecule': 20, 'TH_ACTIVE_molecule': 67, 'B_MEMORY_molecule': 70, 'B_PLASMA_molecule': 133, 'IGG_molecule': 26, 'MP_ANTIGEN_molecule': 6, 'B_PRESENTING_molecule': 3, 'IGM_molecule': 5}"
137,"{PetriNet('hs_0_net'): 1, 'MP_molecule': 750, 'TH_molecule': 791, 'B_molecule': 866, 'ANTIGEN_molecule': 329, 'B_ACTIVE_molecule': 120, 'VOID_molecule': 23, 'MP_ACTIVE_molecule': 20, 'TH_ACTIVE_molecule': 75, 'B_MEMORY_molecule': 80, 'B_PLASMA_molecule': 152, 'IGG_molecule': 31, 'MP_ANTIGEN_molecule': 7, 'IGM_molecule': 7, 'B_PRESENTING_molecule': 1}"
138,"{PetriNet('hs_0_net'): 1, 'MP_molecule': 757, 'TH_molecule': 798, 'B_molecule': 873, 'ANTIGEN_molecule': 326, 'B_ACTIVE_molecule': 125, 'VOID_molecule': 24, 'MP_ACTIVE_molecule': 20, 'TH_ACTIVE_molecule': 76, 'B_MEMORY_molecule': 80, 'B_PLASMA_molecule': 160, 'IGG_molecule': 36, 'MP_ANTIGEN_molecule': 8, 'IGM_molecule': 10, 'B_PRESENTING_molecule': 1}"
139,"{PetriNet('hs_0_net'): 1, 'MP_molecule': 764, 'TH_molecule': 805, 'B_molecule': 880, 'ANTIGEN_molecule': 316, 'B_ACTIVE_molecule': 129, 'VOID_molecule': 26, 'MP_ACTIVE_molecule': 20, 'TH_ACTIVE_molecule': 77, 'B_MEMORY_molecule': 80, 'B_PLASMA_molecule': 169, 'IGG_molecule': 41, 'MP_ANTIGEN_molecule': 9, 'IGM_molecule': 8, 'B_PRESENTING_molecule': 2}"
140,"{PetriNet('hs_0_net'): 1, 'MP_molecule': 771, 'TH_molecule': 812, 'B_molecule': 878, 'ANTIGEN_molecule': 306, 'B_ACTIVE_molecule': 133, 'VOID_molecule': 27, 'MP_ACTIVE_molecule': 20, 'TH_ACTIVE_molecule': 78, 'B_MEMORY_molecule': 80, 'B_PLASMA_molecule': 177, 'IGG_molecule': 46, 'MP_ANTIGEN_molecule': 10, 'IGM_molecule': 6, 'B_PRESENTING_molecule': 3}"
141,"{PetriNet('hs_0_net'): 1, 'MP_molecule': 779, 'TH_molecule': 820, 'B_molecule': 885, 'ANTIGEN_molecule': 305, 'B_ACTIVE_molecule': 138, 'VOID_molecule': 27, 'MP_ACTIVE_molecule': 30, 'TH_ACTIVE_molecule': 86, 'B_MEMORY_molecule': 90, 'B_PLASMA_molecule': 195, 'IGG_molecule': 53, 'IGM_molecule': 10}"
142,"{PetriNet('hs_0_net'): 1, 'MP_molecule': 786, 'TH_molecule': 827, 'B_molecule': 884, 'ANTIGEN_molecule': 301, 'B_ACTIVE_molecule': 142, 'VOID_molecule': 28, 'MP_ACTIVE_molecule': 30, 'TH_ACTIVE_molecule': 87, 'B_MEMORY_molecule': 90, 'B_PLASMA_molecule': 203, 'IGG_molecule': 59, 'IGM_molecule': 14, 'MP_ANTIGEN_molecule': 1, 'B_PRESENTING_molecule': 1}"
143,"{PetriNet('hs_0_net'): 1, 'MP_molecule': 794, 'TH_molecule': 826, 'B_molecule': 891, 'ANTIGEN_molecule': 293, 'B_ACTIVE_molecule': 147, 'VOID_molecule': 30, 'MP_ACTIVE_molecule': 30, 'TH_ACTIVE_molecule': 88, 'B_MEMORY_molecule': 90, 'B_PLASMA_molecule': 211, 'IGG_molecule': 63, 'IGM_molecule': 12, 'MP_ANTIGEN_molecule': 1, 'B_PRESENTING_molecule': 1}"
144,"{PetriNet('hs_0_net'): 1, 'MP_molecule': 801, 'TH_molecule': 835, 'B_molecule': 890, 'ANTIGEN_molecule': 289, 'B_ACTIVE_molecule': 152, 'VOID_molecule': 31, 'MP_ACTIVE_molecule': 30, 'TH_ACTIVE_molecule': 88, 'B_MEMORY_molecule': 90, 'B_PLASMA_molecule': 211, 'IGG_molecule': 58, 'IGM_molecule': 16, 'MP_ANTIGEN_molecule': 2, 'B_PRESENTING_molecule': 1}"
145,"{PetriNet('hs_0_net'): 1, 'MP_molecule': 808, 'TH_molecule': 833, 'B_molecule': 888, 'ANTIGEN_molecule': 280, 'B_ACTIVE_molecule': 157, 'VOID_molecule': 33, 'MP_ACTIVE_molecule': 30, 'TH_ACTIVE_molecule': 89, 'B_MEMORY_molecule': 90, 'B_PLASMA_molecule': 220, 'IGG_molecule': 63, 'IGM_molecule': 13, 'MP_ANTIGEN_molecule': 3, 'B_PRESENTING_molecule': 1}"
146,"{PetriNet('hs_0_net'): 1, 'MP_molecule': 806, 'TH_molecule': 832, 'B_molecule': 897, 'ANTIGEN_molecule': 276, 'B_ACTIVE_molecule': 156, 'VOID_molecule': 34, 'MP_ACTIVE_molecule': 30, 'TH_ACTIVE_molecule': 90, 'B_MEMORY_molecule': 90, 'B_PLASMA_molecule': 220, 'IGG_molecule': 59, 'IGM_molecule': 13, 'MP_ANTIGEN_molecule': 4, 'B_PRESENTING_molecule': 2}"
147,"{PetriNet('hs_0_net'): 1, 'MP_molecule': 804, 'TH_molecule': 831, 'B_molecule': 895, 'ANTIGEN_molecule': 267, 'B_ACTIVE_molecule': 161, 'VOID_molecule': 36, 'MP_ACTIVE_molecule': 30, 'TH_ACTIVE_molecule': 90, 'B_MEMORY_molecule': 90, 'B_PLASMA_molecule': 228, 'IGG_molecule': 64, 'IGM_molecule': 13, 'MP_ANTIGEN_molecule': 5, 'B_PRESENTING_molecule': 2}"
148,"{PetriNet('hs_0_net'): 1, 'MP_molecule': 813, 'TH_molecule': 839, 'B_molecule': 902, 'ANTIGEN_molecule': 259, 'B_ACTIVE_molecule': 165, 'VOID_molecule': 38, 'MP_ACTIVE_molecule': 30, 'TH_ACTIVE_molecule': 91, 'B_MEMORY_molecule': 90, 'B_PLASMA_molecule': 235, 'IGG_molecule': 70, 'IGM_molecule': 10, 'MP_ANTIGEN_molecule': 5, 'B_PRESENTING_molecule': 3}"
149,"{PetriNet('hs_0_net'): 1, 'MP_molecule': 822, 'TH_molecule': 846, 'B_molecule': 909, 'ANTIGEN_molecule': 251, 'B_ACTIVE_molecule': 169, 'VOID_molecule': 40, 'MP_ACTIVE_molecule': 30, 'TH_ACTIVE_molecule': 99, 'B_MEMORY_molecule': 100, 'B_PLASMA_molecule': 253, 'IGG_molecule': 74, 'IGM_molecule': 8, 'MP_ANTIGEN_molecule': 5, 'B_PRESENTING_molecule': 1}"
150,"{PetriNet('hs_0_net'): 1, 'MP_molecule': 820, 'TH_molecule': 854, 'B_molecule': 908, 'ANTIGEN_molecule': 246, 'B_ACTIVE_molecule': 173, 'VOID_molecule': 41, 'MP_ACTIVE_molecule': 30, 'TH_ACTIVE_molecule': 100, 'B_MEMORY_molecule': 100, 'B_PLASMA_molecule': 262, 'IGG_molecule': 79, 'IGM_molecule': 11, 'MP_ANTIGEN_molecule': 6, 'B_PRESENTING_molecule': 2}"
151,"{PetriNet('hs_0_net'): 1, 'MP_molecule': 819, 'TH_molecule': 853, 'B_molecule': 906, 'ANTIGEN_molecule': 237, 'B_ACTIVE_molecule': 177, 'VOID_molecule': 43, 'MP_ACTIVE_molecule': 30, 'TH_ACTIVE_molecule': 100, 'B_MEMORY_molecule': 100, 'B_PLASMA_molecule': 262, 'IGG_molecule': 74, 'IGM_molecule': 9, 'MP_ANTIGEN_molecule': 7, 'B_PRESENTING_molecule': 3}"
152,"{PetriNet('hs_0_net'): 1, 'MP_molecule': 826, 'TH_molecule': 851, 'B_molecule': 913, 'ANTIGEN_molecule': 228, 'B_ACTIVE_molecule': 182, 'VOID_molecule': 45, 'MP_ACTIVE_molecule': 30, 'TH_ACTIVE_molecule': 108, 'B_MEMORY_molecule': 110, 'B_PLASMA_molecule': 280, 'IGG_molecule': 78, 'IGM_molecule': 6, 'MP_ANTIGEN_molecule': 8}"
153,"{PetriNet('hs_0_net'): 1, 'MP_molecule': 833, 'TH_molecule': 860, 'B_molecule': 912, 'ANTIGEN_molecule': 219, 'B_ACTIVE_molecule': 187, 'VOID_molecule': 47, 'MP_ACTIVE_molecule': 30, 'TH_ACTIVE_molecule': 108, 'B_MEMORY_molecule': 110, 'B_PLASMA_molecule': 288, 'IGG_molecule': 84, 'IGM_molecule': 5, 'MP_ANTIGEN_molecule': 9}"
154,"{PetriNet('hs_0_net'): 1, 'MP_molecule': 833, 'TH_molecule': 869, 'B_molecule': 920, 'ANTIGEN_molecule': 210, 'B_ACTIVE_molecule': 191, 'VOID_molecule': 49, 'MP_ACTIVE_molecule': 30, 'TH_ACTIVE_molecule': 108, 'B_MEMORY_molecule': 110, 'B_PLASMA_molecule': 288, 'IGG_molecule': 79, 'IGM_molecule': 4, 'MP_ANTIGEN_molecule': 9, 'B_PRESENTING_molecule': 1}"
155,"{PetriNet('hs_0_net'): 1, 'MP_molecule': 840, 'TH_molecule': 877, 'B_molecule': 919, 'ANTIGEN_molecule': 207, 'B_ACTIVE_molecule': 190, 'VOID_molecule': 50, 'MP_ACTIVE_molecule': 30, 'TH_ACTIVE_molecule': 108, 'B_MEMORY_molecule': 110, 'B_PLASMA_molecule': 287, 'IGG_molecule': 74, 'IGM_molecule': 3, 'MP_ANTIGEN_molecule': 10, 'B_PRESENTING_molecule': 2}"
156,"{PetriNet('hs_0_net'): 1, 'MP_molecule': 847, 'TH_molecule': 884, 'B_molecule': 926, 'ANTIGEN_molecule': 204, 'B_ACTIVE_molecule': 195, 'VOID_molecule': 51, 'MP_ACTIVE_molecule': 40, 'TH_ACTIVE_molecule': 109, 'B_MEMORY_molecule': 110, 'B_PLASMA_molecule': 296, 'IGG_molecule': 79, 'IGM_molecule': 6, 'MP_ANTIGEN_molecule': 1, 'B_PRESENTING_molecule': 2}"
157,"{PetriNet('hs_0_net'): 1, 'MP_molecule': 855, 'TH_molecule': 892, 'B_molecule': 933, 'ANTIGEN_molecule': 199, 'B_ACTIVE_molecule': 199, 'VOID_molecule': 52, 'MP_ACTIVE_molecule': 40, 'TH_ACTIVE_molecule': 109, 'B_MEMORY_molecule': 110, 'B_PLASMA_molecule': 304, 'IGG_molecule': 83, 'IGM_molecule': 9, 'MP_ANTIGEN_molecule': 1, 'B_PRESENTING_molecule': 3}"
158,"{PetriNet('hs_0_net'): 1, 'MP_molecule': 863, 'TH_molecule': 900, 'B_molecule': 931, 'ANTIGEN_molecule': 189, 'B_ACTIVE_molecule': 203, 'VOID_molecule': 54, 'MP_ACTIVE_molecule': 40, 'TH_ACTIVE_molecule': 116, 'B_MEMORY_molecule': 120, 'B_PLASMA_molecule': 323, 'IGG_molecule': 89, 'IGM_molecule': 8, 'MP_ANTIGEN_molecule': 2, 'B_PRESENTING_molecule': 1}"
159,"{PetriNet('hs_0_net'): 1, 'MP_molecule': 862, 'TH_molecule': 908, 'B_molecule': 930, 'ANTIGEN_molecule': 183, 'B_ACTIVE_molecule': 207, 'VOID_molecule': 55, 'MP_ACTIVE_molecule': 40, 'TH_ACTIVE_molecule': 116, 'B_MEMORY_molecule': 120, 'B_PLASMA_molecule': 331, 'IGG_molecule': 93, 'IGM_molecule': 10, 'MP_ANTIGEN_molecule': 3, 'B_PRESENTING_molecule': 2}"
160,"{PetriNet('hs_0_net'): 1, 'MP_molecule': 869, 'TH_molecule': 916, 'B_molecule': 937, 'ANTIGEN_molecule': 180, 'B_ACTIVE_molecule': 211, 'VOID_molecule': 55, 'MP_ACTIVE_molecule': 40, 'TH_ACTIVE_molecule': 116, 'B_MEMORY_molecule': 120, 'B_PLASMA_molecule': 338, 'IGG_molecule': 100, 'IGM_molecule': 14, 'MP_ANTIGEN_molecule': 4, 'B_PRESENTING_molecule': 3}"
161,"{PetriNet('hs_0_net'): 1, 'MP_molecule': 876, 'TH_molecule': 914, 'B_molecule': 945, 'ANTIGEN_molecule': 171, 'B_ACTIVE_molecule': 215, 'VOID_molecule': 57, 'MP_ACTIVE_molecule': 40, 'TH_ACTIVE_molecule': 124, 'B_MEMORY_molecule': 130, 'B_PLASMA_molecule': 348, 'IGG_molecule': 94, 'IGM_molecule': 13, 'MP_ANTIGEN_molecule': 5, 'B_PRESENTING_molecule': 1}"
162,"{PetriNet('hs_0_net'): 1, 'MP_molecule': 876, 'TH_molecule': 921, 'B_molecule': 943, 'ANTIGEN_molecule': 162, 'B_ACTIVE_molecule': 219, 'VOID_molecule': 59, 'MP_ACTIVE_molecule': 40, 'TH_ACTIVE_molecule': 125, 'B_MEMORY_molecule': 130, 'B_PLASMA_molecule': 348, 'IGG_molecule': 88, 'IGM_molecule': 10, 'MP_ANTIGEN_molecule': 5, 'B_PRESENTING_molecule': 2}"
163,"{PetriNet('hs_0_net'): 1, 'MP_molecule': 884, 'TH_molecule': 928, 'B_molecule': 950, 'ANTIGEN_molecule': 158, 'B_ACTIVE_molecule': 224, 'VOID_molecule': 60, 'MP_ACTIVE_molecule': 40, 'TH_ACTIVE_molecule': 126, 'B_MEMORY_molecule': 130, 'B_PLASMA_molecule': 349, 'IGG_molecule': 84, 'IGM_molecule': 13, 'MP_ANTIGEN_molecule': 6, 'B_PRESENTING_molecule': 2}"
164,"{PetriNet('hs_0_net'): 1, 'MP_molecule': 891, 'TH_molecule': 926, 'B_molecule': 958, 'ANTIGEN_molecule': 150, 'B_ACTIVE_molecule': 229, 'VOID_molecule': 62, 'MP_ACTIVE_molecule': 40, 'TH_ACTIVE_molecule': 127, 'B_MEMORY_molecule': 130, 'B_PLASMA_molecule': 357, 'IGG_molecule': 88, 'IGM_molecule': 11, 'MP_ANTIGEN_molecule': 7, 'B_PRESENTING_molecule': 2}"
165,"{PetriNet('hs_0_net'): 1, 'MP_molecule': 899, 'TH_molecule': 933, 'B_molecule': 967, 'ANTIGEN_molecule': 148, 'B_ACTIVE_molecule': 228, 'VOID_molecule': 62, 'MP_ACTIVE_molecule': 40, 'TH_ACTIVE_molecule': 128, 'B_MEMORY_molecule': 130, 'B_PLASMA_molecule': 358, 'IGG_molecule': 85, 'IGM_molecule': 8, 'MP_ANTIGEN_molecule': 7, 'B_PRESENTING_molecule': 3}"
166,"{PetriNet('hs_0_net'): 1, 'MP_molecule': 906, 'TH_molecule': 940, 'B_molecule': 975, 'ANTIGEN_molecule': 138, 'B_ACTIVE_molecule': 232, 'VOID_molecule': 64, 'MP_ACTIVE_molecule': 40, 'TH_ACTIVE_molecule': 136, 'B_MEMORY_molecule': 140, 'B_PLASMA_molecule': 377, 'IGG_molecule': 90, 'IGM_molecule': 5, 'MP_ANTIGEN_molecule': 8, 'B_PRESENTING_molecule': 1}"
167,"{PetriNet('hs_0_net'): 1, 'MP_molecule': 905, 'TH_molecule': 947, 'B_molecule': 982, 'ANTIGEN_molecule': 129, 'B_ACTIVE_molecule': 236, 'VOID_molecule': 66, 'MP_ACTIVE_molecule': 40, 'TH_ACTIVE_molecule': 137, 'B_MEMORY_molecule': 140, 'B_PLASMA_molecule': 384, 'IGG_molecule': 94, 'IGM_molecule': 2, 'MP_ANTIGEN_molecule': 9, 'B_PRESENTING_molecule': 2}"
168,"{PetriNet('hs_0_net'): 1, 'MP_molecule': 903, 'TH_molecule': 955, 'B_molecule': 989, 'ANTIGEN_molecule': 125, 'B_ACTIVE_molecule': 240, 'VOID_molecule': 67, 'MP_ACTIVE_molecule': 40, 'TH_ACTIVE_molecule': 137, 'B_MEMORY_molecule': 140, 'B_PLASMA_molecule': 391, 'IGG_molecule': 101, 'IGM_molecule': 6, 'MP_ANTIGEN_molecule': 10, 'B_PRESENTING_molecule': 3}"
169,"{PetriNet('hs_0_net'): 1, 'MP_molecule': 911, 'TH_molecule': 964, 'B_molecule': 987, 'ANTIGEN_molecule': 116, 'B_ACTIVE_molecule': 244, 'VOID_molecule': 69, 'MP_ACTIVE_molecule': 50, 'TH_ACTIVE_molecule': 144, 'B_MEMORY_molecule': 150, 'B_PLASMA_molecule': 409, 'IGG_molecule': 105, 'IGM_molecule': 4, 'B_PRESENTING_molecule': 1}"
170,"{PetriNet('hs_0_net'): 1, 'MP_molecule': 919, 'TH_molecule': 971, 'B_molecule': 995, 'ANTIGEN_molecule': 114, 'B_ACTIVE_molecule': 243, 'VOID_molecule': 69, 'MP_ACTIVE_molecule': 50, 'TH_ACTIVE_molecule': 145, 'B_MEMORY_molecule': 150, 'B_PLASMA_molecule': 409, 'IGG_molecule': 100, 'IGM_molecule': 1, 'B_PRESENTING_molecule': 2}"
171,"{PetriNet('hs_0_net'): 1, 'MP_molecule': 926, 'TH_molecule': 978, 'B_molecule': 1003, 'ANTIGEN_molecule': 109, 'B_ACTIVE_molecule': 247, 'VOID_molecule': 70, 'MP_ACTIVE_molecule': 50, 'TH_ACTIVE_molecule': 146, 'B_MEMORY_molecule': 150, 'B_PLASMA_molecule': 408, 'IGG_molecule': 95, 'IGM_molecule': 4, 'B_PRESENTING_molecule': 3, 'MP_ANTIGEN_molecule': 1}"
172,"{PetriNet('hs_0_net'): 1, 'MP_molecule': 925, 'TH_molecule': 977, 'B_molecule': 1010, 'ANTIGEN_molecule': 105, 'B_ACTIVE_molecule': 251, 'VOID_molecule': 71, 'MP_ACTIVE_molecule': 50, 'TH_ACTIVE_molecule': 154, 'B_MEMORY_molecule': 160, 'B_PLASMA_molecule': 427, 'IGG_molecule': 100, 'IGM_molecule': 6, 'B_PRESENTING_molecule': 1, 'MP_ANTIGEN_molecule': 1}"
173,"{PetriNet('hs_0_net'): 1, 'MP_molecule': 933, 'TH_molecule': 985, 'B_molecule': 1017, 'ANTIGEN_molecule': 96, 'B_ACTIVE_molecule': 255, 'VOID_molecule': 73, 'MP_ACTIVE_molecule': 50, 'TH_ACTIVE_molecule': 154, 'B_MEMORY_molecule': 160, 'B_PLASMA_molecule': 427, 'IGG_molecule': 94, 'B_PRESENTING_molecule': 2, 'MP_ANTIGEN_molecule': 2, 'IGM_molecule': 5}"
174,"{PetriNet('hs_0_net'): 1, 'MP_molecule': 941, 'TH_molecule': 993, 'B_molecule': 1024, 'ANTIGEN_molecule': 86, 'B_ACTIVE_molecule': 259, 'VOID_molecule': 75, 'MP_ACTIVE_molecule': 50, 'TH_ACTIVE_molecule': 155, 'B_MEMORY_molecule': 160, 'B_PLASMA_molecule': 435, 'IGG_molecule': 98, 'B_PRESENTING_molecule': 3, 'MP_ANTIGEN_molecule': 3, 'IGM_molecule': 3}"
175,"{PetriNet('hs_0_net'): 1, 'MP_molecule': 949, 'TH_molecule': 1000, 'B_molecule': 1023, 'ANTIGEN_molecule': 84, 'B_ACTIVE_molecule': 259, 'VOID_molecule': 75, 'MP_ACTIVE_molecule': 50, 'TH_ACTIVE_molecule': 156, 'B_MEMORY_molecule': 160, 'B_PLASMA_molecule': 443, 'IGG_molecule': 104, 'B_PRESENTING_molecule': 3, 'MP_ANTIGEN_molecule': 3}"
176,"{PetriNet('hs_0_net'): 1, 'MP_molecule': 947, 'TH_molecule': 1008, 'B_molecule': 1032, 'ANTIGEN_molecule': 80, 'B_ACTIVE_molecule': 258, 'VOID_molecule': 76, 'MP_ACTIVE_molecule': 50, 'TH_ACTIVE_molecule': 157, 'B_MEMORY_molecule': 160, 'B_PLASMA_molecule': 452, 'IGG_molecule': 110, 'B_PRESENTING_molecule': 4, 'MP_ANTIGEN_molecule': 4}"
177,"{PetriNet('hs_0_net'): 1, 'MP_molecule': 955, 'TH_molecule': 1007, 'B_molecule': 1040, 'ANTIGEN_molecule': 77, 'B_ACTIVE_molecule': 262, 'VOID_molecule': 77, 'MP_ACTIVE_molecule': 50, 'TH_ACTIVE_molecule': 157, 'B_MEMORY_molecule': 160, 'B_PLASMA_molecule': 459, 'IGG_molecule': 115, 'B_PRESENTING_molecule': 5, 'MP_ANTIGEN_molecule': 4, 'IGM_molecule': 5}"
178,"{PetriNet('hs_0_net'): 1, 'MP_molecule': 962, 'TH_molecule': 1014, 'B_molecule': 1049, 'ANTIGEN_molecule': 73, 'B_ACTIVE_molecule': 262, 'VOID_molecule': 78, 'MP_ACTIVE_molecule': 50, 'TH_ACTIVE_molecule': 165, 'B_MEMORY_molecule': 170, 'B_PLASMA_molecule': 477, 'IGG_molecule': 121, 'B_PRESENTING_molecule': 2, 'MP_ANTIGEN_molecule': 5, 'IGM_molecule': 4}"
179,"{PetriNet('hs_0_net'): 1, 'MP_molecule': 970, 'TH_molecule': 1013, 'B_molecule': 1048, 'ANTIGEN_molecule': 68, 'B_ACTIVE_molecule': 266, 'VOID_molecule': 79, 'MP_ACTIVE_molecule': 50, 'TH_ACTIVE_molecule': 165, 'B_MEMORY_molecule': 170, 'B_PLASMA_molecule': 485, 'IGG_molecule': 127, 'B_PRESENTING_molecule': 3, 'MP_ANTIGEN_molecule': 6, 'IGM_molecule': 6}"
180,"{PetriNet('hs_0_net'): 1, 'MP_molecule': 969, 'TH_molecule': 1020, 'B_molecule': 1056, 'ANTIGEN_molecule': 66, 'B_ACTIVE_molecule': 271, 'VOID_molecule': 80, 'MP_ACTIVE_molecule': 50, 'TH_ACTIVE_molecule': 166, 'B_MEMORY_molecule': 170, 'B_PLASMA_molecule': 493, 'IGG_molecule': 131, 'B_PRESENTING_molecule': 3, 'MP_ANTIGEN_molecule': 6, 'IGM_molecule': 9}"
181,"{PetriNet('hs_0_net'): 1, 'MP_molecule': 976, 'TH_molecule': 1027, 'B_molecule': 1065, 'ANTIGEN_molecule': 57, 'B_ACTIVE_molecule': 270, 'VOID_molecule': 81, 'MP_ACTIVE_molecule': 50, 'TH_ACTIVE_molecule': 174, 'B_MEMORY_molecule': 180, 'B_PLASMA_molecule': 511, 'IGG_molecule': 139, 'MP_ANTIGEN_molecule': 7, 'IGM_molecule': 1, 'B_PRESENTING_molecule': 1}"
182,"{PetriNet('hs_0_net'): 1, 'MP_molecule': 975, 'TH_molecule': 1034, 'B_molecule': 1072, 'ANTIGEN_molecule': 53, 'B_ACTIVE_molecule': 274, 'VOID_molecule': 82, 'MP_ACTIVE_molecule': 50, 'TH_ACTIVE_molecule': 175, 'B_MEMORY_molecule': 180, 'B_PLASMA_molecule': 518, 'IGG_molecule': 144, 'MP_ANTIGEN_molecule': 8, 'B_PRESENTING_molecule': 2, 'IGM_molecule': 5}"
183,"{PetriNet('hs_0_net'): 1, 'MP_molecule': 974, 'TH_molecule': 1041, 'B_molecule': 1079, 'ANTIGEN_molecule': 48, 'B_ACTIVE_molecule': 278, 'VOID_molecule': 83, 'MP_ACTIVE_molecule': 50, 'TH_ACTIVE_molecule': 176, 'B_MEMORY_molecule': 180, 'B_PLASMA_molecule': 527, 'IGG_molecule': 152, 'MP_ANTIGEN_molecule': 9, 'B_PRESENTING_molecule': 3, 'IGM_molecule': 9}"
184,"{PetriNet('hs_0_net'): 1, 'MP_molecule': 981, 'TH_molecule': 1049, 'B_molecule': 1077, 'ANTIGEN_molecule': 44, 'B_ACTIVE_molecule': 282, 'VOID_molecule': 84, 'MP_ACTIVE_molecule': 50, 'TH_ACTIVE_molecule': 177, 'B_MEMORY_molecule': 180, 'B_PLASMA_molecule': 534, 'IGG_molecule': 156, 'MP_ANTIGEN_molecule': 10, 'B_PRESENTING_molecule': 4, 'IGM_molecule': 11}"
185,"{PetriNet('hs_0_net'): 1, 'MP_molecule': 988, 'TH_molecule': 1057, 'B_molecule': 1076, 'ANTIGEN_molecule': 34, 'B_ACTIVE_molecule': 281, 'VOID_molecule': 86, 'MP_ACTIVE_molecule': 60, 'TH_ACTIVE_molecule': 184, 'B_MEMORY_molecule': 190, 'B_PLASMA_molecule': 544, 'IGG_molecule': 152, 'B_PRESENTING_molecule': 2, 'IGM_molecule': 5, 'MP_ANTIGEN_molecule': 1}"
186,"{PetriNet('hs_0_net'): 1, 'MP_molecule': 986, 'TH_molecule': 1065, 'B_molecule': 1083, 'ANTIGEN_molecule': 31, 'B_ACTIVE_molecule': 285, 'VOID_molecule': 86, 'MP_ACTIVE_molecule': 60, 'TH_ACTIVE_molecule': 184, 'B_MEMORY_molecule': 190, 'B_PLASMA_molecule': 543, 'IGG_molecule': 149, 'B_PRESENTING_molecule': 3, 'IGM_molecule': 7, 'MP_ANTIGEN_molecule': 2}"
187,"{PetriNet('hs_0_net'): 1, 'MP_molecule': 985, 'TH_molecule': 1063, 'B_molecule': 1081, 'ANTIGEN_molecule': 24, 'B_ACTIVE_molecule': 290, 'VOID_molecule': 88, 'MP_ACTIVE_molecule': 60, 'TH_ACTIVE_molecule': 192, 'B_MEMORY_molecule': 200, 'B_PLASMA_molecule': 561, 'IGG_molecule': 154, 'IGM_molecule': 4, 'MP_ANTIGEN_molecule': 2}"
188,"{PetriNet('hs_0_net'): 1, 'MP_molecule': 993, 'TH_molecule': 1061, 'B_molecule': 1088, 'ANTIGEN_molecule': 20, 'B_ACTIVE_molecule': 294, 'VOID_molecule': 89, 'MP_ACTIVE_molecule': 60, 'TH_ACTIVE_molecule': 193, 'B_MEMORY_molecule': 200, 'B_PLASMA_molecule': 569, 'IGG_molecule': 158, 'IGM_molecule': 7, 'MP_ANTIGEN_molecule': 2, 'B_PRESENTING_molecule': 1}"
189,"{PetriNet('hs_0_net'): 1, 'MP_molecule': 1000, 'TH_molecule': 1068, 'B_molecule': 1096, 'ANTIGEN_molecule': 16, 'B_ACTIVE_molecule': 293, 'VOID_molecule': 90, 'MP_ACTIVE_molecule': 60, 'TH_ACTIVE_molecule': 194, 'B_MEMORY_molecule': 200, 'B_PLASMA_molecule': 577, 'IGG_molecule': 164, 'IGM_molecule': 5, 'MP_ANTIGEN_molecule': 3, 'B_PRESENTING_molecule': 2}"
190,"{PetriNet('hs_0_net'): 1, 'MP_molecule': 1008, 'TH_molecule': 1066, 'B_molecule': 1103, 'ANTIGEN_molecule': 6, 'B_ACTIVE_molecule': 297, 'VOID_molecule': 92, 'MP_ACTIVE_molecule': 60, 'TH_ACTIVE_molecule': 195, 'B_MEMORY_molecule': 200, 'B_PLASMA_molecule': 585, 'IGG_molecule': 170, 'IGM_molecule': 2, 'MP_ANTIGEN_molecule': 3, 'B_PRESENTING_molecule': 3}"
191,"{PetriNet('hs_0_net'): 1, 'MP_molecule': 1008, 'TH_molecule': 1073, 'B_molecule': 1111, 'ANTIGEN_molecule': 4, 'B_ACTIVE_molecule': 296, 'VOID_molecule': 92, 'MP_ACTIVE_molecule': 60, 'TH_ACTIVE_molecule': 203, 'B_MEMORY_molecule': 210, 'B_PLASMA_molecule': 604, 'IGG_molecule': 176, 'MP_ANTIGEN_molecule': 3, 'B_PRESENTING_molecule': 1}"
192,"{PetriNet('hs_0_net'): 1, 'MP_molecule': 1015, 'TH_molecule': 1080, 'B_molecule': 1109, 'ANTIGEN_molecule': 1, 'B_ACTIVE_molecule': 300, 'VOID_molecule': 92, 'MP_ACTIVE_molecule': 60, 'TH_ACTIVE_molecule': 204, 'B_MEMORY_molecule': 210, 'B_PLASMA_molecule': 611, 'IGG_molecule': 184, 'MP_ANTIGEN_molecule': 4, 'B_PRESENTING_molecule': 2, 'IGM_molecule': 5}"
193,"{PetriNet('hs_0_net'): 1, 'MP_molecule': 1022, 'TH_molecule': 1088, 'B_molecule': 1116, 'B_ACTIVE_molecule': 304, 'VOID_molecule': 93, 'MP_ACTIVE_molecule': 60, 'TH_ACTIVE_molecule': 204, 'B_MEMORY_molecule': 210, 'B_PLASMA_molecule': 619, 'IGG_molecule': 190, 'MP_ANTIGEN_molecule': 5, 'B_PRESENTING_molecule': 3, 'IGM_molecule': 7}"
194,"{PetriNet('hs_0_net'): 1, 'MP_molecule': 1029, 'TH_molecule': 1095, 'B_molecule': 1123, 'B_ACTIVE_molecule': 308, 'VOID_molecule': 95, 'MP_ACTIVE_molecule': 60, 'TH_ACTIVE_molecule': 205, 'B_MEMORY_molecule': 210, 'B_PLASMA_molecule': 619, 'IGG_molecule': 184, 'MP_ANTIGEN_molecule': 6, 'B_PRESENTING_molecule': 4, 'ANTIGEN_molecule': 1, 'IGM_molecule': 5}"
195,"{PetriNet('hs_0_net'): 1, 'MP_molecule': 1036, 'TH_molecule': 1095, 'B_molecule': 1130, 'B_ACTIVE_molecule': 312, 'VOID_molecule': 97, 'MP_ACTIVE_molecule': 60, 'TH_ACTIVE_molecule': 205, 'B_MEMORY_molecule': 210, 'B_PLASMA_molecule': 628, 'IGG_molecule': 188, 'MP_ANTIGEN_molecule': 7, 'B_PRESENTING_molecule': 5, 'IGM_molecule': 2}"
196,"{PetriNet('hs_0_net'): 1, 'MP_molecule': 1044, 'TH_molecule': 1103, 'B_molecule': 1137, 'B_ACTIVE_molecule': 316, 'VOID_molecule': 97, 'MP_ACTIVE_molecule': 60, 'TH_ACTIVE_molecule': 213, 'B_MEMORY_molecule': 220, 'B_PLASMA_molecule': 647, 'IGG_molecule': 193, 'MP_ANTIGEN_molecule': 8, 'B_PRESENTING_molecule': 3, 'IGM_molecule': 4}"
197,"{PetriNet('hs_0_net'): 1, 'MP_molecule': 1042, 'TH_molecule': 1101, 'B_molecule': 1135, 'B_ACTIVE_molecule': 321, 'VOID_molecule': 98, 'MP_ACTIVE_molecule': 60, 'TH_ACTIVE_molecule': 214, 'B_MEMORY_molecule': 220, 'B_PLASMA_molecule': 656, 'IGG_molecule': 199, 'MP_ANTIGEN_molecule': 9, 'B_PRESENTING_molecule': 3, 'IGM_molecule': 6}"
198,"{PetriNet('hs_0_net'): 1, 'MP_molecule': 1049, 'TH_molecule': 1108, 'B_molecule': 1133, 'B_ACTIVE_molecule': 325, 'VOID_molecule': 100, 'MP_ACTIVE_molecule': 60, 'TH_ACTIVE_molecule': 222, 'B_MEMORY_molecule': 230, 'B_PLASMA_molecule': 673, 'IGG_molecule': 206, 'MP_ANTIGEN_molecule': 10, 'B_PRESENTING_molecule': 1, 'IGM_molecule': 4}"
199,"{PetriNet('hs_0_net'): 1, 'MP_molecule': 1058, 'TH_molecule': 1108, 'B_molecule': 1140, 'B_ACTIVE_molecule': 329, 'VOID_molecule': 100, 'MP_ACTIVE_molecule': 70, 'TH_ACTIVE_molecule': 222, 'B_MEMORY_molecule': 230, 'B_PLASMA_molecule': 673, 'IGG_molecule': 203, 'B_PRESENTING_molecule': 2, 'IGM_molecule': 7}"
200,"{PetriNet('hs_0_net'): 1, 'MP_molecule': 1066, 'TH_molecule': 1116, 'B_molecule': 1147, 'B_ACTIVE_molecule': 333, 'VOID_molecule': 101, 'MP_ACTIVE_molecule': 70, 'TH_ACTIVE_molecule': 222, 'B_MEMORY_molecule': 230, 'B_PLASMA_molecule': 681, 'IGG_molecule': 209, 'B_PRESENTING_molecule': 3, 'IGM_molecule': 6, 'MP_ANTIGEN_molecule': 1}"
201,"{PetriNet('hs_0_net'): 1, 'MP_molecule': 1065, 'TH_molecule': 1123, 'B_molecule': 1156, 'B_ACTIVE_molecule': 332, 'VOID_molecule': 102, 'MP_ACTIVE_molecule': 70, 'TH_ACTIVE_molecule': 230, 'B_MEMORY_molecule': 240, 'B_PLASMA_molecule': 699, 'IGG_molecule': 214, 'B_PRESENTING_molecule': 1, 'IGM_molecule': 4, 'MP_ANTIGEN_molecule': 1}"
202,"{PetriNet('hs_0_net'): 1, 'MP_molecule': 1073, 'TH_molecule': 1130, 'B_molecule': 1163, 'B_ACTIVE_molecule': 336, 'VOID_molecule': 102, 'MP_ACTIVE_molecule': 70, 'TH_ACTIVE_molecule': 231, 'B_MEMORY_molecule': 240, 'B_PLASMA_molecule': 707, 'IGG_molecule': 220, 'B_PRESENTING_molecule': 2, 'IGM_molecule': 6, 'MP_ANTIGEN_molecule': 1}"
203,"{PetriNet('hs_0_net'): 1, 'MP_molecule': 1073, 'TH_molecule': 1128, 'B_molecule': 1161, 'B_ACTIVE_molecule': 341, 'VOID_molecule': 104, 'MP_ACTIVE_molecule': 70, 'TH_ACTIVE_molecule': 232, 'B_MEMORY_molecule': 240, 'B_PLASMA_molecule': 714, 'IGG_molecule': 225, 'B_PRESENTING_molecule': 2, 'IGM_molecule': 3, 'MP_ANTIGEN_molecule': 1}"
204,"{PetriNet('hs_0_net'): 1, 'MP_molecule': 1072, 'TH_molecule': 1137, 'B_molecule': 1168, 'B_ACTIVE_molecule': 345, 'VOID_molecule': 105, 'MP_ACTIVE_molecule': 70, 'TH_ACTIVE_molecule': 232, 'B_MEMORY_molecule': 240, 'B_PLASMA_molecule': 713, 'IGG_molecule': 220, 'B_PRESENTING_molecule': 3, 'IGM_molecule': 6, 'MP_ANTIGEN_molecule': 2}"
205,"{PetriNet('hs_0_net'): 1, 'MP_molecule': 1070, 'TH_molecule': 1137, 'B_molecule': 1166, 'B_ACTIVE_molecule': 349, 'VOID_molecule': 106, 'MP_ACTIVE_molecule': 70, 'TH_ACTIVE_molecule': 239, 'B_MEMORY_molecule': 250, 'B_PLASMA_molecule': 723, 'IGG_molecule': 217, 'IGM_molecule': 8, 'MP_ANTIGEN_molecule': 3, 'B_PRESENTING_molecule': 1}"
206,"{PetriNet('hs_0_net'): 1, 'MP_molecule': 1069, 'TH_molecule': 1144, 'B_molecule': 1173, 'B_ACTIVE_molecule': 354, 'VOID_molecule': 107, 'MP_ACTIVE_molecule': 70, 'TH_ACTIVE_molecule': 240, 'B_MEMORY_molecule': 250, 'B_PLASMA_molecule': 732, 'IGG_molecule': 223, 'IGM_molecule': 5, 'MP_ANTIGEN_molecule': 4, 'B_PRESENTING_molecule': 1}"
207,"{PetriNet('hs_0_net'): 1, 'MP_molecule': 1076, 'TH_molecule': 1143, 'B_molecule': 1180, 'B_ACTIVE_molecule': 359, 'VOID_molecule': 109, 'MP_ACTIVE_molecule': 70, 'TH_ACTIVE_molecule': 241, 'B_MEMORY_molecule': 250, 'B_PLASMA_molecule': 740, 'IGG_molecule': 227, 'IGM_molecule': 2, 'MP_ANTIGEN_molecule': 5, 'B_PRESENTING_molecule': 1}"
208,"{PetriNet('hs_0_net'): 1, 'MP_molecule': 1074, 'TH_molecule': 1150, 'B_molecule': 1188, 'B_ACTIVE_molecule': 363, 'VOID_molecule': 110, 'MP_ACTIVE_molecule': 70, 'TH_ACTIVE_molecule': 242, 'B_MEMORY_molecule': 250, 'B_PLASMA_molecule': 741, 'IGG_molecule': 224, 'IGM_molecule': 5, 'MP_ANTIGEN_molecule': 6, 'B_PRESENTING_molecule': 2}"
209,"{PetriNet('hs_0_net'): 1, 'MP_molecule': 1081, 'TH_molecule': 1148, 'B_molecule': 1195, 'B_ACTIVE_molecule': 368, 'VOID_molecule': 111, 'MP_ACTIVE_molecule': 70, 'TH_ACTIVE_molecule': 243, 'B_MEMORY_molecule': 250, 'B_PLASMA_molecule': 749, 'IGG_molecule': 229, 'IGM_molecule': 7, 'MP_ANTIGEN_molecule': 7, 'B_PRESENTING_molecule': 2, 'ANTIGEN_molecule': 1}"
210,"{PetriNet('hs_0_net'): 1, 'MP_molecule': 1088, 'TH_molecule': 1156, 'B_molecule': 1202, 'B_ACTIVE_molecule': 372, 'VOID_molecule': 113, 'MP_ACTIVE_molecule': 70, 'TH_ACTIVE_molecule': 243, 'B_MEMORY_molecule': 250, 'B_PLASMA_molecule': 748, 'IGG_molecule': 225, 'IGM_molecule': 6, 'MP_ANTIGEN_molecule': 8, 'B_PRESENTING_molecule': 3}"
211,"{PetriNet('hs_0_net'): 1, 'MP_molecule': 1087, 'TH_molecule': 1164, 'B_molecule': 1210, 'B_ACTIVE_molecule': 376, 'VOID_molecule': 113, 'MP_ACTIVE_molecule': 70, 'TH_ACTIVE_molecule': 250, 'B_MEMORY_molecule': 260, 'B_PLASMA_molecule': 766, 'IGG_molecule': 233, 'IGM_molecule': 8, 'MP_ANTIGEN_molecule': 9, 'B_PRESENTING_molecule': 1}"
212,"{PetriNet('hs_0_net'): 1, 'MP_molecule': 1095, 'TH_molecule': 1171, 'B_molecule': 1208, 'B_ACTIVE_molecule': 380, 'VOID_molecule': 115, 'MP_ACTIVE_molecule': 70, 'TH_ACTIVE_molecule': 251, 'B_MEMORY_molecule': 260, 'B_PLASMA_molecule': 766, 'IGG_molecule': 227, 'IGM_molecule': 7, 'MP_ANTIGEN_molecule': 9, 'B_PRESENTING_molecule': 2, 'ANTIGEN_molecule': 1}"
213,"{PetriNet('hs_0_net'): 1, 'MP_molecule': 1093, 'TH_molecule': 1169, 'B_molecule': 1215, 'B_ACTIVE_molecule': 385, 'VOID_molecule': 116, 'MP_ACTIVE_molecule': 70, 'TH_ACTIVE_molecule': 252, 'B_MEMORY_molecule': 260, 'B_PLASMA_molecule': 775, 'IGG_molecule': 232, 'IGM_molecule': 4, 'MP_ANTIGEN_molecule': 10, 'B_PRESENTING_molecule': 2, 'ANTIGEN_molecule': 1}"
214,"{PetriNet('hs_0_net'): 1, 'MP_molecule': 1100, 'TH_molecule': 1176, 'B_molecule': 1223, 'B_ACTIVE_molecule': 389, 'VOID_molecule': 117, 'MP_ACTIVE_molecule': 80, 'TH_ACTIVE_molecule': 253, 'B_MEMORY_molecule': 260, 'B_PLASMA_molecule': 783, 'IGG_molecule': 237, 'IGM_molecule': 6, 'MP_ANTIGEN_molecule': 1, 'B_PRESENTING_molecule': 3}"
215,"{PetriNet('hs_0_net'): 1, 'MP_molecule': 1108, 'TH_molecule': 1184, 'B_molecule': 1230, 'B_ACTIVE_molecule': 393, 'VOID_molecule': 117, 'MP_ACTIVE_molecule': 80, 'TH_ACTIVE_molecule': 260, 'B_MEMORY_molecule': 270, 'B_PLASMA_molecule': 802, 'IGG_molecule': 243, 'IGM_molecule': 9, 'MP_ANTIGEN_molecule': 2, 'B_PRESENTING_molecule': 1, 'ANTIGEN_molecule': 2}"
216,"{PetriNet('hs_0_net'): 1, 'MP_molecule': 1115, 'TH_molecule': 1191, 'B_molecule': 1229, 'B_ACTIVE_molecule': 392, 'VOID_molecule': 119, 'MP_ACTIVE_molecule': 80, 'TH_ACTIVE_molecule': 261, 'B_MEMORY_molecule': 270, 'B_PLASMA_molecule': 810, 'IGG_molecule': 248, 'IGM_molecule': 2, 'MP_ANTIGEN_molecule': 3, 'B_PRESENTING_molecule': 2}"
217,"{PetriNet('hs_0_net'): 1, 'MP_molecule': 1113, 'TH_molecule': 1198, 'B_molecule': 1236, 'B_ACTIVE_molecule': 397, 'VOID_molecule': 119, 'MP_ACTIVE_molecule': 80, 'TH_ACTIVE_molecule': 262, 'B_MEMORY_molecule': 270, 'B_PLASMA_molecule': 809, 'IGG_molecule': 244, 'IGM_molecule': 6, 'MP_ANTIGEN_molecule': 4, 'B_PRESENTING_molecule': 2}"
218,"{PetriNet('hs_0_net'): 1, 'MP_molecule': 1111, 'TH_molecule': 1205, 'B_molecule': 1243, 'B_ACTIVE_molecule': 402, 'VOID_molecule': 120, 'MP_ACTIVE_molecule': 80, 'TH_ACTIVE_molecule': 263, 'B_MEMORY_molecule': 270, 'B_PLASMA_molecule': 817, 'IGG_molecule': 249, 'IGM_molecule': 9, 'MP_ANTIGEN_molecule': 5, 'B_PRESENTING_molecule': 2}"
219,"{PetriNet('hs_0_net'): 1, 'MP_molecule': 1109, 'TH_molecule': 1212, 'B_molecule': 1250, 'B_ACTIVE_molecule': 407, 'VOID_molecule': 122, 'MP_ACTIVE_molecule': 80, 'TH_ACTIVE_molecule': 264, 'B_MEMORY_molecule': 270, 'B_PLASMA_molecule': 825, 'IGG_molecule': 253, 'IGM_molecule': 7, 'MP_ANTIGEN_molecule': 6, 'B_PRESENTING_molecule': 2}"
220,"{PetriNet('hs_0_net'): 1, 'MP_molecule': 1116, 'TH_molecule': 1220, 'B_molecule': 1258, 'B_ACTIVE_molecule': 407, 'VOID_molecule': 124, 'MP_ACTIVE_molecule': 80, 'TH_ACTIVE_molecule': 264, 'B_MEMORY_molecule': 270, 'B_PLASMA_molecule': 834, 'IGG_molecule': 258, 'MP_ANTIGEN_molecule': 7, 'B_PRESENTING_molecule': 2, 'ANTIGEN_molecule': 2}"
221,"{PetriNet('hs_0_net'): 1, 'MP_molecule': 1125, 'TH_molecule': 1228, 'B_molecule': 1265, 'B_ACTIVE_molecule': 411, 'VOID_molecule': 125, 'MP_ACTIVE_molecule': 80, 'TH_ACTIVE_molecule': 264, 'B_MEMORY_molecule': 270, 'B_PLASMA_molecule': 835, 'IGG_molecule': 253, 'MP_ANTIGEN_molecule': 7, 'B_PRESENTING_molecule': 3, 'IGM_molecule': 5}"
222,"{PetriNet('hs_0_net'): 1, 'MP_molecule': 1124, 'TH_molecule': 1236, 'B_molecule': 1265, 'B_ACTIVE_molecule': 410, 'VOID_molecule': 127, 'MP_ACTIVE_molecule': 80, 'TH_ACTIVE_molecule': 265, 'B_MEMORY_molecule': 270, 'B_PLASMA_molecule': 844, 'IGG_molecule': 259, 'MP_ANTIGEN_molecule': 7, 'B_PRESENTING_molecule': 4}"
223,"{PetriNet('hs_0_net'): 1, 'MP_molecule': 1131, 'TH_molecule': 1244, 'B_molecule': 1273, 'B_ACTIVE_molecule': 414, 'VOID_molecule': 127, 'MP_ACTIVE_molecule': 80, 'TH_ACTIVE_molecule': 272, 'B_MEMORY_molecule': 280, 'B_PLASMA_molecule': 855, 'IGG_molecule': 255, 'MP_ANTIGEN_molecule': 8, 'B_PRESENTING_molecule': 2, 'IGM_molecule': 5}"
224,"{PetriNet('hs_0_net'): 1, 'MP_molecule': 1129, 'TH_molecule': 1242, 'B_molecule': 1271, 'B_ACTIVE_molecule': 418, 'VOID_molecule': 127, 'MP_ACTIVE_molecule': 80, 'TH_ACTIVE_molecule': 273, 'B_MEMORY_molecule': 280, 'B_PLASMA_molecule': 863, 'IGG_molecule': 261, 'MP_ANTIGEN_molecule': 9, 'B_PRESENTING_molecule': 3, 'IGM_molecule': 8, 'ANTIGEN_molecule': 2}"
225,"{PetriNet('hs_0_net'): 1, 'MP_molecule': 1137, 'TH_molecule': 1250, 'B_molecule': 1278, 'B_ACTIVE_molecule': 422, 'VOID_molecule': 128, 'MP_ACTIVE_molecule': 80, 'TH_ACTIVE_molecule': 273, 'B_MEMORY_molecule': 280, 'B_PLASMA_molecule': 870, 'IGG_molecule': 265, 'MP_ANTIGEN_molecule': 9, 'B_PRESENTING_molecule': 4, 'IGM_molecule': 11}"
226,"{PetriNet('hs_0_net'): 1, 'MP_molecule': 1145, 'TH_molecule': 1258, 'B_molecule': 1287, 'B_ACTIVE_molecule': 422, 'VOID_molecule': 130, 'MP_ACTIVE_molecule': 80, 'TH_ACTIVE_molecule': 280, 'B_MEMORY_molecule': 290, 'B_PLASMA_molecule': 887, 'IGG_molecule': 271, 'MP_ANTIGEN_molecule': 9, 'B_PRESENTING_molecule': 1, 'IGM_molecule': 4, 'ANTIGEN_molecule': 1}"
227,"{PetriNet('hs_0_net'): 1, 'MP_molecule': 1144, 'TH_molecule': 1265, 'B_molecule': 1285, 'B_ACTIVE_molecule': 426, 'VOID_molecule': 131, 'MP_ACTIVE_molecule': 80, 'TH_ACTIVE_molecule': 281, 'B_MEMORY_molecule': 290, 'B_PLASMA_molecule': 895, 'IGG_molecule': 277, 'MP_ANTIGEN_molecule': 9, 'B_PRESENTING_molecule': 2, 'IGM_molecule': 6, 'ANTIGEN_molecule': 1}"
228,"{PetriNet('hs_0_net'): 1, 'MP_molecule': 1151, 'TH_molecule': 1273, 'B_molecule': 1284, 'B_ACTIVE_molecule': 430, 'VOID_molecule': 133, 'MP_ACTIVE_molecule': 80, 'TH_ACTIVE_molecule': 282, 'B_MEMORY_molecule': 290, 'B_PLASMA_molecule': 903, 'IGG_molecule': 282, 'MP_ANTIGEN_molecule': 10, 'B_PRESENTING_molecule': 3, 'IGM_molecule': 4, 'ANTIGEN_molecule': 1}"
229,"{PetriNet('hs_0_net'): 1, 'MP_molecule': 1159, 'TH_molecule': 1281, 'B_molecule': 1282, 'B_ACTIVE_molecule': 434, 'VOID_molecule': 134, 'MP_ACTIVE_molecule': 80, 'TH_ACTIVE_molecule': 290, 'B_MEMORY_molecule': 300, 'B_PLASMA_molecule': 913, 'IGG_molecule': 278, 'MP_ANTIGEN_molecule': 10, 'IGM_molecule': 7, 'B_PRESENTING_molecule': 1}"
230,"{PetriNet('hs_0_net'): 1, 'MP_molecule': 1159, 'TH_molecule': 1289, 'B_molecule': 1281, 'B_ACTIVE_molecule': 433, 'VOID_molecule': 134, 'MP_ACTIVE_molecule': 80, 'TH_ACTIVE_molecule': 290, 'B_MEMORY_molecule': 300, 'B_PLASMA_molecule': 921, 'IGG_molecule': 284, 'MP_ANTIGEN_molecule': 10, 'IGM_molecule': 5, 'B_PRESENTING_molecule': 2}"
231,"{PetriNet('hs_0_net'): 1, 'MP_molecule': 1168, 'TH_molecule': 1297, 'B_molecule': 1280, 'B_ACTIVE_molecule': 433, 'VOID_molecule': 134, 'MP_ACTIVE_molecule': 90, 'TH_ACTIVE_molecule': 290, 'B_MEMORY_molecule': 300, 'B_PLASMA_molecule': 928, 'IGG_molecule': 291, 'IGM_molecule': 4, 'B_PRESENTING_molecule': 2}"
232,"{PetriNet('hs_0_net'): 1, 'MP_molecule': 1177, 'TH_molecule': 1305, 'B_molecule': 1279, 'B_ACTIVE_molecule': 433, 'VOID_molecule': 134, 'MP_ACTIVE_molecule': 90, 'TH_ACTIVE_molecule': 290, 'B_MEMORY_molecule': 300, 'B_PLASMA_molecule': 935, 'IGG_molecule': 296, 'IGM_molecule': 2, 'B_PRESENTING_molecule': 2}"
233,"{PetriNet('hs_0_net'): 1, 'MP_molecule': 1176, 'TH_molecule': 1303, 'B_molecule': 1279, 'B_ACTIVE_molecule': 433, 'VOID_molecule': 134, 'MP_ACTIVE_molecule': 90, 'TH_ACTIVE_molecule': 291, 'B_MEMORY_molecule': 300, 'B_PLASMA_molecule': 943, 'IGG_molecule': 303, 'B_PRESENTING_molecule': 2}"
234,"{PetriNet('hs_0_net'): 1, 'MP_molecule': 1184, 'TH_molecule': 1301, 'B_molecule': 1278, 'B_ACTIVE_molecule': 433, 'VOID_molecule': 134, 'MP_ACTIVE_molecule': 90, 'TH_ACTIVE_molecule': 292, 'B_MEMORY_molecule': 300, 'B_PLASMA_molecule': 950, 'IGG_molecule': 310, 'B_PRESENTING_molecule': 2}"
235,"{PetriNet('hs_0_net'): 1, 'MP_molecule': 1184, 'TH_molecule': 1309, 'B_molecule': 1286, 'B_ACTIVE_molecule': 433, 'VOID_molecule': 134, 'MP_ACTIVE_molecule': 90, 'TH_ACTIVE_molecule': 293, 'B_MEMORY_molecule': 300, 'B_PLASMA_molecule': 957, 'IGG_molecule': 317, 'B_PRESENTING_molecule': 2}"
236,"{PetriNet('hs_0_net'): 1, 'MP_molecule': 1192, 'TH_molecule': 1318, 'B_molecule': 1294, 'B_ACTIVE_molecule': 433, 'VOID_molecule': 134, 'MP_ACTIVE_molecule': 90, 'TH_ACTIVE_molecule': 293, 'B_MEMORY_molecule': 300, 'B_PLASMA_molecule': 957, 'IGG_molecule': 312, 'B_PRESENTING_molecule': 2}"
237,"{PetriNet('hs_0_net'): 1, 'MP_molecule': 1200, 'TH_molecule': 1325, 'B_molecule': 1302, 'B_ACTIVE_molecule': 433, 'VOID_molecule': 134, 'MP_ACTIVE_molecule': 90, 'TH_ACTIVE_molecule': 294, 'B_MEMORY_molecule': 300, 'B_PLASMA_molecule': 964, 'IGG_molecule': 319, 'B_PRESENTING_molecule': 2}"
238,"{PetriNet('hs_0_net'): 1, 'MP_molecule': 1208, 'TH_molecule': 1333, 'B_molecule': 1311, 'B_ACTIVE_molecule': 433, 'VOID_molecule': 134, 'MP_ACTIVE_molecule': 90, 'TH_ACTIVE_molecule': 294, 'B_MEMORY_molecule': 300, 'B_PLASMA_molecule': 971, 'IGG_molecule': 325, 'B_PRESENTING_molecule': 2}"
239,"{PetriNet('hs_0_net'): 1, 'MP_molecule': 1217, 'TH_molecule': 1332, 'B_molecule': 1319, 'B_ACTIVE_molecule': 433, 'VOID_molecule': 134, 'MP_ACTIVE_molecule': 90, 'TH_ACTIVE_molecule': 295, 'B_MEMORY_molecule': 300, 'B_PLASMA_molecule': 970, 'IGG_molecule': 322, 'B_PRESENTING_molecule': 2}"
240,"{PetriNet('hs_0_net'): 1, 'MP_molecule': 1225, 'TH_molecule': 1339, 'B_molecule': 1328, 'B_ACTIVE_molecule': 433, 'VOID_molecule': 134, 'MP_ACTIVE_molecule': 90, 'TH_ACTIVE_molecule': 296, 'B_MEMORY_molecule': 300, 'B_PLASMA_molecule': 978, 'IGG_molecule': 329, 'B_PRESENTING_molecule': 2}"
241,"{PetriNet('hs_0_net'): 1, 'MP_molecule': 1224, 'TH_molecule': 1346, 'B_molecule': 1328, 'B_ACTIVE_molecule': 433, 'VOID_molecule': 134, 'MP_ACTIVE_molecule': 90, 'TH_ACTIVE_molecule': 297, 'B_MEMORY_molecule': 300, 'B_PLASMA_molecule': 986, 'IGG_molecule': 335, 'B_PRESENTING_molecule': 2}"
242,"{PetriNet('hs_0_net'): 1, 'MP_molecule': 1232, 'TH_molecule': 1353, 'B_molecule': 1337, 'B_ACTIVE_molecule': 433, 'VOID_molecule': 134, 'MP_ACTIVE_molecule': 90, 'TH_ACTIVE_molecule': 298, 'B_MEMORY_molecule': 300, 'B_PLASMA_molecule': 986, 'IGG_molecule': 332, 'B_PRESENTING_molecule': 2}"
243,"{PetriNet('hs_0_net'): 1, 'MP_molecule': 1231, 'TH_molecule': 1360, 'B_molecule': 1345, 'B_ACTIVE_molecule': 433, 'VOID_molecule': 134, 'MP_ACTIVE_molecule': 90, 'TH_ACTIVE_molecule': 299, 'B_MEMORY_molecule': 300, 'B_PLASMA_molecule': 985, 'IGG_molecule': 327, 'B_PRESENTING_molecule': 2}"
244,"{PetriNet('hs_0_net'): 1, 'MP_molecule': 1231, 'TH_molecule': 1367, 'B_molecule': 1353, 'B_ACTIVE_molecule': 433, 'VOID_molecule': 134, 'MP_ACTIVE_molecule': 90, 'TH_ACTIVE_molecule': 300, 'B_MEMORY_molecule': 300, 'B_PLASMA_molecule': 984, 'IGG_molecule': 324, 'B_PRESENTING_molecule': 2}"
245,"{PetriNet('hs_0_net'): 1, 'MP_molecule': 1240, 'TH_molecule': 1365, 'B_molecule': 1352, 'B_ACTIVE_molecule': 433, 'VOID_molecule': 134, 'MP_ACTIVE_molecule': 90, 'TH_ACTIVE_molecule': 301, 'B_MEMORY_molecule': 300, 'B_PLASMA_molecule': 991, 'IGG_molecule': 331, 'B_PRESENTING_molecule': 2}"
246,"{PetriNet('hs_0_net'): 1, 'MP_molecule': 1248, 'TH_molecule': 1363, 'B_molecule': 1351, 'B_ACTIVE_molecule': 433, 'VOID_molecule': 134, 'MP_ACTIVE_molecule': 90, 'TH_ACTIVE_molecule': 302, 'B_MEMORY_molecule': 300, 'B_PLASMA_molecule': 998, 'IGG_molecule': 337, 'B_PRESENTING_molecule': 2}"
247,"{PetriNet('hs_0_net'): 1, 'MP_molecule': 1257, 'TH_molecule': 1370, 'B_molecule': 1359, 'B_ACTIVE_molecule': 433, 'VOID_molecule': 134, 'MP_ACTIVE_molecule': 90, 'TH_ACTIVE_molecule': 303, 'B_MEMORY_molecule': 300, 'B_PLASMA_molecule': 998, 'IGG_molecule': 333, 'B_PRESENTING_molecule': 2}"
248,"{PetriNet('hs_0_net'): 1, 'MP_molecule': 1265, 'TH_molecule': 1378, 'B_molecule': 1358, 'B_ACTIVE_molecule': 433, 'VOID_molecule': 134, 'MP_ACTIVE_molecule': 90, 'TH_ACTIVE_molecule': 303, 'B_MEMORY_molecule': 300, 'B_PLASMA_molecule': 1006, 'IGG_molecule': 339, 'B_PRESENTING_molecule': 2}"
249,"{PetriNet('hs_0_net'): 1, 'MP_molecule': 1274, 'TH_molecule': 1385, 'B_molecule': 1357, 'B_ACTIVE_molecule': 433, 'VOID_molecule': 134, 'MP_ACTIVE_molecule': 90, 'TH_ACTIVE_molecule': 304, 'B_MEMORY_molecule': 300, 'B_PLASMA_molecule': 1013, 'IGG_molecule': 345, 'B_PRESENTING_molecule': 2}"
250,"{PetriNet('hs_0_net'): 1, 'MP_molecule': 1283, 'TH_molecule': 1392, 'B_molecule': 1365, 'B_ACTIVE_molecule': 433, 'VOID_molecule': 134, 'MP_ACTIVE_molecule': 90, 'TH_ACTIVE_molecule': 305, 'B_MEMORY_molecule': 300, 'B_PLASMA_molecule': 1021, 'IGG_molecule': 350, 'B_PRESENTING_molecule': 2}"
251,"{PetriNet('hs_0_net'): 1, 'MP_molecule': 1282, 'TH_molecule': 1399, 'B_molecule': 1374, 'B_ACTIVE_molecule': 433, 'VOID_molecule': 134, 'MP_ACTIVE_molecule': 90, 'TH_ACTIVE_molecule': 306, 'B_MEMORY_molecule': 300, 'B_PLASMA_molecule': 1029, 'IGG_molecule': 355, 'B_PRESENTING_molecule': 2}"
252,"{PetriNet('hs_0_net'): 1, 'MP_molecule': 1290, 'TH_molecule': 1407, 'B_molecule': 1382, 'B_ACTIVE_molecule': 433, 'VOID_molecule': 134, 'MP_ACTIVE_molecule': 90, 'TH_ACTIVE_molecule': 307, 'B_MEMORY_molecule': 300, 'B_PLASMA_molecule': 1036, 'IGG_molecule': 362, 'B_PRESENTING_molecule': 2}"
253,"{PetriNet('hs_0_net'): 1, 'MP_molecule': 1289, 'TH_molecule': 1406, 'B_molecule': 1390, 'B_ACTIVE_molecule': 433, 'VOID_molecule': 134, 'MP_ACTIVE_molecule': 90, 'TH_ACTIVE_molecule': 307, 'B_MEMORY_molecule': 300, 'B_PLASMA_molecule': 1043, 'IGG_molecule': 370, 'B_PRESENTING_molecule': 2}"
254,"{PetriNet('hs_0_net'): 1, 'MP_molecule': 1297, 'TH_molecule': 1413, 'B_molecule': 1398, 'B_ACTIVE_molecule': 433, 'VOID_molecule': 134, 'MP_ACTIVE_molecule': 90, 'TH_ACTIVE_molecule': 308, 'B_MEMORY_molecule': 300, 'B_PLASMA_molecule': 1050, 'IGG_molecule': 376, 'B_PRESENTING_molecule': 2}"
255,"{PetriNet('hs_0_net'): 1, 'MP_molecule': 1296, 'TH_molecule': 1421, 'B_molecule': 1406, 'B_ACTIVE_molecule': 433, 'VOID_molecule': 134, 'MP_ACTIVE_molecule': 90, 'TH_ACTIVE_molecule': 308, 'B_MEMORY_molecule': 300, 'B_PLASMA_molecule': 1057, 'IGG_molecule': 382, 'B_PRESENTING_molecule': 2}"
256,"{PetriNet('hs_0_net'): 1, 'MP_molecule': 1304, 'TH_molecule': 1428, 'B_molecule': 1415, 'B_ACTIVE_molecule': 433, 'VOID_molecule': 134, 'MP_ACTIVE_molecule': 90, 'TH_ACTIVE_molecule': 309, 'B_MEMORY_molecule': 300, 'B_PLASMA_molecule': 1064, 'IGG_molecule': 390, 'B_PRESENTING_molecule': 2}"
257,"{PetriNet('hs_0_net'): 1, 'MP_molecule': 1303, 'TH_molecule': 1436, 'B_molecule': 1423, 'B_ACTIVE_molecule': 433, 'VOID_molecule': 134, 'MP_ACTIVE_molecule': 90, 'TH_ACTIVE_molecule': 309, 'B_MEMORY_molecule': 300, 'B_PLASMA_molecule': 1071, 'IGG_molecule': 396, 'B_PRESENTING_molecule': 2}"
258,"{PetriNet('hs_0_net'): 1, 'MP_molecule': 1311, 'TH_molecule': 1443, 'B_molecule': 1431, 'B_ACTIVE_molecule': 433, 'VOID_molecule': 134, 'MP_ACTIVE_molecule': 90, 'TH_ACTIVE_molecule': 310, 'B_MEMORY_molecule': 300, 'B_PLASMA_molecule': 1078, 'IGG_molecule': 401, 'B_PRESENTING_molecule': 2}"
259,"{PetriNet('hs_0_net'): 1, 'MP_molecule': 1319, 'TH_molecule': 1450, 'B_molecule': 1430, 'B_ACTIVE_molecule': 433, 'VOID_molecule': 134, 'MP_ACTIVE_molecule': 90, 'TH_ACTIVE_molecule': 311, 'B_MEMORY_molecule': 300, 'B_PLASMA_molecule': 1078, 'IGG_molecule': 398, 'B_PRESENTING_molecule': 2}"
260,"{PetriNet('hs_0_net'): 1, 'MP_molecule': 1318, 'TH_molecule': 1448, 'B_molecule': 1438, 'B_ACTIVE_molecule': 433, 'VOID_molecule': 134, 'MP_ACTIVE_molecule': 90, 'TH_ACTIVE_molecule': 312, 'B_MEMORY_molecule': 300, 'B_PLASMA_molecule': 1085, 'IGG_molecule': 406, 'B_PRESENTING_molecule': 2}"
261,"{PetriNet('hs_0_net'): 1, 'MP_molecule': 1326, 'TH_molecule': 1455, 'B_molecule': 1446, 'B_ACTIVE_molecule': 433, 'VOID_molecule': 134, 'MP_ACTIVE_molecule': 90, 'TH_ACTIVE_molecule': 313, 'B_MEMORY_molecule': 300, 'B_PLASMA_molecule': 1092, 'IGG_molecule': 412, 'B_PRESENTING_molecule': 2}"
262,"{PetriNet('hs_0_net'): 1, 'MP_molecule': 1334, 'TH_molecule': 1462, 'B_molecule': 1454, 'B_ACTIVE_molecule': 433, 'VOID_molecule': 134, 'MP_ACTIVE_molecule': 90, 'TH_ACTIVE_molecule': 314, 'B_MEMORY_molecule': 300, 'B_PLASMA_molecule': 1099, 'IGG_molecule': 418, 'B_PRESENTING_molecule': 2}"
263,"{PetriNet('hs_0_net'): 1, 'MP_molecule': 1342, 'TH_molecule': 1469, 'B_molecule': 1463, 'B_ACTIVE_molecule': 433, 'VOID_molecule': 134, 'MP_ACTIVE_molecule': 90, 'TH_ACTIVE_molecule': 315, 'B_MEMORY_molecule': 300, 'B_PLASMA_molecule': 1106, 'IGG_molecule': 424, 'B_PRESENTING_molecule': 2}"
264,"{PetriNet('hs_0_net'): 1, 'MP_molecule': 1350, 'TH_molecule': 1477, 'B_molecule': 1472, 'B_ACTIVE_molecule': 433, 'VOID_molecule': 134, 'MP_ACTIVE_molecule': 90, 'TH_ACTIVE_molecule': 316, 'B_MEMORY_molecule': 300, 'B_PLASMA_molecule': 1106, 'IGG_molecule': 419, 'B_PRESENTING_molecule': 2}"
265,"{PetriNet('hs_0_net'): 1, 'MP_molecule': 1358, 'TH_molecule': 1486, 'B_molecule': 1481, 'B_ACTIVE_molecule': 433, 'VOID_molecule': 134, 'MP_ACTIVE_molecule': 90, 'TH_ACTIVE_molecule': 316, 'B_MEMORY_molecule': 300, 'B_PLASMA_molecule': 1114, 'IGG_molecule': 424, 'B_PRESENTING_molecule': 2}"
266,"{PetriNet('hs_0_net'): 1, 'MP_molecule': 1366, 'TH_molecule': 1493, 'B_molecule': 1489, 'B_ACTIVE_molecule': 433, 'VOID_molecule': 134, 'MP_ACTIVE_molecule': 90, 'TH_ACTIVE_molecule': 317, 'B_MEMORY_molecule': 300, 'B_PLASMA_molecule': 1113, 'IGG_molecule': 420, 'B_PRESENTING_molecule': 2}"
267,"{PetriNet('hs_0_net'): 1, 'MP_molecule': 1365, 'TH_molecule': 1502, 'B_molecule': 1497, 'B_ACTIVE_molecule': 433, 'VOID_molecule': 134, 'MP_ACTIVE_molecule': 90, 'TH_ACTIVE_molecule': 317, 'B_MEMORY_molecule': 300, 'B_PLASMA_molecule': 1121, 'IGG_molecule': 426, 'B_PRESENTING_molecule': 2}"
268,"{PetriNet('hs_0_net'): 1, 'MP_molecule': 1373, 'TH_molecule': 1509, 'B_molecule': 1506, 'B_ACTIVE_molecule': 433, 'VOID_molecule': 134, 'MP_ACTIVE_molecule': 90, 'TH_ACTIVE_molecule': 318, 'B_MEMORY_molecule': 300, 'B_PLASMA_molecule': 1128, 'IGG_molecule': 431, 'B_PRESENTING_molecule': 2}"
269,"{PetriNet('hs_0_net'): 1, 'MP_molecule': 1381, 'TH_molecule': 1518, 'B_molecule': 1514, 'B_ACTIVE_molecule': 433, 'VOID_molecule': 134, 'MP_ACTIVE_molecule': 90, 'TH_ACTIVE_molecule': 318, 'B_MEMORY_molecule': 300, 'B_PLASMA_molecule': 1135, 'IGG_molecule': 437, 'B_PRESENTING_molecule': 2}"
270,"{PetriNet('hs_0_net'): 1, 'MP_molecule': 1390, 'TH_molecule': 1526, 'B_molecule': 1522, 'B_ACTIVE_molecule': 433, 'VOID_molecule': 134, 'MP_ACTIVE_molecule': 90, 'TH_ACTIVE_molecule': 318, 'B_MEMORY_molecule': 300, 'B_PLASMA_molecule': 1142, 'IGG_molecule': 443, 'B_PRESENTING_molecule': 2}"
271,"{PetriNet('hs_0_net'): 1, 'MP_molecule': 1390, 'TH_molecule': 1524, 'B_molecule': 1530, 'B_ACTIVE_molecule': 433, 'VOID_molecule': 134, 'MP_ACTIVE_molecule': 90, 'TH_ACTIVE_molecule': 319, 'B_MEMORY_molecule': 300, 'B_PLASMA_molecule': 1149, 'IGG_molecule': 449, 'B_PRESENTING_molecule': 2}"
272,"{PetriNet('hs_0_net'): 1, 'MP_molecule': 1398, 'TH_molecule': 1522, 'B_molecule': 1529, 'B_ACTIVE_molecule': 433, 'VOID_molecule': 134, 'MP_ACTIVE_molecule': 90, 'TH_ACTIVE_molecule': 320, 'B_MEMORY_molecule': 300, 'B_PLASMA_molecule': 1156, 'IGG_molecule': 455, 'B_PRESENTING_molecule': 2}"
273,"{PetriNet('hs_0_net'): 1, 'MP_molecule': 1406, 'TH_molecule': 1530, 'B_molecule': 1538, 'B_ACTIVE_molecule': 433, 'VOID_molecule': 134, 'MP_ACTIVE_molecule': 90, 'TH_ACTIVE_molecule': 321, 'B_MEMORY_molecule': 300, 'B_PLASMA_molecule': 1163, 'IGG_molecule': 461, 'B_PRESENTING_molecule': 2}"
274,"{PetriNet('hs_0_net'): 1, 'MP_molecule': 1415, 'TH_molecule': 1537, 'B_molecule': 1546, 'B_ACTIVE_molecule': 433, 'VOID_molecule': 134, 'MP_ACTIVE_molecule': 90, 'TH_ACTIVE_molecule': 322, 'B_MEMORY_molecule': 300, 'B_PLASMA_molecule': 1170, 'IGG_molecule': 467, 'B_PRESENTING_molecule': 2}"
275,"{PetriNet('hs_0_net'): 1, 'MP_molecule': 1414, 'TH_molecule': 1535, 'B_molecule': 1554, 'B_ACTIVE_molecule': 433, 'VOID_molecule': 134, 'MP_ACTIVE_molecule': 90, 'TH_ACTIVE_molecule': 323, 'B_MEMORY_molecule': 300, 'B_PLASMA_molecule': 1178, 'IGG_molecule': 473, 'B_PRESENTING_molecule': 2}"
276,"{PetriNet('hs_0_net'): 1, 'MP_molecule': 1422, 'TH_molecule': 1543, 'B_molecule': 1562, 'B_ACTIVE_molecule': 433, 'VOID_molecule': 134, 'MP_ACTIVE_molecule': 90, 'TH_ACTIVE_molecule': 324, 'B_MEMORY_molecule': 300, 'B_PLASMA_molecule': 1185, 'IGG_molecule': 480, 'B_PRESENTING_molecule': 2}"
277,"{PetriNet('hs_0_net'): 1, 'MP_molecule': 1430, 'TH_molecule': 1552, 'B_molecule': 1571, 'B_ACTIVE_molecule': 433, 'VOID_molecule': 134, 'MP_ACTIVE_molecule': 90, 'TH_ACTIVE_molecule': 324, 'B_MEMORY_molecule': 300, 'B_PLASMA_molecule': 1184, 'IGG_molecule': 477, 'B_PRESENTING_molecule': 2}"
278,"{PetriNet('hs_0_net'): 1, 'MP_molecule': 1429, 'TH_molecule': 1551, 'B_molecule': 1570, 'B_ACTIVE_molecule': 433, 'VOID_molecule': 134, 'MP_ACTIVE_molecule': 90, 'TH_ACTIVE_molecule': 324, 'B_MEMORY_molecule': 300, 'B_PLASMA_molecule': 1192, 'IGG_molecule': 483, 'B_PRESENTING_molecule': 2}"
279,"{PetriNet('hs_0_net'): 1, 'MP_molecule': 1437, 'TH_molecule': 1549, 'B_molecule': 1569, 'B_ACTIVE_molecule': 433, 'VOID_molecule': 134, 'MP_ACTIVE_molecule': 90, 'TH_ACTIVE_molecule': 325, 'B_MEMORY_molecule': 300, 'B_PLASMA_molecule': 1191, 'IGG_molecule': 480, 'B_PRESENTING_molecule': 2}"
280,"{PetriNet('hs_0_net'): 1, 'MP_molecule': 1445, 'TH_molecule': 1556, 'B_molecule': 1577, 'B_ACTIVE_molecule': 433, 'VOID_molecule': 134, 'MP_ACTIVE_molecule': 90, 'TH_ACTIVE_molecule': 326, 'B_MEMORY_molecule': 300, 'B_PLASMA_molecule': 1190, 'IGG_molecule': 477, 'B_PRESENTING_molecule': 2}"
281,"{PetriNet('hs_0_net'): 1, 'MP_molecule': 1453, 'TH_molecule': 1563, 'B_molecule': 1585, 'B_ACTIVE_molecule': 433, 'VOID_molecule': 134, 'MP_ACTIVE_molecule': 90, 'TH_ACTIVE_molecule': 327, 'B_MEMORY_molecule': 300, 'B_PLASMA_molecule': 1190, 'IGG_molecule': 472, 'B_PRESENTING_molecule': 2}"
282,"{PetriNet('hs_0_net'): 1, 'MP_molecule': 1461, 'TH_molecule': 1571, 'B_molecule': 1593, 'B_ACTIVE_molecule': 433, 'VOID_molecule': 134, 'MP_ACTIVE_molecule': 90, 'TH_ACTIVE_molecule': 327, 'B_MEMORY_molecule': 300, 'B_PLASMA_molecule': 1190, 'IGG_molecule': 468, 'B_PRESENTING_molecule': 2}"
283,"{PetriNet('hs_0_net'): 1, 'MP_molecule': 1470, 'TH_molecule': 1578, 'B_molecule': 1592, 'B_ACTIVE_molecule': 433, 'VOID_molecule': 134, 'MP_ACTIVE_molecule': 90, 'TH_ACTIVE_molecule': 328, 'B_MEMORY_molecule': 300, 'B_PLASMA_molecule': 1190, 'IGG_molecule': 463, 'B_PRESENTING_molecule': 2}"
284,"{PetriNet('hs_0_net'): 1, 'MP_molecule': 1478, 'TH_molecule': 1586, 'B_molecule': 1591, 'B_ACTIVE_molecule': 433, 'VOID_molecule': 134, 'MP_ACTIVE_molecule': 90, 'TH_ACTIVE_molecule': 329, 'B_MEMORY_molecule': 300, 'B_PLASMA_molecule': 1190, 'IGG_molecule': 461, 'B_PRESENTING_molecule': 2}"
285,"{PetriNet('hs_0_net'): 1, 'MP_molecule': 1487, 'TH_molecule': 1593, 'B_molecule': 1599, 'B_ACTIVE_molecule': 433, 'VOID_molecule': 134, 'MP_ACTIVE_molecule': 90, 'TH_ACTIVE_molecule': 330, 'B_MEMORY_molecule': 300, 'B_PLASMA_molecule': 1190, 'IGG_molecule': 457, 'B_PRESENTING_molecule': 2}"
286,"{PetriNet('hs_0_net'): 1, 'MP_molecule': 1495, 'TH_molecule': 1600, 'B_molecule': 1607, 'B_ACTIVE_molecule': 433, 'VOID_molecule': 134, 'MP_ACTIVE_molecule': 90, 'TH_ACTIVE_molecule': 331, 'B_MEMORY_molecule': 300, 'B_PLASMA_molecule': 1190, 'IGG_molecule': 455, 'B_PRESENTING_molecule': 2}"
287,"{PetriNet('hs_0_net'): 1, 'MP_molecule': 1495, 'TH_molecule': 1608, 'B_molecule': 1615, 'B_ACTIVE_molecule': 433, 'VOID_molecule': 134, 'MP_ACTIVE_molecule': 90, 'TH_ACTIVE_molecule': 332, 'B_MEMORY_molecule': 300, 'B_PLASMA_molecule': 1190, 'IGG_molecule': 451, 'B_PRESENTING_molecule': 2}"
288,"{PetriNet('hs_0_net'): 1, 'MP_molecule': 1494, 'TH_molecule': 1615, 'B_molecule': 1615, 'B_ACTIVE_molecule': 433, 'VOID_molecule': 134, 'MP_ACTIVE_molecule': 90, 'TH_ACTIVE_molecule': 333, 'B_MEMORY_molecule': 300, 'B_PLASMA_molecule': 1190, 'IGG_molecule': 446, 'B_PRESENTING_molecule': 2}"
289,"{PetriNet('hs_0_net'): 1, 'MP_molecule': 1493, 'TH_molecule': 1623, 'B_molecule': 1614, 'B_ACTIVE_molecule': 433, 'VOID_molecule': 134, 'MP_ACTIVE_molecule': 90, 'TH_ACTIVE_molecule': 333, 'B_MEMORY_molecule': 300, 'B_PLASMA_molecule': 1190, 'IGG_molecule': 442, 'B_PRESENTING_molecule': 2}"
290,"{PetriNet('hs_0_net'): 1, 'MP_molecule': 1501, 'TH_molecule': 1631, 'B_molecule': 1613, 'B_ACTIVE_molecule': 433, 'VOID_molecule': 134, 'MP_ACTIVE_molecule': 90, 'TH_ACTIVE_molecule': 334, 'B_MEMORY_molecule': 300, 'B_PLASMA_molecule': 1190, 'IGG_molecule': 439, 'B_PRESENTING_molecule': 2}"
291,"{PetriNet('hs_0_net'): 1, 'MP_molecule': 1509, 'TH_molecule': 1639, 'B_molecule': 1622, 'B_ACTIVE_molecule': 433, 'VOID_molecule': 134, 'MP_ACTIVE_molecule': 90, 'TH_ACTIVE_molecule': 334, 'B_MEMORY_molecule': 300, 'B_PLASMA_molecule': 1190, 'IGG_molecule': 436, 'B_PRESENTING_molecule': 2}"
292,"{PetriNet('hs_0_net'): 1, 'MP_molecule': 1518, 'TH_molecule': 1648, 'B_molecule': 1621, 'B_ACTIVE_molecule': 433, 'VOID_molecule': 134, 'MP_ACTIVE_molecule': 90, 'TH_ACTIVE_molecule': 334, 'B_MEMORY_molecule': 300, 'B_PLASMA_molecule': 1190, 'IGG_molecule': 433, 'B_PRESENTING_molecule': 2}"
293,"{PetriNet('hs_0_net'): 1, 'MP_molecule': 1526, 'TH_molecule': 1656, 'B_molecule': 1630, 'B_ACTIVE_molecule': 433, 'VOID_molecule': 134, 'MP_ACTIVE_molecule': 90, 'TH_ACTIVE_molecule': 335, 'B_MEMORY_molecule': 300, 'B_PLASMA_molecule': 1190, 'IGG_molecule': 428, 'B_PRESENTING_molecule': 2}"
294,"{PetriNet('hs_0_net'): 1, 'MP_molecule': 1526, 'TH_molecule': 1655, 'B_molecule': 1638, 'B_ACTIVE_molecule': 433, 'VOID_molecule': 134, 'MP_ACTIVE_molecule': 90, 'TH_ACTIVE_molecule': 336, 'B_MEMORY_molecule': 300, 'B_PLASMA_molecule': 1190, 'IGG_molecule': 423, 'B_PRESENTING_molecule': 2}"
295,"{PetriNet('hs_0_net'): 1, 'MP_molecule': 1534, 'TH_molecule': 1662, 'B_molecule': 1647, 'B_ACTIVE_molecule': 433, 'VOID_molecule': 134, 'MP_ACTIVE_molecule': 90, 'TH_ACTIVE_molecule': 337, 'B_MEMORY_molecule': 300, 'B_PLASMA_molecule': 1190, 'IGG_molecule': 418, 'B_PRESENTING_molecule': 2}"
296,"{PetriNet('hs_0_net'): 1, 'MP_molecule': 1542, 'TH_molecule': 1670, 'B_molecule': 1655, 'B_ACTIVE_molecule': 433, 'VOID_molecule': 134, 'MP_ACTIVE_molecule': 90, 'TH_ACTIVE_molecule': 337, 'B_MEMORY_molecule': 300, 'B_PLASMA_molecule': 1190, 'IGG_molecule': 415, 'B_PRESENTING_molecule': 2}"
297,"{PetriNet('hs_0_net'): 1, 'MP_molecule': 1541, 'TH_molecule': 1678, 'B_molecule': 1663, 'B_ACTIVE_molecule': 433, 'VOID_molecule': 134, 'MP_ACTIVE_molecule': 90, 'TH_ACTIVE_molecule': 337, 'B_MEMORY_molecule': 300, 'B_PLASMA_molecule': 1190, 'IGG_molecule': 410, 'B_PRESENTING_molecule': 2}"
298,"{PetriNet('hs_0_net'): 1, 'MP_molecule': 1549, 'TH_molecule': 1685, 'B_molecule': 1672, 'B_ACTIVE_molecule': 433, 'VOID_molecule': 134, 'MP_ACTIVE_molecule': 90, 'TH_ACTIVE_molecule': 338, 'B_MEMORY_molecule': 300, 'B_PLASMA_molecule': 1190, 'IGG_molecule': 408, 'B_PRESENTING_molecule': 2}"
299,"{PetriNet('hs_0_net'): 1, 'MP_molecule': 1549, 'TH_molecule': 1692, 'B_molecule': 1680, 'B_ACTIVE_molecule': 433, 'VOID_molecule': 134, 'MP_ACTIVE_molecule': 90, 'TH_ACTIVE_molecule': 339, 'B_MEMORY_molecule': 300, 'B_PLASMA_molecule': 1190, 'IGG_molecule': 404, 'B_PRESENTING_molecule': 2}"
300,"{PetriNet('hs_0_net'): 1, 'MP_molecule': 1557, 'TH_molecule': 1700, 'B_molecule': 1689, 'B_ACTIVE_molecule': 433, 'VOID_molecule': 134, 'MP_ACTIVE_molecule': 90, 'TH_ACTIVE_molecule': 339, 'B_MEMORY_molecule': 300, 'B_PLASMA_molecule': 1190, 'IGG_molecule': 401, 'B_PRESENTING_molecule': 2}"
301,"{PetriNet('hs_0_net'): 1, 'MP_molecule': 1565, 'TH_molecule': 1708, 'B_molecule': 1688, 'B_ACTIVE_molecule': 433, 'VOID_molecule': 134, 'MP_ACTIVE_molecule': 90, 'TH_ACTIVE_molecule': 339, 'B_MEMORY_molecule': 300, 'B_PLASMA_molecule': 1190, 'IGG_molecule': 396, 'B_PRESENTING_molecule': 2}"
302,"{PetriNet('hs_0_net'): 1, 'MP_molecule': 1574, 'TH_molecule': 1715, 'B_molecule': 1696, 'B_ACTIVE_molecule': 433, 'VOID_molecule': 134, 'MP_ACTIVE_molecule': 90, 'TH_ACTIVE_molecule': 340, 'B_MEMORY_molecule': 300, 'B_PLASMA_molecule': 1190, 'IGG_molecule': 392, 'B_PRESENTING_molecule': 2}"
303,"{PetriNet('hs_0_net'): 1, 'MP_molecule': 1583, 'TH_molecule': 1722, 'B_molecule': 1704, 'B_ACTIVE_molecule': 433, 'VOID_molecule': 134, 'MP_ACTIVE_molecule': 90, 'TH_ACTIVE_molecule': 341, 'B_MEMORY_molecule': 300, 'B_PLASMA_molecule': 1190, 'IGG_molecule': 387, 'B_PRESENTING_molecule': 2}"
304,"{PetriNet('hs_0_net'): 1, 'MP_molecule': 1592, 'TH_molecule': 1729, 'B_molecule': 1712, 'B_ACTIVE_molecule': 433, 'VOID_molecule': 134, 'MP_ACTIVE_molecule': 90, 'TH_ACTIVE_molecule': 342, 'B_MEMORY_molecule': 300, 'B_PLASMA_molecule': 1190, 'IGG_molecule': 384, 'B_PRESENTING_molecule': 2}"
305,"{PetriNet('hs_0_net'): 1, 'MP_molecule': 1600, 'TH_molecule': 1736, 'B_molecule': 1720, 'B_ACTIVE_molecule': 433, 'VOID_molecule': 134, 'MP_ACTIVE_molecule': 90, 'TH_ACTIVE_molecule': 343, 'B_MEMORY_molecule': 300, 'B_PLASMA_molecule': 1190, 'IGG_molecule': 380, 'B_PRESENTING_molecule': 2}"
306,"{PetriNet('hs_0_net'): 1, 'MP_molecule': 1609, 'TH_molecule': 1744, 'B_molecule': 1728, 'B_ACTIVE_molecule': 433, 'VOID_molecule': 134, 'MP_ACTIVE_molecule': 90, 'TH_ACTIVE_molecule': 343, 'B_MEMORY_molecule': 300, 'B_PLASMA_molecule': 1190, 'IGG_molecule': 375, 'B_PRESENTING_molecule': 2}"
307,"{PetriNet('hs_0_net'): 1, 'MP_molecule': 1617, 'TH_molecule': 1752, 'B_molecule': 1736, 'B_ACTIVE_molecule': 433, 'VOID_molecule': 134, 'MP_ACTIVE_molecule': 90, 'TH_ACTIVE_molecule': 344, 'B_MEMORY_molecule': 300, 'B_PLASMA_molecule': 1190, 'IGG_molecule': 372, 'B_PRESENTING_molecule': 2}"
308,"{PetriNet('hs_0_net'): 1, 'MP_molecule': 1626, 'TH_molecule': 1759, 'B_molecule': 1744, 'B_ACTIVE_molecule': 433, 'VOID_molecule': 134, 'MP_ACTIVE_molecule': 90, 'TH_ACTIVE_molecule': 345, 'B_MEMORY_molecule': 300, 'B_PLASMA_molecule': 1190, 'IGG_molecule': 367, 'B_PRESENTING_molecule': 2}"
309,"{PetriNet('hs_0_net'): 1, 'MP_molecule': 1634, 'TH_molecule': 1768, 'B_molecule': 1752, 'B_ACTIVE_molecule': 433, 'VOID_molecule': 134, 'MP_ACTIVE_molecule': 90, 'TH_ACTIVE_molecule': 345, 'B_MEMORY_molecule': 300, 'B_PLASMA_molecule': 1190, 'IGG_molecule': 363, 'B_PRESENTING_molecule': 2}"
310,"{PetriNet('hs_0_net'): 1, 'MP_molecule': 1634, 'TH_molecule': 1767, 'B_molecule': 1751, 'B_ACTIVE_molecule': 433, 'VOID_molecule': 134, 'MP_ACTIVE_molecule': 90, 'TH_ACTIVE_molecule': 345, 'B_MEMORY_molecule': 300, 'B_PLASMA_molecule': 1190, 'IGG_molecule': 358, 'B_PRESENTING_molecule': 2}"
311,"{PetriNet('hs_0_net'): 1, 'MP_molecule': 1642, 'TH_molecule': 1766, 'B_molecule': 1759, 'B_ACTIVE_molecule': 433, 'VOID_molecule': 134, 'MP_ACTIVE_molecule': 90, 'TH_ACTIVE_molecule': 346, 'B_MEMORY_molecule': 300, 'B_PLASMA_molecule': 1190, 'IGG_molecule': 354, 'B_PRESENTING_molecule': 2}"
312,"{PetriNet('hs_0_net'): 1, 'MP_molecule': 1650, 'TH_molecule': 1765, 'B_molecule': 1767, 'B_ACTIVE_molecule': 433, 'VOID_molecule': 134, 'MP_ACTIVE_molecule': 90, 'TH_ACTIVE_molecule': 347, 'B_MEMORY_molecule': 300, 'B_PLASMA_molecule': 1190, 'IGG_molecule': 349, 'B_PRESENTING_molecule': 2}"
313,"{PetriNet('hs_0_net'): 1, 'MP_molecule': 1658, 'TH_molecule': 1772, 'B_molecule': 1775, 'B_ACTIVE_molecule': 433, 'VOID_molecule': 134, 'MP_ACTIVE_molecule': 90, 'TH_ACTIVE_molecule': 348, 'B_MEMORY_molecule': 300, 'B_PLASMA_molecule': 1190, 'IGG_molecule': 345, 'B_PRESENTING_molecule': 2}"
314,"{PetriNet('hs_0_net'): 1, 'MP_molecule': 1666, 'TH_molecule': 1780, 'B_molecule': 1783, 'B_ACTIVE_molecule': 433, 'VOID_molecule': 134, 'MP_ACTIVE_molecule': 90, 'TH_ACTIVE_molecule': 348, 'B_MEMORY_molecule': 300, 'B_PLASMA_molecule': 1190, 'IGG_molecule': 342, 'B_PRESENTING_molecule': 2}"
315,"{PetriNet('hs_0_net'): 1, 'MP_molecule': 1674, 'TH_molecule': 1779, 'B_molecule': 1792, 'B_ACTIVE_molecule': 433, 'VOID_molecule': 134, 'MP_ACTIVE_molecule': 90, 'TH_ACTIVE_molecule': 348, 'B_MEMORY_molecule': 300, 'B_PLASMA_molecule': 1190, 'IGG_molecule': 338, 'B_PRESENTING_molecule': 2}"
316,"{PetriNet('hs_0_net'): 1, 'MP_molecule': 1673, 'TH_molecule': 1786, 'B_molecule': 1800, 'B_ACTIVE_molecule': 433, 'VOID_molecule': 134, 'MP_ACTIVE_molecule': 90, 'TH_ACTIVE_molecule': 349, 'B_MEMORY_molecule': 300, 'B_PLASMA_molecule': 1190, 'IGG_molecule': 334, 'B_PRESENTING_molecule': 2}"
317,"{PetriNet('hs_0_net'): 1, 'MP_molecule': 1672, 'TH_molecule': 1793, 'B_molecule': 1799, 'B_ACTIVE_molecule': 433, 'VOID_molecule': 134, 'MP_ACTIVE_molecule': 90, 'TH_ACTIVE_molecule': 350, 'B_MEMORY_molecule': 300, 'B_PLASMA_molecule': 1190, 'IGG_molecule': 331, 'B_PRESENTING_molecule': 2}"
318,"{PetriNet('hs_0_net'): 1, 'MP_molecule': 1680, 'TH_molecule': 1800, 'B_molecule': 1798, 'B_ACTIVE_molecule': 433, 'VOID_molecule': 134, 'MP_ACTIVE_molecule': 90, 'TH_ACTIVE_molecule': 351, 'B_MEMORY_molecule': 300, 'B_PLASMA_molecule': 1190, 'IGG_molecule': 327, 'B_PRESENTING_molecule': 2}"
319,"{PetriNet('hs_0_net'): 1, 'MP_molecule': 1688, 'TH_molecule': 1808, 'B_molecule': 1797, 'B_ACTIVE_molecule': 433, 'VOID_molecule': 134, 'MP_ACTIVE_molecule': 90, 'TH_ACTIVE_molecule': 351, 'B_MEMORY_molecule': 300, 'B_PLASMA_molecule': 1190, 'IGG_molecule': 323, 'B_PRESENTING_molecule': 2}"
320,"{PetriNet('hs_0_net'): 1, 'MP_molecule': 1697, 'TH_molecule': 1815, 'B_molecule': 1805, 'B_ACTIVE_molecule': 433, 'VOID_molecule': 134, 'MP_ACTIVE_molecule': 90, 'TH_ACTIVE_molecule': 352, 'B_MEMORY_molecule': 300, 'B_PLASMA_molecule': 1190, 'IGG_molecule': 319, 'B_PRESENTING_molecule': 2}"
321,"{PetriNet('hs_0_net'): 1, 'MP_molecule': 1705, 'TH_molecule': 1822, 'B_molecule': 1813, 'B_ACTIVE_molecule': 433, 'VOID_molecule': 134, 'MP_ACTIVE_molecule': 90, 'TH_ACTIVE_molecule': 353, 'B_MEMORY_molecule': 300, 'B_PLASMA_molecule': 1190, 'IGG_molecule': 315, 'B_PRESENTING_molecule': 2}"
322,"{PetriNet('hs_0_net'): 1, 'MP_molecule': 1713, 'TH_molecule': 1829, 'B_molecule': 1821, 'B_ACTIVE_molecule': 433, 'VOID_molecule': 134, 'MP_ACTIVE_molecule': 90, 'TH_ACTIVE_molecule': 354, 'B_MEMORY_molecule': 300, 'B_PLASMA_molecule': 1190, 'IGG_molecule': 312, 'B_PRESENTING_molecule': 2}"
323,"{PetriNet('hs_0_net'): 1, 'MP_molecule': 1721, 'TH_molecule': 1837, 'B_molecule': 1829, 'B_ACTIVE_molecule': 433, 'VOID_molecule': 134, 'MP_ACTIVE_molecule': 90, 'TH_ACTIVE_molecule': 355, 'B_MEMORY_molecule': 300, 'B_PLASMA_molecule': 1190, 'IGG_molecule': 309, 'B_PRESENTING_molecule': 2}"
324,"{PetriNet('hs_0_net'): 1, 'MP_molecule': 1729, 'TH_molecule': 1845, 'B_molecule': 1828, 'B_ACTIVE_molecule': 433, 'VOID_molecule': 134, 'MP_ACTIVE_molecule': 90, 'TH_ACTIVE_molecule': 355, 'B_MEMORY_molecule': 300, 'B_PLASMA_molecule': 1190, 'IGG_molecule': 306, 'B_PRESENTING_molecule': 2}"
325,"{PetriNet('hs_0_net'): 1, 'MP_molecule': 1737, 'TH_molecule': 1854, 'B_molecule': 1836, 'B_ACTIVE_molecule': 433, 'VOID_molecule': 134, 'MP_ACTIVE_molecule': 90, 'TH_ACTIVE_molecule': 355, 'B_MEMORY_molecule': 300, 'B_PLASMA_molecule': 1190, 'IGG_molecule': 302, 'B_PRESENTING_molecule': 2}"
326,"{PetriNet('hs_0_net'): 1, 'MP_molecule': 1746, 'TH_molecule': 1862, 'B_molecule': 1845, 'B_ACTIVE_molecule': 433, 'VOID_molecule': 134, 'MP_ACTIVE_molecule': 90, 'TH_ACTIVE_molecule': 355, 'B_MEMORY_molecule': 300, 'B_PLASMA_molecule': 1190, 'IGG_molecule': 298, 'B_PRESENTING_molecule': 2}"
327,"{PetriNet('hs_0_net'): 1, 'MP_molecule': 1746, 'TH_molecule': 1861, 'B_molecule': 1844, 'B_ACTIVE_molecule': 433, 'VOID_molecule': 134, 'MP_ACTIVE_molecule': 90, 'TH_ACTIVE_molecule': 355, 'B_MEMORY_molecule': 300, 'B_PLASMA_molecule': 1190, 'IGG_molecule': 293, 'B_PRESENTING_molecule': 2}"
328,"{PetriNet('hs_0_net'): 1, 'MP_molecule': 1745, 'TH_molecule': 1868, 'B_molecule': 1852, 'B_ACTIVE_molecule': 433, 'VOID_molecule': 134, 'MP_ACTIVE_molecule': 90, 'TH_ACTIVE_molecule': 356, 'B_MEMORY_molecule': 300, 'B_PLASMA_molecule': 1190, 'IGG_molecule': 290, 'B_PRESENTING_molecule': 2}"
329,"{PetriNet('hs_0_net'): 1, 'MP_molecule': 1753, 'TH_molecule': 1866, 'B_molecule': 1860, 'B_ACTIVE_molecule': 433, 'VOID_molecule': 134, 'MP_ACTIVE_molecule': 90, 'TH_ACTIVE_molecule': 357, 'B_MEMORY_molecule': 300, 'B_PLASMA_molecule': 1190, 'IGG_molecule': 286, 'B_PRESENTING_molecule': 2}"
330,"{PetriNet('hs_0_net'): 1, 'MP_molecule': 1762, 'TH_molecule': 1864, 'B_molecule': 1869, 'B_ACTIVE_molecule': 433, 'VOID_molecule': 134, 'MP_ACTIVE_molecule': 90, 'TH_ACTIVE_molecule': 358, 'B_MEMORY_molecule': 300, 'B_PLASMA_molecule': 1190, 'IGG_molecule': 281, 'B_PRESENTING_molecule': 2}"
331,"{PetriNet('hs_0_net'): 1, 'MP_molecule': 1761, 'TH_molecule': 1862, 'B_molecule': 1877, 'B_ACTIVE_molecule': 433, 'VOID_molecule': 134, 'MP_ACTIVE_molecule': 90, 'TH_ACTIVE_molecule': 359, 'B_MEMORY_molecule': 300, 'B_PLASMA_molecule': 1190, 'IGG_molecule': 277, 'B_PRESENTING_molecule': 2}"
332,"{PetriNet('hs_0_net'): 1, 'MP_molecule': 1769, 'TH_molecule': 1869, 'B_molecule': 1885, 'B_ACTIVE_molecule': 433, 'VOID_molecule': 134, 'MP_ACTIVE_molecule': 90, 'TH_ACTIVE_molecule': 360, 'B_MEMORY_molecule': 300, 'B_PLASMA_molecule': 1190, 'IGG_molecule': 274, 'B_PRESENTING_molecule': 2}"
333,"{PetriNet('hs_0_net'): 1, 'MP_molecule': 1768, 'TH_molecule': 1867, 'B_molecule': 1893, 'B_ACTIVE_molecule': 433, 'VOID_molecule': 134, 'MP_ACTIVE_molecule': 90, 'TH_ACTIVE_molecule': 361, 'B_MEMORY_molecule': 300, 'B_PLASMA_molecule': 1190, 'IGG_molecule': 272, 'B_PRESENTING_molecule': 2}"
334,"{PetriNet('hs_0_net'): 1, 'MP_molecule': 1777, 'TH_molecule': 1876, 'B_molecule': 1892, 'B_ACTIVE_molecule': 433, 'VOID_molecule': 134, 'MP_ACTIVE_molecule': 90, 'TH_ACTIVE_molecule': 361, 'B_MEMORY_molecule': 300, 'B_PLASMA_molecule': 1190, 'IGG_molecule': 267, 'B_PRESENTING_molecule': 2}"
335,"{PetriNet('hs_0_net'): 1, 'MP_molecule': 1785, 'TH_molecule': 1874, 'B_molecule': 1901, 'B_ACTIVE_molecule': 433, 'VOID_molecule': 134, 'MP_ACTIVE_molecule': 90, 'TH_ACTIVE_molecule': 362, 'B_MEMORY_molecule': 300, 'B_PLASMA_molecule': 1190, 'IGG_molecule': 263, 'B_PRESENTING_molecule': 2}"
336,"{PetriNet('hs_0_net'): 1, 'MP_molecule': 1793, 'TH_molecule': 1882, 'B_molecule': 1900, 'B_ACTIVE_molecule': 433, 'VOID_molecule': 134, 'MP_ACTIVE_molecule': 90, 'TH_ACTIVE_molecule': 363, 'B_MEMORY_molecule': 300, 'B_PLASMA_molecule': 1190, 'IGG_molecule': 259, 'B_PRESENTING_molecule': 2}"
337,"{PetriNet('hs_0_net'): 1, 'MP_molecule': 1801, 'TH_molecule': 1890, 'B_molecule': 1908, 'B_ACTIVE_molecule': 433, 'VOID_molecule': 134, 'MP_ACTIVE_molecule': 90, 'TH_ACTIVE_molecule': 363, 'B_MEMORY_molecule': 300, 'B_PLASMA_molecule': 1190, 'IGG_molecule': 257, 'B_PRESENTING_molecule': 2}"
338,"{PetriNet('hs_0_net'): 1, 'MP_molecule': 1809, 'TH_molecule': 1897, 'B_molecule': 1916, 'B_ACTIVE_molecule': 433, 'VOID_molecule': 134, 'MP_ACTIVE_molecule': 90, 'TH_ACTIVE_molecule': 364, 'B_MEMORY_molecule': 300, 'B_PLASMA_molecule': 1190, 'IGG_molecule': 254, 'B_PRESENTING_molecule': 2}"
339,"{PetriNet('hs_0_net'): 1, 'MP_molecule': 1817, 'TH_molecule': 1896, 'B_molecule': 1924, 'B_ACTIVE_molecule': 433, 'VOID_molecule': 134, 'MP_ACTIVE_molecule': 90, 'TH_ACTIVE_molecule': 364, 'B_MEMORY_molecule': 300, 'B_PLASMA_molecule': 1190, 'IGG_molecule': 249, 'B_PRESENTING_molecule': 2}"
340,"{PetriNet('hs_0_net'): 1, 'MP_molecule': 1825, 'TH_molecule': 1894, 'B_molecule': 1923, 'B_ACTIVE_molecule': 433, 'VOID_molecule': 134, 'MP_ACTIVE_molecule': 90, 'TH_ACTIVE_molecule': 365, 'B_MEMORY_molecule': 300, 'B_PLASMA_molecule': 1190, 'IGG_molecule': 245, 'B_PRESENTING_molecule': 2}"
341,"{PetriNet('hs_0_net'): 1, 'MP_molecule': 1833, 'TH_molecule': 1892, 'B_molecule': 1931, 'B_ACTIVE_molecule': 433, 'VOID_molecule': 134, 'MP_ACTIVE_molecule': 90, 'TH_ACTIVE_molecule': 366, 'B_MEMORY_molecule': 300, 'B_PLASMA_molecule': 1190, 'IGG_molecule': 241, 'B_PRESENTING_molecule': 2}"
342,"{PetriNet('hs_0_net'): 1, 'MP_molecule': 1832, 'TH_molecule': 1899, 'B_molecule': 1940, 'B_ACTIVE_molecule': 433, 'VOID_molecule': 134, 'MP_ACTIVE_molecule': 90, 'TH_ACTIVE_molecule': 367, 'B_MEMORY_molecule': 300, 'B_PLASMA_molecule': 1190, 'IGG_molecule': 236, 'B_PRESENTING_molecule': 2}"
343,"{PetriNet('hs_0_net'): 1, 'MP_molecule': 1831, 'TH_molecule': 1906, 'B_molecule': 1939, 'B_ACTIVE_molecule': 433, 'VOID_molecule': 134, 'MP_ACTIVE_molecule': 90, 'TH_ACTIVE_molecule': 368, 'B_MEMORY_molecule': 300, 'B_PLASMA_molecule': 1190, 'IGG_molecule': 232, 'B_PRESENTING_molecule': 2}"
344,"{PetriNet('hs_0_net'): 1, 'MP_molecule': 1830, 'TH_molecule': 1904, 'B_molecule': 1947, 'B_ACTIVE_molecule': 433, 'VOID_molecule': 134, 'MP_ACTIVE_molecule': 90, 'TH_ACTIVE_molecule': 369, 'B_MEMORY_molecule': 300, 'B_PLASMA_molecule': 1190, 'IGG_molecule': 228, 'B_PRESENTING_molecule': 2}"
345,"{PetriNet('hs_0_net'): 1, 'MP_molecule': 1838, 'TH_molecule': 1912, 'B_molecule': 1955, 'B_ACTIVE_molecule': 433, 'VOID_molecule': 134, 'MP_ACTIVE_molecule': 90, 'TH_ACTIVE_molecule': 370, 'B_MEMORY_molecule': 300, 'B_PLASMA_molecule': 1190, 'IGG_molecule': 224, 'B_PRESENTING_molecule': 2}"
346,"{PetriNet('hs_0_net'): 1, 'MP_molecule': 1846, 'TH_molecule': 1920, 'B_molecule': 1964, 'B_ACTIVE_molecule': 433, 'VOID_molecule': 134, 'MP_ACTIVE_molecule': 90, 'TH_ACTIVE_molecule': 370, 'B_MEMORY_molecule': 300, 'B_PLASMA_molecule': 1190, 'IGG_molecule': 219, 'B_PRESENTING_molecule': 2}"
347,"{PetriNet('hs_0_net'): 1, 'MP_molecule': 1854, 'TH_molecule': 1927, 'B_molecule': 1963, 'B_ACTIVE_molecule': 433, 'VOID_molecule': 134, 'MP_ACTIVE_molecule': 90, 'TH_ACTIVE_molecule': 371, 'B_MEMORY_molecule': 300, 'B_PLASMA_molecule': 1190, 'IGG_molecule': 214, 'B_PRESENTING_molecule': 2}"
348,"{PetriNet('hs_0_net'): 1, 'MP_molecule': 1862, 'TH_molecule': 1934, 'B_molecule': 1962, 'B_ACTIVE_molecule': 433, 'VOID_molecule': 134, 'MP_ACTIVE_molecule': 90, 'TH_ACTIVE_molecule': 372, 'B_MEMORY_molecule': 300, 'B_PLASMA_molecule': 1190, 'IGG_molecule': 210, 'B_PRESENTING_molecule': 2}"
349,"{PetriNet('hs_0_net'): 1, 'MP_molecule': 1870, 'TH_molecule': 1932, 'B_molecule': 1970, 'B_ACTIVE_molecule': 433, 'VOID_molecule': 134, 'MP_ACTIVE_molecule': 90, 'TH_ACTIVE_molecule': 373, 'B_MEMORY_molecule': 300, 'B_PLASMA_molecule': 1190, 'IGG_molecule': 205, 'B_PRESENTING_molecule': 2}"
350,"{PetriNet('hs_0_net'): 1, 'MP_molecule': 1870, 'TH_molecule': 1931, 'B_molecule': 1978, 'B_ACTIVE_molecule': 433, 'VOID_molecule': 134, 'MP_ACTIVE_molecule': 90, 'TH_ACTIVE_molecule': 374, 'B_MEMORY_molecule': 300, 'B_PLASMA_molecule': 1190, 'IGG_molecule': 201, 'B_PRESENTING_molecule': 2}"
351,"{PetriNet('hs_0_net'): 1, 'MP_molecule': 1870, 'TH_molecule': 1939, 'B_molecule': 1987, 'B_ACTIVE_molecule': 433, 'VOID_molecule': 134, 'MP_ACTIVE_molecule': 90, 'TH_ACTIVE_molecule': 374, 'B_MEMORY_molecule': 300, 'B_PLASMA_molecule': 1190, 'IGG_molecule': 198, 'B_PRESENTING_molecule': 2}"
352,"{PetriNet('hs_0_net'): 1, 'MP_molecule': 1878, 'TH_molecule': 1937, 'B_molecule': 1995, 'B_ACTIVE_molecule': 433, 'VOID_molecule': 134, 'MP_ACTIVE_molecule': 90, 'TH_ACTIVE_molecule': 375, 'B_MEMORY_molecule': 300, 'B_PLASMA_molecule': 1190, 'IGG_molecule': 195, 'B_PRESENTING_molecule': 2}"
353,"{PetriNet('hs_0_net'): 1, 'MP_molecule': 1877, 'TH_molecule': 1946, 'B_molecule': 2003, 'B_ACTIVE_molecule': 433, 'VOID_molecule': 134, 'MP_ACTIVE_molecule': 90, 'TH_ACTIVE_molecule': 375, 'B_MEMORY_molecule': 300, 'B_PLASMA_molecule': 1190, 'IGG_molecule': 191, 'B_PRESENTING_molecule': 2}"
354,"{PetriNet('hs_0_net'): 1, 'MP_molecule': 1885, 'TH_molecule': 1953, 'B_molecule': 2011, 'B_ACTIVE_molecule': 433, 'VOID_molecule': 134, 'MP_ACTIVE_molecule': 90, 'TH_ACTIVE_molecule': 376, 'B_MEMORY_molecule': 300, 'B_PLASMA_molecule': 1190, 'IGG_molecule': 188, 'B_PRESENTING_molecule': 2}"
355,"{PetriNet('hs_0_net'): 1, 'MP_molecule': 1893, 'TH_molecule': 1952, 'B_molecule': 2019, 'B_ACTIVE_molecule': 433, 'VOID_molecule': 134, 'MP_ACTIVE_molecule': 90, 'TH_ACTIVE_molecule': 376, 'B_MEMORY_molecule': 300, 'B_PLASMA_molecule': 1190, 'IGG_molecule': 185, 'B_PRESENTING_molecule': 2}"
356,"{PetriNet('hs_0_net'): 1, 'MP_molecule': 1901, 'TH_molecule': 1959, 'B_molecule': 2027, 'B_ACTIVE_molecule': 433, 'VOID_molecule': 134, 'MP_ACTIVE_molecule': 90, 'TH_ACTIVE_molecule': 377, 'B_MEMORY_molecule': 300, 'B_PLASMA_molecule': 1190, 'IGG_molecule': 182, 'B_PRESENTING_molecule': 2}"
357,"{PetriNet('hs_0_net'): 1, 'MP_molecule': 1909, 'TH_molecule': 1967, 'B_molecule': 2035, 'B_ACTIVE_molecule': 433, 'VOID_molecule': 134, 'MP_ACTIVE_molecule': 90, 'TH_ACTIVE_molecule': 377, 'B_MEMORY_molecule': 300, 'B_PLASMA_molecule': 1190, 'IGG_molecule': 178, 'B_PRESENTING_molecule': 2}"
358,"{PetriNet('hs_0_net'): 1, 'MP_molecule': 1908, 'TH_molecule': 1975, 'B_molecule': 2044, 'B_ACTIVE_molecule': 433, 'VOID_molecule': 134, 'MP_ACTIVE_molecule': 90, 'TH_ACTIVE_molecule': 377, 'B_MEMORY_molecule': 300, 'B_PLASMA_molecule': 1190, 'IGG_molecule': 173, 'B_PRESENTING_molecule': 2}"
359,"{PetriNet('hs_0_net'): 1, 'MP_molecule': 1907, 'TH_molecule': 1983, 'B_molecule': 2043, 'B_ACTIVE_molecule': 433, 'VOID_molecule': 134, 'MP_ACTIVE_molecule': 90, 'TH_ACTIVE_molecule': 377, 'B_MEMORY_molecule': 300, 'B_PLASMA_molecule': 1190, 'IGG_molecule': 170, 'B_PRESENTING_molecule': 2}"
360,"{PetriNet('hs_0_net'): 1, 'MP_molecule': 1915, 'TH_molecule': 1981, 'B_molecule': 2051, 'B_ACTIVE_molecule': 433, 'VOID_molecule': 134, 'MP_ACTIVE_molecule': 90, 'TH_ACTIVE_molecule': 378, 'B_MEMORY_molecule': 300, 'B_PLASMA_molecule': 1190, 'IGG_molecule': 168, 'B_PRESENTING_molecule': 2}"
361,"{PetriNet('hs_0_net'): 1, 'MP_molecule': 1914, 'TH_molecule': 1988, 'B_molecule': 2060, 'B_ACTIVE_molecule': 433, 'VOID_molecule': 134, 'MP_ACTIVE_molecule': 90, 'TH_ACTIVE_molecule': 379, 'B_MEMORY_molecule': 300, 'B_PLASMA_molecule': 1190, 'IGG_molecule': 163, 'B_PRESENTING_molecule': 2}"
362,"{PetriNet('hs_0_net'): 1, 'MP_molecule': 1914, 'TH_molecule': 1996, 'B_molecule': 2068, 'B_ACTIVE_molecule': 433, 'VOID_molecule': 134, 'MP_ACTIVE_molecule': 90, 'TH_ACTIVE_molecule': 379, 'B_MEMORY_molecule': 300, 'B_PLASMA_molecule': 1190, 'IGG_molecule': 158, 'B_PRESENTING_molecule': 2}"
363,"{PetriNet('hs_0_net'): 1, 'MP_molecule': 1913, 'TH_molecule': 1995, 'B_molecule': 2067, 'B_ACTIVE_molecule': 433, 'VOID_molecule': 134, 'MP_ACTIVE_molecule': 90, 'TH_ACTIVE_molecule': 380, 'B_MEMORY_molecule': 300, 'B_PLASMA_molecule': 1190, 'IGG_molecule': 155, 'B_PRESENTING_molecule': 2}"
364,"{PetriNet('hs_0_net'): 1, 'MP_molecule': 1913, 'TH_molecule': 2002, 'B_molecule': 2066, 'B_ACTIVE_molecule': 433, 'VOID_molecule': 134, 'MP_ACTIVE_molecule': 90, 'TH_ACTIVE_molecule': 381, 'B_MEMORY_molecule': 300, 'B_PLASMA_molecule': 1190, 'IGG_molecule': 152, 'B_PRESENTING_molecule': 2}"
365,"{PetriNet('hs_0_net'): 1, 'MP_molecule': 1921, 'TH_molecule': 2009, 'B_molecule': 2074, 'B_ACTIVE_molecule': 433, 'VOID_molecule': 134, 'MP_ACTIVE_molecule': 90, 'TH_ACTIVE_molecule': 382, 'B_MEMORY_molecule': 300, 'B_PLASMA_molecule': 1190, 'IGG_molecule': 147, 'B_PRESENTING_molecule': 2}"
366,"{PetriNet('hs_0_net'): 1, 'MP_molecule': 1929, 'TH_molecule': 2016, 'B_molecule': 2083, 'B_ACTIVE_molecule': 433, 'VOID_molecule': 134, 'MP_ACTIVE_molecule': 90, 'TH_ACTIVE_molecule': 383, 'B_MEMORY_molecule': 300, 'B_PLASMA_molecule': 1190, 'IGG_molecule': 144, 'B_PRESENTING_molecule': 2}"
367,"{PetriNet('hs_0_net'): 1, 'MP_molecule': 1929, 'TH_molecule': 2014, 'B_molecule': 2091, 'B_ACTIVE_molecule': 433, 'VOID_molecule': 134, 'MP_ACTIVE_molecule': 90, 'TH_ACTIVE_molecule': 384, 'B_MEMORY_molecule': 300, 'B_PLASMA_molecule': 1190, 'IGG_molecule': 142, 'B_PRESENTING_molecule': 2}"
368,"{PetriNet('hs_0_net'): 1, 'MP_molecule': 1937, 'TH_molecule': 2012, 'B_molecule': 2100, 'B_ACTIVE_molecule': 433, 'VOID_molecule': 134, 'MP_ACTIVE_molecule': 90, 'TH_ACTIVE_molecule': 385, 'B_MEMORY_molecule': 300, 'B_PLASMA_molecule': 1190, 'IGG_molecule': 137, 'B_PRESENTING_molecule': 2}"
369,"{PetriNet('hs_0_net'): 1, 'MP_molecule': 1946, 'TH_molecule': 2019, 'B_molecule': 2108, 'B_ACTIVE_molecule': 433, 'VOID_molecule': 134, 'MP_ACTIVE_molecule': 90, 'TH_ACTIVE_molecule': 386, 'B_MEMORY_molecule': 300, 'B_PLASMA_molecule': 1190, 'IGG_molecule': 132, 'B_PRESENTING_molecule': 2}"
370,"{PetriNet('hs_0_net'): 1, 'MP_molecule': 1954, 'TH_molecule': 2018, 'B_molecule': 2116, 'B_ACTIVE_molecule': 433, 'VOID_molecule': 134, 'MP_ACTIVE_molecule': 90, 'TH_ACTIVE_molecule': 387, 'B_MEMORY_molecule': 300, 'B_PLASMA_molecule': 1190, 'IGG_molecule': 129, 'B_PRESENTING_molecule': 2}"
371,"{PetriNet('hs_0_net'): 1, 'MP_molecule': 1963, 'TH_molecule': 2016, 'B_molecule': 2124, 'B_ACTIVE_molecule': 433, 'VOID_molecule': 134, 'MP_ACTIVE_molecule': 90, 'TH_ACTIVE_molecule': 388, 'B_MEMORY_molecule': 300, 'B_PLASMA_molecule': 1190, 'IGG_molecule': 126, 'B_PRESENTING_molecule': 2}"
372,"{PetriNet('hs_0_net'): 1, 'MP_molecule': 1972, 'TH_molecule': 2024, 'B_molecule': 2124, 'B_ACTIVE_molecule': 433, 'VOID_molecule': 134, 'MP_ACTIVE_molecule': 90, 'TH_ACTIVE_molecule': 389, 'B_MEMORY_molecule': 300, 'B_PLASMA_molecule': 1190, 'IGG_molecule': 121, 'B_PRESENTING_molecule': 2}"
373,"{PetriNet('hs_0_net'): 1, 'MP_molecule': 1981, 'TH_molecule': 2031, 'B_molecule': 2132, 'B_ACTIVE_molecule': 433, 'VOID_molecule': 134, 'MP_ACTIVE_molecule': 90, 'TH_ACTIVE_molecule': 390, 'B_MEMORY_molecule': 300, 'B_PLASMA_molecule': 1190, 'IGG_molecule': 117, 'B_PRESENTING_molecule': 2}"
374,"{PetriNet('hs_0_net'): 1, 'MP_molecule': 1990, 'TH_molecule': 2030, 'B_molecule': 2140, 'B_ACTIVE_molecule': 433, 'VOID_molecule': 134, 'MP_ACTIVE_molecule': 90, 'TH_ACTIVE_molecule': 391, 'B_MEMORY_molecule': 300, 'B_PLASMA_molecule': 1190, 'IGG_molecule': 113, 'B_PRESENTING_molecule': 2}"
375,"{PetriNet('hs_0_net'): 1, 'MP_molecule': 1990, 'TH_molecule': 2038, 'B_molecule': 2149, 'B_ACTIVE_molecule': 433, 'VOID_molecule': 134, 'MP_ACTIVE_molecule': 90, 'TH_ACTIVE_molecule': 392, 'B_MEMORY_molecule': 300, 'B_PLASMA_molecule': 1190, 'IGG_molecule': 109, 'B_PRESENTING_molecule': 2}"
376,"{PetriNet('hs_0_net'): 1, 'MP_molecule': 1989, 'TH_molecule': 2045, 'B_molecule': 2148, 'B_ACTIVE_molecule': 433, 'VOID_molecule': 134, 'MP_ACTIVE_molecule': 90, 'TH_ACTIVE_molecule': 393, 'B_MEMORY_molecule': 300, 'B_PLASMA_molecule': 1190, 'IGG_molecule': 106, 'B_PRESENTING_molecule': 2}"
377,"{PetriNet('hs_0_net'): 1, 'MP_molecule': 1989, 'TH_molecule': 2053, 'B_molecule': 2156, 'B_ACTIVE_molecule': 433, 'VOID_molecule': 134, 'MP_ACTIVE_molecule': 90, 'TH_ACTIVE_molecule': 393, 'B_MEMORY_molecule': 300, 'B_PLASMA_molecule': 1190, 'IGG_molecule': 102, 'B_PRESENTING_molecule': 2}"
378,"{PetriNet('hs_0_net'): 1, 'MP_molecule': 1997, 'TH_molecule': 2061, 'B_molecule': 2164, 'B_ACTIVE_molecule': 433, 'VOID_molecule': 134, 'MP_ACTIVE_molecule': 90, 'TH_ACTIVE_molecule': 394, 'B_MEMORY_molecule': 300, 'B_PLASMA_molecule': 1190, 'IGG_molecule': 97, 'B_PRESENTING_molecule': 2}"
379,"{PetriNet('hs_0_net'): 1, 'MP_molecule': 2006, 'TH_molecule': 2068, 'B_molecule': 2172, 'B_ACTIVE_molecule': 433, 'VOID_molecule': 134, 'MP_ACTIVE_molecule': 90, 'TH_ACTIVE_molecule': 395, 'B_MEMORY_molecule': 300, 'B_PLASMA_molecule': 1190, 'IGG_molecule': 94, 'B_PRESENTING_molecule': 2}"
380,"{PetriNet('hs_0_net'): 1, 'MP_molecule': 2014, 'TH_molecule': 2076, 'B_molecule': 2172, 'B_ACTIVE_molecule': 433, 'VOID_molecule': 134, 'MP_ACTIVE_molecule': 90, 'TH_ACTIVE_molecule': 395, 'B_MEMORY_molecule': 300, 'B_PLASMA_molecule': 1190, 'IGG_molecule': 90, 'B_PRESENTING_molecule': 2}"
381,"{PetriNet('hs_0_net'): 1, 'MP_molecule': 2022, 'TH_molecule': 2084, 'B_molecule': 2180, 'B_ACTIVE_molecule': 433, 'VOID_molecule': 134, 'MP_ACTIVE_molecule': 90, 'TH_ACTIVE_molecule': 396, 'B_MEMORY_molecule': 300, 'B_PLASMA_molecule': 1190, 'IGG_molecule': 85, 'B_PRESENTING_molecule': 2}"
382,"{PetriNet('hs_0_net'): 1, 'MP_molecule': 2031, 'TH_molecule': 2091, 'B_molecule': 2188, 'B_ACTIVE_molecule': 433, 'VOID_molecule': 134, 'MP_ACTIVE_molecule': 90, 'TH_ACTIVE_molecule': 397, 'B_MEMORY_molecule': 300, 'B_PLASMA_molecule': 1190, 'IGG_molecule': 81, 'B_PRESENTING_molecule': 2}"
383,"{PetriNet('hs_0_net'): 1, 'MP_molecule': 2030, 'TH_molecule': 2099, 'B_molecule': 2197, 'B_ACTIVE_molecule': 433, 'VOID_molecule': 134, 'MP_ACTIVE_molecule': 90, 'TH_ACTIVE_molecule': 397, 'B_MEMORY_molecule': 300, 'B_PLASMA_molecule': 1190, 'IGG_molecule': 78, 'B_PRESENTING_molecule': 2}"
384,"{PetriNet('hs_0_net'): 1, 'MP_molecule': 2039, 'TH_molecule': 2107, 'B_molecule': 2205, 'B_ACTIVE_molecule': 433, 'VOID_molecule': 134, 'MP_ACTIVE_molecule': 90, 'TH_ACTIVE_molecule': 397, 'B_MEMORY_molecule': 300, 'B_PLASMA_molecule': 1190, 'IGG_molecule': 74, 'B_PRESENTING_molecule': 2}"
385,"{PetriNet('hs_0_net'): 1, 'MP_molecule': 2047, 'TH_molecule': 2105, 'B_molecule': 2205, 'B_ACTIVE_molecule': 433, 'VOID_molecule': 134, 'MP_ACTIVE_molecule': 90, 'TH_ACTIVE_molecule': 398, 'B_MEMORY_molecule': 300, 'B_PLASMA_molecule': 1190, 'IGG_molecule': 70, 'B_PRESENTING_molecule': 2}"
386,"{PetriNet('hs_0_net'): 1, 'MP_molecule': 2047, 'TH_molecule': 2103, 'B_molecule': 2214, 'B_ACTIVE_molecule': 433, 'VOID_molecule': 134, 'MP_ACTIVE_molecule': 90, 'TH_ACTIVE_molecule': 399, 'B_MEMORY_molecule': 300, 'B_PLASMA_molecule': 1190, 'IGG_molecule': 66, 'B_PRESENTING_molecule': 2}"
387,"{PetriNet('hs_0_net'): 1, 'MP_molecule': 2046, 'TH_molecule': 2102, 'B_molecule': 2222, 'B_ACTIVE_molecule': 433, 'VOID_molecule': 134, 'MP_ACTIVE_molecule': 90, 'TH_ACTIVE_molecule': 399, 'B_MEMORY_molecule': 300, 'B_PLASMA_molecule': 1190, 'IGG_molecule': 61, 'B_PRESENTING_molecule': 2}"
388,"{PetriNet('hs_0_net'): 1, 'MP_molecule': 2054, 'TH_molecule': 2110, 'B_molecule': 2221, 'B_ACTIVE_molecule': 433, 'VOID_molecule': 134, 'MP_ACTIVE_molecule': 90, 'TH_ACTIVE_molecule': 399, 'B_MEMORY_molecule': 300, 'B_PLASMA_molecule': 1190, 'IGG_molecule': 58, 'B_PRESENTING_molecule': 2}"
389,"{PetriNet('hs_0_net'): 1, 'MP_molecule': 2062, 'TH_molecule': 2117, 'B_molecule': 2229, 'B_ACTIVE_molecule': 433, 'VOID_molecule': 134, 'MP_ACTIVE_molecule': 90, 'TH_ACTIVE_molecule': 400, 'B_MEMORY_molecule': 300, 'B_PLASMA_molecule': 1190, 'IGG_molecule': 53, 'B_PRESENTING_molecule': 2}"
390,"{PetriNet('hs_0_net'): 1, 'MP_molecule': 2070, 'TH_molecule': 2115, 'B_molecule': 2237, 'B_ACTIVE_molecule': 433, 'VOID_molecule': 134, 'MP_ACTIVE_molecule': 90, 'TH_ACTIVE_molecule': 401, 'B_MEMORY_molecule': 300, 'B_PLASMA_molecule': 1190, 'IGG_molecule': 51, 'B_PRESENTING_molecule': 2}"
391,"{PetriNet('hs_0_net'): 1, 'MP_molecule': 2079, 'TH_molecule': 2113, 'B_molecule': 2246, 'B_ACTIVE_molecule': 433, 'VOID_molecule': 134, 'MP_ACTIVE_molecule': 90, 'TH_ACTIVE_molecule': 402, 'B_MEMORY_molecule': 300, 'B_PLASMA_molecule': 1190, 'IGG_molecule': 48, 'B_PRESENTING_molecule': 2}"
392,"{PetriNet('hs_0_net'): 1, 'MP_molecule': 2087, 'TH_molecule': 2120, 'B_molecule': 2255, 'B_ACTIVE_molecule': 433, 'VOID_molecule': 134, 'MP_ACTIVE_molecule': 90, 'TH_ACTIVE_molecule': 403, 'B_MEMORY_molecule': 300, 'B_PLASMA_molecule': 1190, 'IGG_molecule': 43, 'B_PRESENTING_molecule': 2}"
393,"{PetriNet('hs_0_net'): 1, 'MP_molecule': 2095, 'TH_molecule': 2129, 'B_molecule': 2263, 'B_ACTIVE_molecule': 433, 'VOID_molecule': 134, 'MP_ACTIVE_molecule': 90, 'TH_ACTIVE_molecule': 403, 'B_MEMORY_molecule': 300, 'B_PLASMA_molecule': 1190, 'IGG_molecule': 39, 'B_PRESENTING_molecule': 2}"
394,"{PetriNet('hs_0_net'): 1, 'MP_molecule': 2103, 'TH_molecule': 2136, 'B_molecule': 2271, 'B_ACTIVE_molecule': 433, 'VOID_molecule': 134, 'MP_ACTIVE_molecule': 90, 'TH_ACTIVE_molecule': 404, 'B_MEMORY_molecule': 300, 'B_PLASMA_molecule': 1190, 'IGG_molecule': 35, 'B_PRESENTING_molecule': 2}"
395,"{PetriNet('hs_0_net'): 1, 'MP_molecule': 2111, 'TH_molecule': 2143, 'B_molecule': 2279, 'B_ACTIVE_molecule': 433, 'VOID_molecule': 134, 'MP_ACTIVE_molecule': 90, 'TH_ACTIVE_molecule': 405, 'B_MEMORY_molecule': 300, 'B_PLASMA_molecule': 1190, 'IGG_molecule': 31, 'B_PRESENTING_molecule': 2}"
396,"{PetriNet('hs_0_net'): 1, 'MP_molecule': 2110, 'TH_molecule': 2150, 'B_molecule': 2287, 'B_ACTIVE_molecule': 433, 'VOID_molecule': 134, 'MP_ACTIVE_molecule': 90, 'TH_ACTIVE_molecule': 406, 'B_MEMORY_molecule': 300, 'B_PLASMA_molecule': 1190, 'IGG_molecule': 28, 'B_PRESENTING_molecule': 2}"
397,"{PetriNet('hs_0_net'): 1, 'MP_molecule': 2109, 'TH_molecule': 2157, 'B_molecule': 2295, 'B_ACTIVE_molecule': 433, 'VOID_molecule': 134, 'MP_ACTIVE_molecule': 90, 'TH_ACTIVE_molecule': 407, 'B_MEMORY_molecule': 300, 'B_PLASMA_molecule': 1190, 'IGG_molecule': 24, 'B_PRESENTING_molecule': 2}"
398,"{PetriNet('hs_0_net'): 1, 'MP_molecule': 2118, 'TH_molecule': 2166, 'B_molecule': 2304, 'B_ACTIVE_molecule': 433, 'VOID_molecule': 134, 'MP_ACTIVE_molecule': 90, 'TH_ACTIVE_molecule': 407, 'B_MEMORY_molecule': 300, 'B_PLASMA_molecule': 1190, 'IGG_molecule': 20, 'B_PRESENTING_molecule': 2}"
399,"{PetriNet('hs_0_net'): 1, 'MP_molecule': 2117, 'TH_molecule': 2164, 'B_molecule': 2312, 'B_ACTIVE_molecule': 433, 'VOID_molecule': 134, 'MP_ACTIVE_molecule': 90, 'TH_ACTIVE_molecule': 408, 'B_MEMORY_molecule': 300, 'B_PLASMA_molecule': 1190, 'IGG_molecule': 17, 'B_PRESENTING_molecule': 2}"
400,"{PetriNet('hs_0_net'): 1, 'MP_molecule': 2117, 'TH_molecule': 2163, 'B_molecule': 2320, 'B_ACTIVE_molecule': 433, 'VOID_molecule': 134, 'MP_ACTIVE_molecule': 90, 'TH_ACTIVE_molecule': 408, 'B_MEMORY_molecule': 300, 'B_PLASMA_molecule': 1190, 'IGG_molecule': 13, 'B_PRESENTING_molecule': 2}"
401,"{PetriNet('hs_0_net'): 1, 'MP_molecule': 2124, 'TH_molecule': 2161, 'B_molecule': 2318, 'B_ACTIVE_molecule': 437, 'VOID_molecule': 134, 'MP_ACTIVE_molecule': 90, 'TH_ACTIVE_molecule': 409, 'B_MEMORY_molecule': 300, 'B_PLASMA_molecule': 1191, 'IGG_molecule': 9, 'B_PRESENTING_molecule': 3, 'ANTIGEN_molecule': 496, 'MP_ANTIGEN_molecule': 1, 'IGM_molecule': 5}"
402,"{PetriNet('hs_0_net'): 1, 'MP_molecule': 2123, 'TH_molecule': 2168, 'B_molecule': 2325, 'B_ACTIVE_molecule': 441, 'VOID_molecule': 135, 'MP_ACTIVE_molecule': 90, 'TH_ACTIVE_molecule': 417, 'B_MEMORY_molecule': 310, 'B_PLASMA_molecule': 1201, 'IGG_molecule': 3, 'B_PRESENTING_molecule': 1, 'ANTIGEN_molecule': 491, 'MP_ANTIGEN_molecule': 2, 'IGM_molecule': 9}"
403,"{PetriNet('hs_0_net'): 1, 'MP_molecule': 2130, 'TH_molecule': 2175, 'B_molecule': 2333, 'B_ACTIVE_molecule': 441, 'VOID_molecule': 137, 'MP_ACTIVE_molecule': 90, 'TH_ACTIVE_molecule': 418, 'B_MEMORY_molecule': 310, 'B_PLASMA_molecule': 1209, 'IGG_molecule': 9, 'B_PRESENTING_molecule': 1, 'ANTIGEN_molecule': 482, 'MP_ANTIGEN_molecule': 3, 'IGM_molecule': 1}"
404,"{PetriNet('hs_0_net'): 1, 'MP_molecule': 2128, 'TH_molecule': 2182, 'B_molecule': 2340, 'B_ACTIVE_molecule': 445, 'VOID_molecule': 137, 'MP_ACTIVE_molecule': 90, 'TH_ACTIVE_molecule': 419, 'B_MEMORY_molecule': 310, 'B_PLASMA_molecule': 1209, 'IGG_molecule': 7, 'B_PRESENTING_molecule': 2, 'ANTIGEN_molecule': 479, 'MP_ANTIGEN_molecule': 4, 'IGM_molecule': 4}"
405,"{PetriNet('hs_0_net'): 1, 'MP_molecule': 2135, 'TH_molecule': 2190, 'B_molecule': 2348, 'B_ACTIVE_molecule': 444, 'VOID_molecule': 138, 'MP_ACTIVE_molecule': 90, 'TH_ACTIVE_molecule': 419, 'B_MEMORY_molecule': 310, 'B_PLASMA_molecule': 1217, 'IGG_molecule': 13, 'B_PRESENTING_molecule': 3, 'ANTIGEN_molecule': 474, 'MP_ANTIGEN_molecule': 5, 'IGM_molecule': 3}"
406,"{PetriNet('hs_0_net'): 1, 'MP_molecule': 2142, 'TH_molecule': 2199, 'B_molecule': 2355, 'B_ACTIVE_molecule': 448, 'VOID_molecule': 139, 'MP_ACTIVE_molecule': 90, 'TH_ACTIVE_molecule': 426, 'B_MEMORY_molecule': 320, 'B_PLASMA_molecule': 1226, 'IGG_molecule': 9, 'B_PRESENTING_molecule': 1, 'ANTIGEN_molecule': 469, 'MP_ANTIGEN_molecule': 6, 'IGM_molecule': 5}"
407,"{PetriNet('hs_0_net'): 1, 'MP_molecule': 2149, 'TH_molecule': 2208, 'B_molecule': 2363, 'B_ACTIVE_molecule': 452, 'VOID_molecule': 141, 'MP_ACTIVE_molecule': 90, 'TH_ACTIVE_molecule': 426, 'B_MEMORY_molecule': 320, 'B_PLASMA_molecule': 1226, 'IGG_molecule': 5, 'B_PRESENTING_molecule': 2, 'ANTIGEN_molecule': 459, 'MP_ANTIGEN_molecule': 7, 'IGM_molecule': 3}"
408,"{PetriNet('hs_0_net'): 1, 'MP_molecule': 2156, 'TH_molecule': 2215, 'B_molecule': 2370, 'B_ACTIVE_molecule': 456, 'VOID_molecule': 142, 'MP_ACTIVE_molecule': 90, 'TH_ACTIVE_molecule': 427, 'B_MEMORY_molecule': 320, 'B_PLASMA_molecule': 1235, 'IGG_molecule': 12, 'B_PRESENTING_molecule': 3, 'ANTIGEN_molecule': 454, 'MP_ANTIGEN_molecule': 8, 'IGM_molecule': 5}"
409,"{PetriNet('hs_0_net'): 1, 'MP_molecule': 2154, 'TH_molecule': 2223, 'B_molecule': 2377, 'B_ACTIVE_molecule': 460, 'VOID_molecule': 143, 'MP_ACTIVE_molecule': 90, 'TH_ACTIVE_molecule': 434, 'B_MEMORY_molecule': 330, 'B_PLASMA_molecule': 1245, 'IGG_molecule': 6, 'B_PRESENTING_molecule': 1, 'ANTIGEN_molecule': 449, 'MP_ANTIGEN_molecule': 9, 'IGM_molecule': 8}"
410,"{PetriNet('hs_0_net'): 1, 'MP_molecule': 2153, 'TH_molecule': 2231, 'B_molecule': 2375, 'B_ACTIVE_molecule': 465, 'VOID_molecule': 144, 'MP_ACTIVE_molecule': 90, 'TH_ACTIVE_molecule': 434, 'B_MEMORY_molecule': 330, 'B_PLASMA_molecule': 1253, 'IGG_molecule': 11, 'B_PRESENTING_molecule': 1, 'ANTIGEN_molecule': 444, 'MP_ANTIGEN_molecule': 10, 'IGM_molecule': 12}"
411,"{PetriNet('hs_0_net'): 1, 'MP_molecule': 2152, 'TH_molecule': 2238, 'B_molecule': 2382, 'B_ACTIVE_molecule': 470, 'VOID_molecule': 146, 'MP_ACTIVE_molecule': 100, 'TH_ACTIVE_molecule': 435, 'B_MEMORY_molecule': 330, 'B_PLASMA_molecule': 1261, 'IGG_molecule': 15, 'B_PRESENTING_molecule': 1, 'ANTIGEN_molecule': 436, 'IGM_molecule': 9}"
412,"{PetriNet('hs_0_net'): 1, 'MP_molecule': 2150, 'TH_molecule': 2245, 'B_molecule': 2380, 'B_ACTIVE_molecule': 474, 'VOID_molecule': 147, 'MP_ACTIVE_molecule': 100, 'TH_ACTIVE_molecule': 436, 'B_MEMORY_molecule': 330, 'B_PLASMA_molecule': 1269, 'IGG_molecule': 21, 'B_PRESENTING_molecule': 2, 'ANTIGEN_molecule': 426, 'IGM_molecule': 7, 'MP_ANTIGEN_molecule': 1}"
413,"{PetriNet('hs_0_net'): 1, 'MP_molecule': 2157, 'TH_molecule': 2252, 'B_molecule': 2388, 'B_ACTIVE_molecule': 478, 'VOID_molecule': 148, 'MP_ACTIVE_molecule': 100, 'TH_ACTIVE_molecule': 437, 'B_MEMORY_molecule': 330, 'B_PLASMA_molecule': 1277, 'IGG_molecule': 26, 'B_PRESENTING_molecule': 3, 'ANTIGEN_molecule': 417, 'IGM_molecule': 5, 'MP_ANTIGEN_molecule': 2}"
414,"{PetriNet('hs_0_net'): 1, 'MP_molecule': 2156, 'TH_molecule': 2251, 'B_molecule': 2396, 'B_ACTIVE_molecule': 482, 'VOID_molecule': 149, 'MP_ACTIVE_molecule': 100, 'TH_ACTIVE_molecule': 437, 'B_MEMORY_molecule': 330, 'B_PLASMA_molecule': 1277, 'IGG_molecule': 21, 'B_PRESENTING_molecule': 4, 'ANTIGEN_molecule': 413, 'IGM_molecule': 8, 'MP_ANTIGEN_molecule': 2}"
415,"{PetriNet('hs_0_net'): 1, 'MP_molecule': 2163, 'TH_molecule': 2258, 'B_molecule': 2403, 'B_ACTIVE_molecule': 486, 'VOID_molecule': 151, 'MP_ACTIVE_molecule': 100, 'TH_ACTIVE_molecule': 438, 'B_MEMORY_molecule': 330, 'B_PLASMA_molecule': 1285, 'IGG_molecule': 26, 'B_PRESENTING_molecule': 5, 'ANTIGEN_molecule': 403, 'IGM_molecule': 5, 'MP_ANTIGEN_molecule': 3}"
416,"{PetriNet('hs_0_net'): 1, 'MP_molecule': 2171, 'TH_molecule': 2265, 'B_molecule': 2411, 'B_ACTIVE_molecule': 485, 'VOID_molecule': 152, 'MP_ACTIVE_molecule': 100, 'TH_ACTIVE_molecule': 439, 'B_MEMORY_molecule': 330, 'B_PLASMA_molecule': 1293, 'IGG_molecule': 30, 'B_PRESENTING_molecule': 6, 'ANTIGEN_molecule': 400, 'IGM_molecule': 3, 'MP_ANTIGEN_molecule': 3}"
417,"{PetriNet('hs_0_net'): 1, 'MP_molecule': 2179, 'TH_molecule': 2272, 'B_molecule': 2419, 'B_ACTIVE_molecule': 489, 'VOID_molecule': 152, 'MP_ACTIVE_molecule': 100, 'TH_ACTIVE_molecule': 447, 'B_MEMORY_molecule': 340, 'B_PLASMA_molecule': 1311, 'IGG_molecule': 36, 'B_PRESENTING_molecule': 4, 'ANTIGEN_molecule': 397, 'IGM_molecule': 6, 'MP_ANTIGEN_molecule': 3}"
418,"{PetriNet('hs_0_net'): 1, 'MP_molecule': 2178, 'TH_molecule': 2279, 'B_molecule': 2418, 'B_ACTIVE_molecule': 494, 'VOID_molecule': 153, 'MP_ACTIVE_molecule': 100, 'TH_ACTIVE_molecule': 448, 'B_MEMORY_molecule': 340, 'B_PLASMA_molecule': 1319, 'IGG_molecule': 41, 'B_PRESENTING_molecule': 4, 'ANTIGEN_molecule': 391, 'IGM_molecule': 4, 'MP_ANTIGEN_molecule': 3}"
419,"{PetriNet('hs_0_net'): 1, 'MP_molecule': 2185, 'TH_molecule': 2286, 'B_molecule': 2427, 'B_ACTIVE_molecule': 493, 'VOID_molecule': 154, 'MP_ACTIVE_molecule': 100, 'TH_ACTIVE_molecule': 456, 'B_MEMORY_molecule': 350, 'B_PLASMA_molecule': 1337, 'IGG_molecule': 46, 'B_PRESENTING_molecule': 2, 'ANTIGEN_molecule': 386, 'IGM_molecule': 3, 'MP_ANTIGEN_molecule': 4}"
420,"{PetriNet('hs_0_net'): 1, 'MP_molecule': 2184, 'TH_molecule': 2294, 'B_molecule': 2434, 'B_ACTIVE_molecule': 498, 'VOID_molecule': 155, 'MP_ACTIVE_molecule': 100, 'TH_ACTIVE_molecule': 457, 'B_MEMORY_molecule': 350, 'B_PLASMA_molecule': 1345, 'IGG_molecule': 52, 'B_PRESENTING_molecule': 2, 'ANTIGEN_molecule': 382, 'IGM_molecule': 6, 'MP_ANTIGEN_molecule': 5}"
421,"{PetriNet('hs_0_net'): 1, 'MP_molecule': 2183, 'TH_molecule': 2292, 'B_molecule': 2442, 'B_ACTIVE_molecule': 498, 'VOID_molecule': 156, 'MP_ACTIVE_molecule': 100, 'TH_ACTIVE_molecule': 458, 'B_MEMORY_molecule': 350, 'B_PLASMA_molecule': 1353, 'IGG_molecule': 57, 'B_PRESENTING_molecule': 2, 'ANTIGEN_molecule': 380, 'IGM_molecule': 3, 'MP_ANTIGEN_molecule': 6}"
422,"{PetriNet('hs_0_net'): 1, 'MP_molecule': 2181, 'TH_molecule': 2290, 'B_molecule': 2451, 'B_ACTIVE_molecule': 497, 'VOID_molecule': 156, 'MP_ACTIVE_molecule': 100, 'TH_ACTIVE_molecule': 459, 'B_MEMORY_molecule': 350, 'B_PLASMA_molecule': 1352, 'IGG_molecule': 54, 'B_PRESENTING_molecule': 3, 'ANTIGEN_molecule': 377, 'IGM_molecule': 1, 'MP_ANTIGEN_molecule': 7}"
423,"{PetriNet('hs_0_net'): 1, 'MP_molecule': 2181, 'TH_molecule': 2288, 'B_molecule': 2458, 'B_ACTIVE_molecule': 501, 'VOID_molecule': 156, 'MP_ACTIVE_molecule': 100, 'TH_ACTIVE_molecule': 460, 'B_MEMORY_molecule': 350, 'B_PLASMA_molecule': 1360, 'IGG_molecule': 60, 'B_PRESENTING_molecule': 4, 'ANTIGEN_molecule': 373, 'MP_ANTIGEN_molecule': 7, 'IGM_molecule': 4}"
424,"{PetriNet('hs_0_net'): 1, 'MP_molecule': 2179, 'TH_molecule': 2295, 'B_molecule': 2465, 'B_ACTIVE_molecule': 506, 'VOID_molecule': 157, 'MP_ACTIVE_molecule': 100, 'TH_ACTIVE_molecule': 468, 'B_MEMORY_molecule': 360, 'B_PLASMA_molecule': 1377, 'IGG_molecule': 65, 'B_PRESENTING_molecule': 1, 'ANTIGEN_molecule': 370, 'MP_ANTIGEN_molecule': 8, 'IGM_molecule': 6}"
425,"{PetriNet('hs_0_net'): 1, 'MP_molecule': 2186, 'TH_molecule': 2303, 'B_molecule': 2473, 'B_ACTIVE_molecule': 505, 'VOID_molecule': 158, 'MP_ACTIVE_molecule': 100, 'TH_ACTIVE_molecule': 468, 'B_MEMORY_molecule': 360, 'B_PLASMA_molecule': 1386, 'IGG_molecule': 71, 'B_PRESENTING_molecule': 2, 'ANTIGEN_molecule': 366, 'MP_ANTIGEN_molecule': 9, 'IGM_molecule': 3}"
426,"{PetriNet('hs_0_net'): 1, 'MP_molecule': 2185, 'TH_molecule': 2310, 'B_molecule': 2472, 'B_ACTIVE_molecule': 505, 'VOID_molecule': 158, 'MP_ACTIVE_molecule': 100, 'TH_ACTIVE_molecule': 469, 'B_MEMORY_molecule': 360, 'B_PLASMA_molecule': 1385, 'IGG_molecule': 67, 'B_PRESENTING_molecule': 2, 'ANTIGEN_molecule': 365, 'MP_ANTIGEN_molecule': 10, 'IGM_molecule': 1}"
427,"{PetriNet('hs_0_net'): 1, 'MP_molecule': 2194, 'TH_molecule': 2318, 'B_molecule': 2479, 'B_ACTIVE_molecule': 509, 'VOID_molecule': 159, 'MP_ACTIVE_molecule': 110, 'TH_ACTIVE_molecule': 469, 'B_MEMORY_molecule': 360, 'B_PLASMA_molecule': 1394, 'IGG_molecule': 72, 'B_PRESENTING_molecule': 3, 'ANTIGEN_molecule': 362, 'IGM_molecule': 3}"
428,"{PetriNet('hs_0_net'): 1, 'MP_molecule': 2201, 'TH_molecule': 2325, 'B_molecule': 2478, 'B_ACTIVE_molecule': 513, 'VOID_molecule': 160, 'MP_ACTIVE_molecule': 110, 'TH_ACTIVE_molecule': 470, 'B_MEMORY_molecule': 360, 'B_PLASMA_molecule': 1393, 'IGG_molecule': 68, 'B_PRESENTING_molecule': 4, 'ANTIGEN_molecule': 357, 'IGM_molecule': 5, 'MP_ANTIGEN_molecule': 1}"
429,"{PetriNet('hs_0_net'): 1, 'MP_molecule': 2208, 'TH_molecule': 2332, 'B_molecule': 2486, 'B_ACTIVE_molecule': 512, 'VOID_molecule': 160, 'MP_ACTIVE_molecule': 110, 'TH_ACTIVE_molecule': 471, 'B_MEMORY_molecule': 360, 'B_PLASMA_molecule': 1392, 'IGG_molecule': 63, 'B_PRESENTING_molecule': 5, 'ANTIGEN_molecule': 355, 'IGM_molecule': 3, 'MP_ANTIGEN_molecule': 2}"
430,"{PetriNet('hs_0_net'): 1, 'MP_molecule': 2206, 'TH_molecule': 2340, 'B_molecule': 2493, 'B_ACTIVE_molecule': 516, 'VOID_molecule': 161, 'MP_ACTIVE_molecule': 110, 'TH_ACTIVE_molecule': 479, 'B_MEMORY_molecule': 370, 'B_PLASMA_molecule': 1410, 'IGG_molecule': 68, 'B_PRESENTING_molecule': 3, 'ANTIGEN_molecule': 350, 'IGM_molecule': 5, 'MP_ANTIGEN_molecule': 3}"
431,"{PetriNet('hs_0_net'): 1, 'MP_molecule': 2213, 'TH_molecule': 2347, 'B_molecule': 2500, 'B_ACTIVE_molecule': 520, 'VOID_molecule': 163, 'MP_ACTIVE_molecule': 110, 'TH_ACTIVE_molecule': 487, 'B_MEMORY_molecule': 380, 'B_PLASMA_molecule': 1428, 'IGG_molecule': 75, 'ANTIGEN_molecule': 340, 'IGM_molecule': 3, 'MP_ANTIGEN_molecule': 4, 'B_PRESENTING_molecule': 1}"
432,"{PetriNet('hs_0_net'): 1, 'MP_molecule': 2220, 'TH_molecule': 2355, 'B_molecule': 2508, 'B_ACTIVE_molecule': 519, 'VOID_molecule': 164, 'MP_ACTIVE_molecule': 110, 'TH_ACTIVE_molecule': 487, 'B_MEMORY_molecule': 380, 'B_PLASMA_molecule': 1435, 'IGG_molecule': 80, 'ANTIGEN_molecule': 337, 'IGM_molecule': 1, 'MP_ANTIGEN_molecule': 5, 'B_PRESENTING_molecule': 2}"
433,"{PetriNet('hs_0_net'): 1, 'MP_molecule': 2227, 'TH_molecule': 2355, 'B_molecule': 2516, 'B_ACTIVE_molecule': 524, 'VOID_molecule': 165, 'MP_ACTIVE_molecule': 110, 'TH_ACTIVE_molecule': 487, 'B_MEMORY_molecule': 380, 'B_PLASMA_molecule': 1443, 'IGG_molecule': 85, 'ANTIGEN_molecule': 333, 'MP_ANTIGEN_molecule': 6, 'B_PRESENTING_molecule': 2, 'IGM_molecule': 3}"
434,"{PetriNet('hs_0_net'): 1, 'MP_molecule': 2236, 'TH_molecule': 2362, 'B_molecule': 2524, 'B_ACTIVE_molecule': 528, 'VOID_molecule': 166, 'MP_ACTIVE_molecule': 110, 'TH_ACTIVE_molecule': 488, 'B_MEMORY_molecule': 380, 'B_PLASMA_molecule': 1452, 'IGG_molecule': 93, 'ANTIGEN_molecule': 330, 'MP_ANTIGEN_molecule': 6, 'B_PRESENTING_molecule': 3, 'IGM_molecule': 6}"
435,"{PetriNet('hs_0_net'): 1, 'MP_molecule': 2244, 'TH_molecule': 2370, 'B_molecule': 2531, 'B_ACTIVE_molecule': 533, 'VOID_molecule': 166, 'MP_ACTIVE_molecule': 110, 'TH_ACTIVE_molecule': 495, 'B_MEMORY_molecule': 390, 'B_PLASMA_molecule': 1470, 'IGG_molecule': 100, 'ANTIGEN_molecule': 327, 'MP_ANTIGEN_molecule': 7, 'IGM_molecule': 8}"
436,"{PetriNet('hs_0_net'): 1, 'MP_molecule': 2252, 'TH_molecule': 2377, 'B_molecule': 2538, 'B_ACTIVE_molecule': 537, 'VOID_molecule': 168, 'MP_ACTIVE_molecule': 110, 'TH_ACTIVE_molecule': 496, 'B_MEMORY_molecule': 390, 'B_PLASMA_molecule': 1479, 'IGG_molecule': 104, 'ANTIGEN_molecule': 318, 'MP_ANTIGEN_molecule': 7, 'IGM_molecule': 6, 'B_PRESENTING_molecule': 1}"
437,"{PetriNet('hs_0_net'): 1, 'MP_molecule': 2259, 'TH_molecule': 2384, 'B_molecule': 2537, 'B_ACTIVE_molecule': 536, 'VOID_molecule': 169, 'MP_ACTIVE_molecule': 110, 'TH_ACTIVE_molecule': 497, 'B_MEMORY_molecule': 390, 'B_PLASMA_molecule': 1487, 'IGG_molecule': 110, 'ANTIGEN_molecule': 314, 'MP_ANTIGEN_molecule': 8, 'IGM_molecule': 3, 'B_PRESENTING_molecule': 2}"
438,"{PetriNet('hs_0_net'): 1, 'MP_molecule': 2257, 'TH_molecule': 2392, 'B_molecule': 2544, 'B_ACTIVE_molecule': 540, 'VOID_molecule': 170, 'MP_ACTIVE_molecule': 110, 'TH_ACTIVE_molecule': 498, 'B_MEMORY_molecule': 390, 'B_PLASMA_molecule': 1487, 'IGG_molecule': 105, 'ANTIGEN_molecule': 310, 'MP_ANTIGEN_molecule': 9, 'IGM_molecule': 5, 'B_PRESENTING_molecule': 3}"
439,"{PetriNet('hs_0_net'): 1, 'MP_molecule': 2264, 'TH_molecule': 2399, 'B_molecule': 2552, 'B_ACTIVE_molecule': 544, 'VOID_molecule': 171, 'MP_ACTIVE_molecule': 110, 'TH_ACTIVE_molecule': 506, 'B_MEMORY_molecule': 400, 'B_PLASMA_molecule': 1496, 'IGG_molecule': 100, 'ANTIGEN_molecule': 306, 'MP_ANTIGEN_molecule': 10, 'IGM_molecule': 7, 'B_PRESENTING_molecule': 1}"
440,"{PetriNet('hs_0_net'): 1, 'MP_molecule': 2262, 'TH_molecule': 2407, 'B_molecule': 2559, 'B_ACTIVE_molecule': 548, 'VOID_molecule': 172, 'MP_ACTIVE_molecule': 120, 'TH_ACTIVE_molecule': 507, 'B_MEMORY_molecule': 400, 'B_PLASMA_molecule': 1504, 'IGG_molecule': 106, 'ANTIGEN_molecule': 302, 'MP_ANTIGEN_molecule': 1, 'IGM_molecule': 11, 'B_PRESENTING_molecule': 2}"
441,"{PetriNet('hs_0_net'): 1, 'MP_molecule': 2270, 'TH_molecule': 2415, 'B_molecule': 2567, 'B_ACTIVE_molecule': 547, 'VOID_molecule': 174, 'MP_ACTIVE_molecule': 120, 'TH_ACTIVE_molecule': 508, 'B_MEMORY_molecule': 400, 'B_PLASMA_molecule': 1512, 'IGG_molecule': 110, 'ANTIGEN_molecule': 294, 'MP_ANTIGEN_molecule': 2, 'IGM_molecule': 3, 'B_PRESENTING_molecule': 3}"
442,"{PetriNet('hs_0_net'): 1, 'MP_molecule': 2278, 'TH_molecule': 2422, 'B_molecule': 2575, 'B_ACTIVE_molecule': 551, 'VOID_molecule': 175, 'MP_ACTIVE_molecule': 120, 'TH_ACTIVE_molecule': 509, 'B_MEMORY_molecule': 400, 'B_PLASMA_molecule': 1519, 'IGG_molecule': 115, 'ANTIGEN_molecule': 290, 'MP_ANTIGEN_molecule': 2, 'B_PRESENTING_molecule': 4, 'IGM_molecule': 5}"
443,"{PetriNet('hs_0_net'): 1, 'MP_molecule': 2286, 'TH_molecule': 2421, 'B_molecule': 2582, 'B_ACTIVE_molecule': 555, 'VOID_molecule': 176, 'MP_ACTIVE_molecule': 120, 'TH_ACTIVE_molecule': 510, 'B_MEMORY_molecule': 400, 'B_PLASMA_molecule': 1528, 'IGG_molecule': 119, 'ANTIGEN_molecule': 287, 'MP_ANTIGEN_molecule': 2, 'B_PRESENTING_molecule': 5, 'IGM_molecule': 7}"
444,"{PetriNet('hs_0_net'): 1, 'MP_molecule': 2293, 'TH_molecule': 2428, 'B_molecule': 2582, 'B_ACTIVE_molecule': 554, 'VOID_molecule': 178, 'MP_ACTIVE_molecule': 120, 'TH_ACTIVE_molecule': 518, 'B_MEMORY_molecule': 410, 'B_PLASMA_molecule': 1546, 'IGG_molecule': 124, 'ANTIGEN_molecule': 278, 'MP_ANTIGEN_molecule': 3, 'B_PRESENTING_molecule': 3, 'IGM_molecule': 1}"
445,"{PetriNet('hs_0_net'): 1, 'MP_molecule': 2301, 'TH_molecule': 2436, 'B_molecule': 2590, 'B_ACTIVE_molecule': 558, 'VOID_molecule': 179, 'MP_ACTIVE_molecule': 120, 'TH_ACTIVE_molecule': 525, 'B_MEMORY_molecule': 420, 'B_PLASMA_molecule': 1563, 'IGG_molecule': 131, 'ANTIGEN_molecule': 274, 'MP_ANTIGEN_molecule': 4, 'IGM_molecule': 5, 'B_PRESENTING_molecule': 1}"
446,"{PetriNet('hs_0_net'): 1, 'MP_molecule': 2309, 'TH_molecule': 2444, 'B_molecule': 2598, 'B_ACTIVE_molecule': 562, 'VOID_molecule': 179, 'MP_ACTIVE_molecule': 120, 'TH_ACTIVE_molecule': 525, 'B_MEMORY_molecule': 420, 'B_PLASMA_molecule': 1563, 'IGG_molecule': 129, 'ANTIGEN_molecule': 270, 'MP_ANTIGEN_molecule': 4, 'IGM_molecule': 7, 'B_PRESENTING_molecule': 2}"
447,"{PetriNet('hs_0_net'): 1, 'MP_molecule': 2317, 'TH_molecule': 2443, 'B_molecule': 2607, 'B_ACTIVE_molecule': 561, 'VOID_molecule': 181, 'MP_ACTIVE_molecule': 120, 'TH_ACTIVE_molecule': 526, 'B_MEMORY_molecule': 420, 'B_PLASMA_molecule': 1571, 'IGG_molecule': 134, 'ANTIGEN_molecule': 261, 'MP_ANTIGEN_molecule': 5, 'IGM_molecule': 1, 'B_PRESENTING_molecule': 3}"
448,"{PetriNet('hs_0_net'): 1, 'MP_molecule': 2324, 'TH_molecule': 2442, 'B_molecule': 2605, 'B_ACTIVE_molecule': 565, 'VOID_molecule': 181, 'MP_ACTIVE_molecule': 120, 'TH_ACTIVE_molecule': 534, 'B_MEMORY_molecule': 430, 'B_PLASMA_molecule': 1588, 'IGG_molecule': 141, 'ANTIGEN_molecule': 259, 'MP_ANTIGEN_molecule': 6, 'B_PRESENTING_molecule': 1, 'IGM_molecule': 4}"
449,"{PetriNet('hs_0_net'): 1, 'MP_molecule': 2322, 'TH_molecule': 2449, 'B_molecule': 2612, 'B_ACTIVE_molecule': 569, 'VOID_molecule': 182, 'MP_ACTIVE_molecule': 120, 'TH_ACTIVE_molecule': 535, 'B_MEMORY_molecule': 430, 'B_PLASMA_molecule': 1588, 'IGG_molecule': 137, 'ANTIGEN_molecule': 254, 'MP_ANTIGEN_molecule': 7, 'B_PRESENTING_molecule': 2, 'IGM_molecule': 8}"
450,"{PetriNet('hs_0_net'): 1, 'MP_molecule': 2330, 'TH_molecule': 2457, 'B_molecule': 2610, 'B_ACTIVE_molecule': 573, 'VOID_molecule': 184, 'MP_ACTIVE_molecule': 120, 'TH_ACTIVE_molecule': 536, 'B_MEMORY_molecule': 430, 'B_PLASMA_molecule': 1589, 'IGG_molecule': 131, 'ANTIGEN_molecule': 244, 'MP_ANTIGEN_molecule': 8, 'B_PRESENTING_molecule': 3, 'IGM_molecule': 5}"
451,"{PetriNet('hs_0_net'): 1, 'MP_molecule': 2329, 'TH_molecule': 2464, 'B_molecule': 2619, 'B_ACTIVE_molecule': 572, 'VOID_molecule': 185, 'MP_ACTIVE_molecule': 120, 'TH_ACTIVE_molecule': 544, 'B_MEMORY_molecule': 440, 'B_PLASMA_molecule': 1607, 'IGG_molecule': 138, 'ANTIGEN_molecule': 236, 'MP_ANTIGEN_molecule': 9, 'B_PRESENTING_molecule': 1}"
452,"{PetriNet('hs_0_net'): 1, 'MP_molecule': 2336, 'TH_molecule': 2472, 'B_molecule': 2626, 'B_ACTIVE_molecule': 576, 'VOID_molecule': 186, 'MP_ACTIVE_molecule': 120, 'TH_ACTIVE_molecule': 545, 'B_MEMORY_molecule': 440, 'B_PLASMA_molecule': 1615, 'IGG_molecule': 145, 'ANTIGEN_molecule': 232, 'MP_ANTIGEN_molecule': 10, 'B_PRESENTING_molecule': 2, 'IGM_molecule': 5}"
453,"{PetriNet('hs_0_net'): 1, 'MP_molecule': 2334, 'TH_molecule': 2479, 'B_molecule': 2633, 'B_ACTIVE_molecule': 580, 'VOID_molecule': 188, 'MP_ACTIVE_molecule': 130, 'TH_ACTIVE_molecule': 546, 'B_MEMORY_molecule': 440, 'B_PLASMA_molecule': 1616, 'IGG_molecule': 140, 'ANTIGEN_molecule': 222, 'B_PRESENTING_molecule': 3, 'IGM_molecule': 2, 'MP_ANTIGEN_molecule': 1}"
454,"{PetriNet('hs_0_net'): 1, 'MP_molecule': 2341, 'TH_molecule': 2486, 'B_molecule': 2641, 'B_ACTIVE_molecule': 584, 'VOID_molecule': 189, 'MP_ACTIVE_molecule': 130, 'TH_ACTIVE_molecule': 554, 'B_MEMORY_molecule': 450, 'B_PLASMA_molecule': 1626, 'IGG_molecule': 134, 'ANTIGEN_molecule': 218, 'IGM_molecule': 4, 'MP_ANTIGEN_molecule': 2, 'B_PRESENTING_molecule': 1}"
455,"{PetriNet('hs_0_net'): 1, 'MP_molecule': 2349, 'TH_molecule': 2493, 'B_molecule': 2639, 'B_ACTIVE_molecule': 589, 'VOID_molecule': 190, 'MP_ACTIVE_molecule': 130, 'TH_ACTIVE_molecule': 555, 'B_MEMORY_molecule': 450, 'B_PLASMA_molecule': 1634, 'IGG_molecule': 140, 'ANTIGEN_molecule': 214, 'IGM_molecule': 6, 'MP_ANTIGEN_molecule': 3, 'B_PRESENTING_molecule': 1}"
456,"{PetriNet('hs_0_net'): 1, 'MP_molecule': 2348, 'TH_molecule': 2500, 'B_molecule': 2646, 'B_ACTIVE_molecule': 594, 'VOID_molecule': 191, 'MP_ACTIVE_molecule': 130, 'TH_ACTIVE_molecule': 556, 'B_MEMORY_molecule': 450, 'B_PLASMA_molecule': 1641, 'IGG_molecule': 145, 'ANTIGEN_molecule': 208, 'IGM_molecule': 4, 'MP_ANTIGEN_molecule': 4, 'B_PRESENTING_molecule': 1}"
457,"{PetriNet('hs_0_net'): 1, 'MP_molecule': 2356, 'TH_molecule': 2498, 'B_molecule': 2654, 'B_ACTIVE_molecule': 593, 'VOID_molecule': 192, 'MP_ACTIVE_molecule': 130, 'TH_ACTIVE_molecule': 557, 'B_MEMORY_molecule': 450, 'B_PLASMA_molecule': 1641, 'IGG_molecule': 142, 'ANTIGEN_molecule': 206, 'IGM_molecule': 2, 'MP_ANTIGEN_molecule': 4, 'B_PRESENTING_molecule': 2}"
458,"{PetriNet('hs_0_net'): 1, 'MP_molecule': 2363, 'TH_molecule': 2506, 'B_molecule': 2652, 'B_ACTIVE_molecule': 597, 'VOID_molecule': 193, 'MP_ACTIVE_molecule': 130, 'TH_ACTIVE_molecule': 557, 'B_MEMORY_molecule': 450, 'B_PLASMA_molecule': 1649, 'IGG_molecule': 148, 'ANTIGEN_molecule': 200, 'IGM_molecule': 5, 'MP_ANTIGEN_molecule': 5, 'B_PRESENTING_molecule': 3}"
459,"{PetriNet('hs_0_net'): 1, 'MP_molecule': 2370, 'TH_molecule': 2504, 'B_molecule': 2659, 'B_ACTIVE_molecule': 601, 'VOID_molecule': 194, 'MP_ACTIVE_molecule': 130, 'TH_ACTIVE_molecule': 558, 'B_MEMORY_molecule': 450, 'B_PLASMA_molecule': 1650, 'IGG_molecule': 144, 'ANTIGEN_molecule': 191, 'IGM_molecule': 3, 'MP_ANTIGEN_molecule': 6, 'B_PRESENTING_molecule': 4}"
460,"{PetriNet('hs_0_net'): 1, 'MP_molecule': 2378, 'TH_molecule': 2511, 'B_molecule': 2666, 'B_ACTIVE_molecule': 605, 'VOID_molecule': 195, 'MP_ACTIVE_molecule': 130, 'TH_ACTIVE_molecule': 566, 'B_MEMORY_molecule': 460, 'B_PLASMA_molecule': 1668, 'IGG_molecule': 149, 'ANTIGEN_molecule': 187, 'IGM_molecule': 5, 'MP_ANTIGEN_molecule': 6, 'B_PRESENTING_molecule': 2}"
461,"{PetriNet('hs_0_net'): 1, 'MP_molecule': 2385, 'TH_molecule': 2509, 'B_molecule': 2665, 'B_ACTIVE_molecule': 604, 'VOID_molecule': 196, 'MP_ACTIVE_molecule': 130, 'TH_ACTIVE_molecule': 567, 'B_MEMORY_molecule': 460, 'B_PLASMA_molecule': 1676, 'IGG_molecule': 154, 'ANTIGEN_molecule': 184, 'IGM_molecule': 3, 'MP_ANTIGEN_molecule': 7, 'B_PRESENTING_molecule': 3}"
462,"{PetriNet('hs_0_net'): 1, 'MP_molecule': 2393, 'TH_molecule': 2517, 'B_molecule': 2664, 'B_ACTIVE_molecule': 603, 'VOID_molecule': 196, 'MP_ACTIVE_molecule': 130, 'TH_ACTIVE_molecule': 575, 'B_MEMORY_molecule': 470, 'B_PLASMA_molecule': 1694, 'IGG_molecule': 160, 'ANTIGEN_molecule': 180, 'IGM_molecule': 1, 'MP_ANTIGEN_molecule': 8, 'B_PRESENTING_molecule': 1}"
463,"{PetriNet('hs_0_net'): 1, 'MP_molecule': 2392, 'TH_molecule': 2524, 'B_molecule': 2662, 'B_ACTIVE_molecule': 608, 'VOID_molecule': 196, 'MP_ACTIVE_molecule': 130, 'TH_ACTIVE_molecule': 576, 'B_MEMORY_molecule': 470, 'B_PLASMA_molecule': 1702, 'IGG_molecule': 166, 'ANTIGEN_molecule': 177, 'MP_ANTIGEN_molecule': 9, 'B_PRESENTING_molecule': 1, 'IGM_molecule': 3}"
464,"{PetriNet('hs_0_net'): 1, 'MP_molecule': 2399, 'TH_molecule': 2532, 'B_molecule': 2670, 'B_ACTIVE_molecule': 607, 'VOID_molecule': 197, 'MP_ACTIVE_molecule': 130, 'TH_ACTIVE_molecule': 576, 'B_MEMORY_molecule': 470, 'B_PLASMA_molecule': 1710, 'IGG_molecule': 171, 'ANTIGEN_molecule': 174, 'MP_ANTIGEN_molecule': 10, 'B_PRESENTING_molecule': 2, 'IGM_molecule': 2}"
465,"{PetriNet('hs_0_net'): 1, 'MP_molecule': 2408, 'TH_molecule': 2530, 'B_molecule': 2677, 'B_ACTIVE_molecule': 611, 'VOID_molecule': 198, 'MP_ACTIVE_molecule': 140, 'TH_ACTIVE_molecule': 577, 'B_MEMORY_molecule': 470, 'B_PLASMA_molecule': 1718, 'IGG_molecule': 177, 'ANTIGEN_molecule': 170, 'B_PRESENTING_molecule': 3, 'IGM_molecule': 5}"
466,"{PetriNet('hs_0_net'): 1, 'MP_molecule': 2415, 'TH_molecule': 2537, 'B_molecule': 2677, 'B_ACTIVE_molecule': 610, 'VOID_molecule': 199, 'MP_ACTIVE_molecule': 140, 'TH_ACTIVE_molecule': 585, 'B_MEMORY_molecule': 480, 'B_PLASMA_molecule': 1736, 'IGG_molecule': 181, 'ANTIGEN_molecule': 165, 'IGM_molecule': 2, 'MP_ANTIGEN_molecule': 1, 'B_PRESENTING_molecule': 1}"
467,"{PetriNet('hs_0_net'): 1, 'MP_molecule': 2422, 'TH_molecule': 2536, 'B_molecule': 2684, 'B_ACTIVE_molecule': 614, 'VOID_molecule': 200, 'MP_ACTIVE_molecule': 140, 'TH_ACTIVE_molecule': 585, 'B_MEMORY_molecule': 480, 'B_PLASMA_molecule': 1744, 'IGG_molecule': 186, 'ANTIGEN_molecule': 162, 'MP_ANTIGEN_molecule': 2, 'B_PRESENTING_molecule': 2, 'IGM_molecule': 4}"
468,"{PetriNet('hs_0_net'): 1, 'MP_molecule': 2420, 'TH_molecule': 2544, 'B_molecule': 2683, 'B_ACTIVE_molecule': 613, 'VOID_molecule': 201, 'MP_ACTIVE_molecule': 140, 'TH_ACTIVE_molecule': 585, 'B_MEMORY_molecule': 480, 'B_PLASMA_molecule': 1745, 'IGG_molecule': 181, 'ANTIGEN_molecule': 158, 'MP_ANTIGEN_molecule': 3, 'B_PRESENTING_molecule': 3, 'IGM_molecule': 1}"
469,"{PetriNet('hs_0_net'): 1, 'MP_molecule': 2427, 'TH_molecule': 2552, 'B_molecule': 2691, 'B_ACTIVE_molecule': 617, 'VOID_molecule': 201, 'MP_ACTIVE_molecule': 140, 'TH_ACTIVE_molecule': 592, 'B_MEMORY_molecule': 490, 'B_PLASMA_molecule': 1762, 'IGG_molecule': 187, 'ANTIGEN_molecule': 154, 'MP_ANTIGEN_molecule': 4, 'IGM_molecule': 3, 'B_PRESENTING_molecule': 1}"
470,"{PetriNet('hs_0_net'): 1, 'MP_molecule': 2434, 'TH_molecule': 2560, 'B_molecule': 2699, 'B_ACTIVE_molecule': 621, 'VOID_molecule': 202, 'MP_ACTIVE_molecule': 140, 'TH_ACTIVE_molecule': 592, 'B_MEMORY_molecule': 490, 'B_PLASMA_molecule': 1763, 'IGG_molecule': 181, 'ANTIGEN_molecule': 150, 'MP_ANTIGEN_molecule': 5, 'IGM_molecule': 5, 'B_PRESENTING_molecule': 2}"
471,"{PetriNet('hs_0_net'): 1, 'MP_molecule': 2432, 'TH_molecule': 2558, 'B_molecule': 2698, 'B_ACTIVE_molecule': 620, 'VOID_molecule': 202, 'MP_ACTIVE_molecule': 140, 'TH_ACTIVE_molecule': 593, 'B_MEMORY_molecule': 490, 'B_PLASMA_molecule': 1771, 'IGG_molecule': 187, 'ANTIGEN_molecule': 147, 'MP_ANTIGEN_molecule': 6, 'IGM_molecule': 4, 'B_PRESENTING_molecule': 3}"
472,"{PetriNet('hs_0_net'): 1, 'MP_molecule': 2440, 'TH_molecule': 2565, 'B_molecule': 2696, 'B_ACTIVE_molecule': 625, 'VOID_molecule': 202, 'MP_ACTIVE_molecule': 140, 'TH_ACTIVE_molecule': 601, 'B_MEMORY_molecule': 500, 'B_PLASMA_molecule': 1782, 'IGG_molecule': 185, 'ANTIGEN_molecule': 144, 'MP_ANTIGEN_molecule': 7, 'IGM_molecule': 6}"
473,"{PetriNet('hs_0_net'): 1, 'MP_molecule': 2448, 'TH_molecule': 2573, 'B_molecule': 2703, 'B_ACTIVE_molecule': 630, 'VOID_molecule': 203, 'MP_ACTIVE_molecule': 140, 'TH_ACTIVE_molecule': 601, 'B_MEMORY_molecule': 500, 'B_PLASMA_molecule': 1789, 'IGG_molecule': 190, 'ANTIGEN_molecule': 141, 'MP_ANTIGEN_molecule': 8, 'IGM_molecule': 8}"
474,"{PetriNet('hs_0_net'): 1, 'MP_molecule': 2456, 'TH_molecule': 2581, 'B_molecule': 2710, 'B_ACTIVE_molecule': 634, 'VOID_molecule': 205, 'MP_ACTIVE_molecule': 140, 'TH_ACTIVE_molecule': 602, 'B_MEMORY_molecule': 500, 'B_PLASMA_molecule': 1796, 'IGG_molecule': 194, 'ANTIGEN_molecule': 131, 'MP_ANTIGEN_molecule': 9, 'IGM_molecule': 6, 'B_PRESENTING_molecule': 1}"
475,"{PetriNet('hs_0_net'): 1, 'MP_molecule': 2464, 'TH_molecule': 2589, 'B_molecule': 2717, 'B_ACTIVE_molecule': 638, 'VOID_molecule': 207, 'MP_ACTIVE_molecule': 140, 'TH_ACTIVE_molecule': 602, 'B_MEMORY_molecule': 500, 'B_PLASMA_molecule': 1804, 'IGG_molecule': 199, 'ANTIGEN_molecule': 121, 'MP_ANTIGEN_molecule': 10, 'IGM_molecule': 4, 'B_PRESENTING_molecule': 2}"
476,"{PetriNet('hs_0_net'): 1, 'MP_molecule': 2463, 'TH_molecule': 2596, 'B_molecule': 2726, 'B_ACTIVE_molecule': 637, 'VOID_molecule': 208, 'MP_ACTIVE_molecule': 140, 'TH_ACTIVE_molecule': 603, 'B_MEMORY_molecule': 500, 'B_PLASMA_molecule': 1812, 'IGG_molecule': 204, 'ANTIGEN_molecule': 119, 'MP_ANTIGEN_molecule': 10, 'IGM_molecule': 1, 'B_PRESENTING_molecule': 3}"
477,"{PetriNet('hs_0_net'): 1, 'MP_molecule': 2462, 'TH_molecule': 2603, 'B_molecule': 2734, 'B_ACTIVE_molecule': 641, 'VOID_molecule': 208, 'MP_ACTIVE_molecule': 150, 'TH_ACTIVE_molecule': 611, 'B_MEMORY_molecule': 510, 'B_PLASMA_molecule': 1830, 'IGG_molecule': 209, 'ANTIGEN_molecule': 115, 'MP_ANTIGEN_molecule': 1, 'IGM_molecule': 5, 'B_PRESENTING_molecule': 1}"
478,"{PetriNet('hs_0_net'): 1, 'MP_molecule': 2460, 'TH_molecule': 2610, 'B_molecule': 2741, 'B_ACTIVE_molecule': 645, 'VOID_molecule': 210, 'MP_ACTIVE_molecule': 150, 'TH_ACTIVE_molecule': 612, 'B_MEMORY_molecule': 510, 'B_PLASMA_molecule': 1830, 'IGG_molecule': 205, 'ANTIGEN_molecule': 104, 'MP_ANTIGEN_molecule': 2, 'IGM_molecule': 3, 'B_PRESENTING_molecule': 2}"
479,"{PetriNet('hs_0_net'): 1, 'MP_molecule': 2467, 'TH_molecule': 2618, 'B_molecule': 2749, 'B_ACTIVE_molecule': 644, 'VOID_molecule': 211, 'MP_ACTIVE_molecule': 150, 'TH_ACTIVE_molecule': 612, 'B_MEMORY_molecule': 510, 'B_PLASMA_molecule': 1830, 'IGG_molecule': 200, 'ANTIGEN_molecule': 99, 'MP_ANTIGEN_molecule': 3, 'IGM_molecule': 2, 'B_PRESENTING_molecule': 3}"
480,"{PetriNet('hs_0_net'): 1, 'MP_molecule': 2475, 'TH_molecule': 2625, 'B_molecule': 2756, 'B_ACTIVE_molecule': 649, 'VOID_molecule': 212, 'MP_ACTIVE_molecule': 150, 'TH_ACTIVE_molecule': 620, 'B_MEMORY_molecule': 520, 'B_PLASMA_molecule': 1848, 'IGG_molecule': 205, 'ANTIGEN_molecule': 96, 'MP_ANTIGEN_molecule': 3, 'IGM_molecule': 4}"
481,"{PetriNet('hs_0_net'): 1, 'MP_molecule': 2482, 'TH_molecule': 2623, 'B_molecule': 2763, 'B_ACTIVE_molecule': 653, 'VOID_molecule': 213, 'MP_ACTIVE_molecule': 150, 'TH_ACTIVE_molecule': 621, 'B_MEMORY_molecule': 520, 'B_PLASMA_molecule': 1857, 'IGG_molecule': 211, 'ANTIGEN_molecule': 91, 'MP_ANTIGEN_molecule': 4, 'IGM_molecule': 6, 'B_PRESENTING_molecule': 1}"
482,"{PetriNet('hs_0_net'): 1, 'MP_molecule': 2489, 'TH_molecule': 2631, 'B_molecule': 2772, 'B_ACTIVE_molecule': 653, 'VOID_molecule': 214, 'MP_ACTIVE_molecule': 150, 'TH_ACTIVE_molecule': 621, 'B_MEMORY_molecule': 520, 'B_PLASMA_molecule': 1865, 'IGG_molecule': 217, 'ANTIGEN_molecule': 86, 'MP_ANTIGEN_molecule': 5, 'B_PRESENTING_molecule': 1}"
483,"{PetriNet('hs_0_net'): 1, 'MP_molecule': 2497, 'TH_molecule': 2638, 'B_molecule': 2779, 'B_ACTIVE_molecule': 657, 'VOID_molecule': 214, 'MP_ACTIVE_molecule': 150, 'TH_ACTIVE_molecule': 622, 'B_MEMORY_molecule': 520, 'B_PLASMA_molecule': 1865, 'IGG_molecule': 212, 'ANTIGEN_molecule': 83, 'MP_ANTIGEN_molecule': 6, 'B_PRESENTING_molecule': 2, 'IGM_molecule': 5}"
484,"{PetriNet('hs_0_net'): 1, 'MP_molecule': 2495, 'TH_molecule': 2637, 'B_molecule': 2787, 'B_ACTIVE_molecule': 656, 'VOID_molecule': 216, 'MP_ACTIVE_molecule': 150, 'TH_ACTIVE_molecule': 623, 'B_MEMORY_molecule': 520, 'B_PLASMA_molecule': 1874, 'IGG_molecule': 217, 'ANTIGEN_molecule': 74, 'MP_ANTIGEN_molecule': 7, 'B_PRESENTING_molecule': 3}"
485,"{PetriNet('hs_0_net'): 1, 'MP_molecule': 2503, 'TH_molecule': 2636, 'B_molecule': 2794, 'B_ACTIVE_molecule': 660, 'VOID_molecule': 217, 'MP_ACTIVE_molecule': 150, 'TH_ACTIVE_molecule': 630, 'B_MEMORY_molecule': 530, 'B_PLASMA_molecule': 1892, 'IGG_molecule': 223, 'ANTIGEN_molecule': 69, 'MP_ANTIGEN_molecule': 8, 'IGM_molecule': 5, 'B_PRESENTING_molecule': 1}"
486,"{PetriNet('hs_0_net'): 1, 'MP_molecule': 2510, 'TH_molecule': 2634, 'B_molecule': 2801, 'B_ACTIVE_molecule': 664, 'VOID_molecule': 219, 'MP_ACTIVE_molecule': 150, 'TH_ACTIVE_molecule': 631, 'B_MEMORY_molecule': 530, 'B_PLASMA_molecule': 1899, 'IGG_molecule': 229, 'ANTIGEN_molecule': 61, 'MP_ANTIGEN_molecule': 9, 'IGM_molecule': 2, 'B_PRESENTING_molecule': 2}"
487,"{PetriNet('hs_0_net'): 1, 'MP_molecule': 2518, 'TH_molecule': 2641, 'B_molecule': 2808, 'B_ACTIVE_molecule': 668, 'VOID_molecule': 220, 'MP_ACTIVE_molecule': 150, 'TH_ACTIVE_molecule': 632, 'B_MEMORY_molecule': 530, 'B_PLASMA_molecule': 1907, 'IGG_molecule': 235, 'ANTIGEN_molecule': 57, 'MP_ANTIGEN_molecule': 10, 'IGM_molecule': 5, 'B_PRESENTING_molecule': 3}"
488,"{PetriNet('hs_0_net'): 1, 'MP_molecule': 2516, 'TH_molecule': 2648, 'B_molecule': 2806, 'B_ACTIVE_molecule': 673, 'VOID_molecule': 222, 'MP_ACTIVE_molecule': 150, 'TH_ACTIVE_molecule': 640, 'B_MEMORY_molecule': 540, 'B_PLASMA_molecule': 1916, 'IGG_molecule': 230, 'ANTIGEN_molecule': 49, 'MP_ANTIGEN_molecule': 11, 'IGM_molecule': 4}"
489,"{PetriNet('hs_0_net'): 1, 'MP_molecule': 2514, 'TH_molecule': 2647, 'B_molecule': 2814, 'B_ACTIVE_molecule': 678, 'VOID_molecule': 223, 'MP_ACTIVE_molecule': 150, 'TH_ACTIVE_molecule': 640, 'B_MEMORY_molecule': 540, 'B_PLASMA_molecule': 1924, 'IGG_molecule': 234, 'ANTIGEN_molecule': 47, 'MP_ANTIGEN_molecule': 12, 'IGM_molecule': 7}"
490,"{PetriNet('hs_0_net'): 1, 'MP_molecule': 2521, 'TH_molecule': 2655, 'B_molecule': 2821, 'B_ACTIVE_molecule': 683, 'VOID_molecule': 225, 'MP_ACTIVE_molecule': 150, 'TH_ACTIVE_molecule': 640, 'B_MEMORY_molecule': 540, 'B_PLASMA_molecule': 1933, 'IGG_molecule': 239, 'ANTIGEN_molecule': 37, 'MP_ANTIGEN_molecule': 13, 'IGM_molecule': 5}"
491,"{PetriNet('hs_0_net'): 1, 'MP_molecule': 2519, 'TH_molecule': 2662, 'B_molecule': 2828, 'B_ACTIVE_molecule': 687, 'VOID_molecule': 225, 'MP_ACTIVE_molecule': 150, 'TH_ACTIVE_molecule': 641, 'B_MEMORY_molecule': 540, 'B_PLASMA_molecule': 1941, 'IGG_molecule': 244, 'ANTIGEN_molecule': 33, 'MP_ANTIGEN_molecule': 14, 'IGM_molecule': 8, 'B_PRESENTING_molecule': 1}"
492,"{PetriNet('hs_0_net'): 1, 'MP_molecule': 2519, 'TH_molecule': 2670, 'B_molecule': 2835, 'B_ACTIVE_molecule': 691, 'VOID_molecule': 227, 'MP_ACTIVE_molecule': 160, 'TH_ACTIVE_molecule': 642, 'B_MEMORY_molecule': 540, 'B_PLASMA_molecule': 1950, 'IGG_molecule': 250, 'ANTIGEN_molecule': 25, 'MP_ANTIGEN_molecule': 4, 'IGM_molecule': 5, 'B_PRESENTING_molecule': 2}"
493,"{PetriNet('hs_0_net'): 1, 'MP_molecule': 2517, 'TH_molecule': 2677, 'B_molecule': 2834, 'B_ACTIVE_molecule': 695, 'VOID_molecule': 228, 'MP_ACTIVE_molecule': 160, 'TH_ACTIVE_molecule': 643, 'B_MEMORY_molecule': 540, 'B_PLASMA_molecule': 1957, 'IGG_molecule': 256, 'ANTIGEN_molecule': 17, 'MP_ANTIGEN_molecule': 5, 'B_PRESENTING_molecule': 3, 'IGM_molecule': 5}"
494,"{PetriNet('hs_0_net'): 1, 'MP_molecule': 2524, 'TH_molecule': 2684, 'B_molecule': 2842, 'B_ACTIVE_molecule': 694, 'VOID_molecule': 229, 'MP_ACTIVE_molecule': 160, 'TH_ACTIVE_molecule': 644, 'B_MEMORY_molecule': 540, 'B_PLASMA_molecule': 1966, 'IGG_molecule': 260, 'ANTIGEN_molecule': 12, 'MP_ANTIGEN_molecule': 6, 'B_PRESENTING_molecule': 4, 'IGM_molecule': 3}"
495,"{PetriNet('hs_0_net'): 1, 'MP_molecule': 2531, 'TH_molecule': 2691, 'B_molecule': 2849, 'B_ACTIVE_molecule': 698, 'VOID_molecule': 230, 'MP_ACTIVE_molecule': 160, 'TH_ACTIVE_molecule': 652, 'B_MEMORY_molecule': 550, 'B_PLASMA_molecule': 1985, 'IGG_molecule': 265, 'ANTIGEN_molecule': 7, 'MP_ANTIGEN_molecule': 7, 'B_PRESENTING_molecule': 2, 'IGM_molecule': 5}"
496,"{PetriNet('hs_0_net'): 1, 'MP_molecule': 2539, 'TH_molecule': 2690, 'B_molecule': 2856, 'B_ACTIVE_molecule': 703, 'VOID_molecule': 232, 'MP_ACTIVE_molecule': 160, 'TH_ACTIVE_molecule': 653, 'B_MEMORY_molecule': 550, 'B_PLASMA_molecule': 1993, 'IGG_molecule': 271, 'MP_ANTIGEN_molecule': 7, 'B_PRESENTING_molecule': 2, 'IGM_molecule': 3}"
497,"{PetriNet('hs_0_net'): 1, 'MP_molecule': 2537, 'TH_molecule': 2699, 'B_molecule': 2863, 'B_ACTIVE_molecule': 707, 'VOID_molecule': 232, 'MP_ACTIVE_molecule': 160, 'TH_ACTIVE_molecule': 653, 'B_MEMORY_molecule': 550, 'B_PLASMA_molecule': 2001, 'IGG_molecule': 277, 'MP_ANTIGEN_molecule': 8, 'B_PRESENTING_molecule': 3, 'IGM_molecule': 5}"
498,"{PetriNet('hs_0_net'): 1, 'MP_molecule': 2536, 'TH_molecule': 2707, 'B_molecule': 2870, 'B_ACTIVE_molecule': 711, 'VOID_molecule': 234, 'MP_ACTIVE_molecule': 160, 'TH_ACTIVE_molecule': 661, 'B_MEMORY_molecule': 560, 'B_PLASMA_molecule': 2018, 'IGG_molecule': 282, 'MP_ANTIGEN_molecule': 9, 'B_PRESENTING_molecule': 1, 'IGM_molecule': 5}"
499,"{PetriNet('hs_0_net'): 1, 'MP_molecule': 2543, 'TH_molecule': 2706, 'B_molecule': 2878, 'B_ACTIVE_molecule': 716, 'VOID_molecule': 236, 'MP_ACTIVE_molecule': 160, 'TH_ACTIVE_molecule': 662, 'B_MEMORY_molecule': 560, 'B_PLASMA_molecule': 2025, 'IGG_molecule': 287, 'MP_ANTIGEN_molecule': 10, 'B_PRESENTING_molecule': 1, 'IGM_molecule': 3}"
500,"{PetriNet('hs_0_net'): 1, 'MP_molecule': 2541, 'TH_molecule': 2713, 'B_molecule': 2876, 'B_ACTIVE_molecule': 720, 'VOID_molecule': 237, 'MP_ACTIVE_molecule': 170, 'TH_ACTIVE_molecule': 663, 'B_MEMORY_molecule': 560, 'B_PLASMA_molecule': 2026, 'IGG_molecule': 284, 'B_PRESENTING_molecule': 2, 'IGM_molecule': 7, 'MP_ANTIGEN_molecule': 1}"
501,"{PetriNet('hs_0_net'): 1, 'MP_molecule': 2548, 'TH_molecule': 2720, 'B_molecule': 2883, 'B_ACTIVE_molecule': 724, 'VOID_molecule': 239, 'MP_ACTIVE_molecule': 170, 'TH_ACTIVE_molecule': 664, 'B_MEMORY_molecule': 560, 'B_PLASMA_molecule': 2034, 'IGG_molecule': 288, 'B_PRESENTING_molecule': 3, 'IGM_molecule': 6, 'MP_ANTIGEN_molecule': 2}"
502,"{PetriNet('hs_0_net'): 1, 'MP_molecule': 2555, 'TH_molecule': 2728, 'B_molecule': 2890, 'B_ACTIVE_molecule': 728, 'VOID_molecule': 241, 'MP_ACTIVE_molecule': 170, 'TH_ACTIVE_molecule': 672, 'B_MEMORY_molecule': 570, 'B_PLASMA_molecule': 2052, 'IGG_molecule': 294, 'IGM_molecule': 4, 'MP_ANTIGEN_molecule': 3, 'B_PRESENTING_molecule': 1}"
503,"{PetriNet('hs_0_net'): 1, 'MP_molecule': 2562, 'TH_molecule': 2726, 'B_molecule': 2897, 'B_ACTIVE_molecule': 732, 'VOID_molecule': 242, 'MP_ACTIVE_molecule': 170, 'TH_ACTIVE_molecule': 673, 'B_MEMORY_molecule': 570, 'B_PLASMA_molecule': 2060, 'IGG_molecule': 299, 'IGM_molecule': 6, 'MP_ANTIGEN_molecule': 4, 'B_PRESENTING_molecule': 2}"
504,"{PetriNet('hs_0_net'): 1, 'MP_molecule': 2560, 'TH_molecule': 2733, 'B_molecule': 2905, 'B_ACTIVE_molecule': 737, 'VOID_molecule': 243, 'MP_ACTIVE_molecule': 170, 'TH_ACTIVE_molecule': 674, 'B_MEMORY_molecule': 570, 'B_PLASMA_molecule': 2068, 'IGG_molecule': 305, 'MP_ANTIGEN_molecule': 5, 'B_PRESENTING_molecule': 2, 'IGM_molecule': 5, 'ANTIGEN_molecule': 2}"
505,"{PetriNet('hs_0_net'): 1, 'MP_molecule': 2569, 'TH_molecule': 2741, 'B_molecule': 2913, 'B_ACTIVE_molecule': 741, 'VOID_molecule': 245, 'MP_ACTIVE_molecule': 170, 'TH_ACTIVE_molecule': 674, 'B_MEMORY_molecule': 570, 'B_PLASMA_molecule': 2076, 'IGG_molecule': 310, 'MP_ANTIGEN_molecule': 5, 'B_PRESENTING_molecule': 3, 'IGM_molecule': 5}"
506,"{PetriNet('hs_0_net'): 1, 'MP_molecule': 2577, 'TH_molecule': 2748, 'B_molecule': 2920, 'B_ACTIVE_molecule': 745, 'VOID_molecule': 245, 'MP_ACTIVE_molecule': 170, 'TH_ACTIVE_molecule': 682, 'B_MEMORY_molecule': 580, 'B_PLASMA_molecule': 2094, 'IGG_molecule': 317, 'MP_ANTIGEN_molecule': 6, 'B_PRESENTING_molecule': 1, 'IGM_molecule': 7}"
507,"{PetriNet('hs_0_net'): 1, 'MP_molecule': 2576, 'TH_molecule': 2755, 'B_molecule': 2927, 'B_ACTIVE_molecule': 749, 'VOID_molecule': 245, 'MP_ACTIVE_molecule': 170, 'TH_ACTIVE_molecule': 683, 'B_MEMORY_molecule': 580, 'B_PLASMA_molecule': 2102, 'IGG_molecule': 325, 'MP_ANTIGEN_molecule': 6, 'B_PRESENTING_molecule': 2, 'IGM_molecule': 9}"
508,"{PetriNet('hs_0_net'): 1, 'MP_molecule': 2584, 'TH_molecule': 2763, 'B_molecule': 2934, 'B_ACTIVE_molecule': 753, 'VOID_molecule': 247, 'MP_ACTIVE_molecule': 170, 'TH_ACTIVE_molecule': 684, 'B_MEMORY_molecule': 580, 'B_PLASMA_molecule': 2110, 'IGG_molecule': 331, 'MP_ANTIGEN_molecule': 7, 'B_PRESENTING_molecule': 3, 'IGM_molecule': 6}"
509,"{PetriNet('hs_0_net'): 1, 'MP_molecule': 2593, 'TH_molecule': 2770, 'B_molecule': 2933, 'B_ACTIVE_molecule': 757, 'VOID_molecule': 249, 'MP_ACTIVE_molecule': 170, 'TH_ACTIVE_molecule': 685, 'B_MEMORY_molecule': 580, 'B_PLASMA_molecule': 2118, 'IGG_molecule': 335, 'MP_ANTIGEN_molecule': 7, 'B_PRESENTING_molecule': 4, 'IGM_molecule': 4}"
510,"{PetriNet('hs_0_net'): 1, 'MP_molecule': 2600, 'TH_molecule': 2778, 'B_molecule': 2932, 'B_ACTIVE_molecule': 761, 'VOID_molecule': 250, 'MP_ACTIVE_molecule': 170, 'TH_ACTIVE_molecule': 692, 'B_MEMORY_molecule': 590, 'B_PLASMA_molecule': 2128, 'IGG_molecule': 331, 'MP_ANTIGEN_molecule': 8, 'B_PRESENTING_molecule': 2, 'IGM_molecule': 6, 'ANTIGEN_molecule': 1}"
511,"{PetriNet('hs_0_net'): 1, 'MP_molecule': 2607, 'TH_molecule': 2786, 'B_molecule': 2940, 'B_ACTIVE_molecule': 760, 'VOID_molecule': 251, 'MP_ACTIVE_molecule': 170, 'TH_ACTIVE_molecule': 693, 'B_MEMORY_molecule': 590, 'B_PLASMA_molecule': 2136, 'IGG_molecule': 338, 'MP_ANTIGEN_molecule': 9, 'B_PRESENTING_molecule': 3, 'IGM_molecule': 3}"
512,"{PetriNet('hs_0_net'): 1, 'MP_molecule': 2616, 'TH_molecule': 2794, 'B_molecule': 2939, 'B_ACTIVE_molecule': 764, 'VOID_molecule': 252, 'MP_ACTIVE_molecule': 170, 'TH_ACTIVE_molecule': 693, 'B_MEMORY_molecule': 590, 'B_PLASMA_molecule': 2144, 'IGG_molecule': 343, 'MP_ANTIGEN_molecule': 9, 'B_PRESENTING_molecule': 4, 'IGM_molecule': 5}"
513,"{PetriNet('hs_0_net'): 1, 'MP_molecule': 2623, 'TH_molecule': 2792, 'B_molecule': 2946, 'B_ACTIVE_molecule': 768, 'VOID_molecule': 253, 'MP_ACTIVE_molecule': 170, 'TH_ACTIVE_molecule': 701, 'B_MEMORY_molecule': 600, 'B_PLASMA_molecule': 2163, 'IGG_molecule': 351, 'MP_ANTIGEN_molecule': 10, 'B_PRESENTING_molecule': 2, 'IGM_molecule': 5, 'ANTIGEN_molecule': 2}"
514,"{PetriNet('hs_0_net'): 1, 'MP_molecule': 2621, 'TH_molecule': 2800, 'B_molecule': 2953, 'B_ACTIVE_molecule': 773, 'VOID_molecule': 255, 'MP_ACTIVE_molecule': 180, 'TH_ACTIVE_molecule': 702, 'B_MEMORY_molecule': 600, 'B_PLASMA_molecule': 2163, 'IGG_molecule': 347, 'B_PRESENTING_molecule': 2, 'IGM_molecule': 5, 'MP_ANTIGEN_molecule': 1}"
515,"{PetriNet('hs_0_net'): 1, 'MP_molecule': 2620, 'TH_molecule': 2807, 'B_molecule': 2962, 'B_ACTIVE_molecule': 772, 'VOID_molecule': 256, 'MP_ACTIVE_molecule': 180, 'TH_ACTIVE_molecule': 703, 'B_MEMORY_molecule': 600, 'B_PLASMA_molecule': 2171, 'IGG_molecule': 352, 'B_PRESENTING_molecule': 3, 'IGM_molecule': 3, 'MP_ANTIGEN_molecule': 1}"
516,"{PetriNet('hs_0_net'): 1, 'MP_molecule': 2627, 'TH_molecule': 2815, 'B_molecule': 2969, 'B_ACTIVE_molecule': 777, 'VOID_molecule': 256, 'MP_ACTIVE_molecule': 180, 'TH_ACTIVE_molecule': 704, 'B_MEMORY_molecule': 600, 'B_PLASMA_molecule': 2179, 'IGG_molecule': 358, 'B_PRESENTING_molecule': 3, 'MP_ANTIGEN_molecule': 2, 'IGM_molecule': 5}"
517,"{PetriNet('hs_0_net'): 1, 'MP_molecule': 2635, 'TH_molecule': 2823, 'B_molecule': 2968, 'B_ACTIVE_molecule': 777, 'VOID_molecule': 256, 'MP_ACTIVE_molecule': 180, 'TH_ACTIVE_molecule': 705, 'B_MEMORY_molecule': 600, 'B_PLASMA_molecule': 2180, 'IGG_molecule': 356, 'B_PRESENTING_molecule': 3, 'MP_ANTIGEN_molecule': 3, 'IGM_molecule': 3, 'ANTIGEN_molecule': 2}"
518,"{PetriNet('hs_0_net'): 1, 'MP_molecule': 2642, 'TH_molecule': 2830, 'B_molecule': 2966, 'B_ACTIVE_molecule': 781, 'VOID_molecule': 257, 'MP_ACTIVE_molecule': 180, 'TH_ACTIVE_molecule': 713, 'B_MEMORY_molecule': 610, 'B_PLASMA_molecule': 2189, 'IGG_molecule': 354, 'MP_ANTIGEN_molecule': 4, 'IGM_molecule': 5, 'B_PRESENTING_molecule': 1}"
519,"{PetriNet('hs_0_net'): 1, 'MP_molecule': 2649, 'TH_molecule': 2838, 'B_molecule': 2964, 'B_ACTIVE_molecule': 785, 'VOID_molecule': 259, 'MP_ACTIVE_molecule': 180, 'TH_ACTIVE_molecule': 714, 'B_MEMORY_molecule': 610, 'B_PLASMA_molecule': 2198, 'IGG_molecule': 360, 'MP_ANTIGEN_molecule': 5, 'IGM_molecule': 3, 'B_PRESENTING_molecule': 2}"
520,"{PetriNet('hs_0_net'): 1, 'MP_molecule': 2656, 'TH_molecule': 2846, 'B_molecule': 2972, 'B_ACTIVE_molecule': 785, 'VOID_molecule': 260, 'MP_ACTIVE_molecule': 180, 'TH_ACTIVE_molecule': 714, 'B_MEMORY_molecule': 610, 'B_PLASMA_molecule': 2198, 'IGG_molecule': 355, 'MP_ANTIGEN_molecule': 6, 'IGM_molecule': 2, 'B_PRESENTING_molecule': 2, 'ANTIGEN_molecule': 1}"
521,"{PetriNet('hs_0_net'): 1, 'MP_molecule': 2663, 'TH_molecule': 2854, 'B_molecule': 2980, 'B_ACTIVE_molecule': 789, 'VOID_molecule': 261, 'MP_ACTIVE_molecule': 180, 'TH_ACTIVE_molecule': 714, 'B_MEMORY_molecule': 610, 'B_PLASMA_molecule': 2205, 'IGG_molecule': 361, 'MP_ANTIGEN_molecule': 7, 'B_PRESENTING_molecule': 3, 'IGM_molecule': 4, 'ANTIGEN_molecule': 2}"
522,"{PetriNet('hs_0_net'): 1, 'MP_molecule': 2662, 'TH_molecule': 2852, 'B_molecule': 2979, 'B_ACTIVE_molecule': 788, 'VOID_molecule': 261, 'MP_ACTIVE_molecule': 180, 'TH_ACTIVE_molecule': 722, 'B_MEMORY_molecule': 620, 'B_PLASMA_molecule': 2222, 'IGG_molecule': 367, 'MP_ANTIGEN_molecule': 7, 'IGM_molecule': 1, 'B_PRESENTING_molecule': 1, 'ANTIGEN_molecule': 2}"
523,"{PetriNet('hs_0_net'): 1, 'MP_molecule': 2669, 'TH_molecule': 2859, 'B_molecule': 2987, 'B_ACTIVE_molecule': 787, 'VOID_molecule': 262, 'MP_ACTIVE_molecule': 180, 'TH_ACTIVE_molecule': 723, 'B_MEMORY_molecule': 620, 'B_PLASMA_molecule': 2222, 'IGG_molecule': 361, 'MP_ANTIGEN_molecule': 8, 'B_PRESENTING_molecule': 2}"
524,"{PetriNet('hs_0_net'): 1, 'MP_molecule': 2676, 'TH_molecule': 2857, 'B_molecule': 2995, 'B_ACTIVE_molecule': 786, 'VOID_molecule': 263, 'MP_ACTIVE_molecule': 180, 'TH_ACTIVE_molecule': 724, 'B_MEMORY_molecule': 620, 'B_PLASMA_molecule': 2229, 'IGG_molecule': 365, 'MP_ANTIGEN_molecule': 9, 'B_PRESENTING_molecule': 3}"
525,"{PetriNet('hs_0_net'): 1, 'MP_molecule': 2684, 'TH_molecule': 2855, 'B_molecule': 3003, 'B_ACTIVE_molecule': 786, 'VOID_molecule': 263, 'MP_ACTIVE_molecule': 180, 'TH_ACTIVE_molecule': 732, 'B_MEMORY_molecule': 630, 'B_PLASMA_molecule': 2238, 'IGG_molecule': 361, 'MP_ANTIGEN_molecule': 9}"
526,"{PetriNet('hs_0_net'): 1, 'MP_molecule': 2693, 'TH_molecule': 2853, 'B_molecule': 3011, 'B_ACTIVE_molecule': 786, 'VOID_molecule': 263, 'MP_ACTIVE_molecule': 180, 'TH_ACTIVE_molecule': 733, 'B_MEMORY_molecule': 630, 'B_PLASMA_molecule': 2245, 'IGG_molecule': 366, 'MP_ANTIGEN_molecule': 9}"
527,"{PetriNet('hs_0_net'): 1, 'MP_molecule': 2702, 'TH_molecule': 2851, 'B_molecule': 3019, 'B_ACTIVE_molecule': 786, 'VOID_molecule': 263, 'MP_ACTIVE_molecule': 180, 'TH_ACTIVE_molecule': 734, 'B_MEMORY_molecule': 630, 'B_PLASMA_molecule': 2252, 'IGG_molecule': 373, 'MP_ANTIGEN_molecule': 9}"
528,"{PetriNet('hs_0_net'): 1, 'MP_molecule': 2701, 'TH_molecule': 2858, 'B_molecule': 3027, 'B_ACTIVE_molecule': 786, 'VOID_molecule': 263, 'MP_ACTIVE_molecule': 180, 'TH_ACTIVE_molecule': 735, 'B_MEMORY_molecule': 630, 'B_PLASMA_molecule': 2259, 'IGG_molecule': 378, 'MP_ANTIGEN_molecule': 9}"
529,"{PetriNet('hs_0_net'): 1, 'MP_molecule': 2710, 'TH_molecule': 2867, 'B_molecule': 3036, 'B_ACTIVE_molecule': 786, 'VOID_molecule': 263, 'MP_ACTIVE_molecule': 180, 'TH_ACTIVE_molecule': 735, 'B_MEMORY_molecule': 630, 'B_PLASMA_molecule': 2266, 'IGG_molecule': 384, 'MP_ANTIGEN_molecule': 9}"
530,"{PetriNet('hs_0_net'): 1, 'MP_molecule': 2718, 'TH_molecule': 2865, 'B_molecule': 3044, 'B_ACTIVE_molecule': 786, 'VOID_molecule': 263, 'MP_ACTIVE_molecule': 180, 'TH_ACTIVE_molecule': 736, 'B_MEMORY_molecule': 630, 'B_PLASMA_molecule': 2273, 'IGG_molecule': 391, 'MP_ANTIGEN_molecule': 9}"
531,"{PetriNet('hs_0_net'): 1, 'MP_molecule': 2718, 'TH_molecule': 2872, 'B_molecule': 3053, 'B_ACTIVE_molecule': 786, 'VOID_molecule': 263, 'MP_ACTIVE_molecule': 180, 'TH_ACTIVE_molecule': 737, 'B_MEMORY_molecule': 630, 'B_PLASMA_molecule': 2280, 'IGG_molecule': 396, 'MP_ANTIGEN_molecule': 9}"
532,"{PetriNet('hs_0_net'): 1, 'MP_molecule': 2717, 'TH_molecule': 2871, 'B_molecule': 3062, 'B_ACTIVE_molecule': 786, 'VOID_molecule': 263, 'MP_ACTIVE_molecule': 180, 'TH_ACTIVE_molecule': 738, 'B_MEMORY_molecule': 630, 'B_PLASMA_molecule': 2288, 'IGG_molecule': 403, 'MP_ANTIGEN_molecule': 9}"
533,"{PetriNet('hs_0_net'): 1, 'MP_molecule': 2725, 'TH_molecule': 2878, 'B_molecule': 3070, 'B_ACTIVE_molecule': 786, 'VOID_molecule': 263, 'MP_ACTIVE_molecule': 180, 'TH_ACTIVE_molecule': 739, 'B_MEMORY_molecule': 630, 'B_PLASMA_molecule': 2296, 'IGG_molecule': 409, 'MP_ANTIGEN_molecule': 9}"
534,"{PetriNet('hs_0_net'): 1, 'MP_molecule': 2734, 'TH_molecule': 2885, 'B_molecule': 3079, 'B_ACTIVE_molecule': 786, 'VOID_molecule': 263, 'MP_ACTIVE_molecule': 180, 'TH_ACTIVE_molecule': 740, 'B_MEMORY_molecule': 630, 'B_PLASMA_molecule': 2303, 'IGG_molecule': 416, 'MP_ANTIGEN_molecule': 9}"
535,"{PetriNet('hs_0_net'): 1, 'MP_molecule': 2743, 'TH_molecule': 2893, 'B_molecule': 3087, 'B_ACTIVE_molecule': 786, 'VOID_molecule': 263, 'MP_ACTIVE_molecule': 180, 'TH_ACTIVE_molecule': 740, 'B_MEMORY_molecule': 630, 'B_PLASMA_molecule': 2310, 'IGG_molecule': 423, 'MP_ANTIGEN_molecule': 9}"
536,"{PetriNet('hs_0_net'): 1, 'MP_molecule': 2751, 'TH_molecule': 2900, 'B_molecule': 3095, 'B_ACTIVE_molecule': 786, 'VOID_molecule': 263, 'MP_ACTIVE_molecule': 180, 'TH_ACTIVE_molecule': 741, 'B_MEMORY_molecule': 630, 'B_PLASMA_molecule': 2318, 'IGG_molecule': 430, 'MP_ANTIGEN_molecule': 9}"
537,"{PetriNet('hs_0_net'): 1, 'MP_molecule': 2750, 'TH_molecule': 2898, 'B_molecule': 3103, 'B_ACTIVE_molecule': 786, 'VOID_molecule': 263, 'MP_ACTIVE_molecule': 180, 'TH_ACTIVE_molecule': 742, 'B_MEMORY_molecule': 630, 'B_PLASMA_molecule': 2325, 'IGG_molecule': 436, 'MP_ANTIGEN_molecule': 9}"
538,"{PetriNet('hs_0_net'): 1, 'MP_molecule': 2758, 'TH_molecule': 2905, 'B_molecule': 3111, 'B_ACTIVE_molecule': 786, 'VOID_molecule': 263, 'MP_ACTIVE_molecule': 180, 'TH_ACTIVE_molecule': 743, 'B_MEMORY_molecule': 630, 'B_PLASMA_molecule': 2332, 'IGG_molecule': 443, 'MP_ANTIGEN_molecule': 9}"
539,"{PetriNet('hs_0_net'): 1, 'MP_molecule': 2757, 'TH_molecule': 2913, 'B_molecule': 3119, 'B_ACTIVE_molecule': 786, 'VOID_molecule': 263, 'MP_ACTIVE_molecule': 180, 'TH_ACTIVE_molecule': 744, 'B_MEMORY_molecule': 630, 'B_PLASMA_molecule': 2331, 'IGG_molecule': 438, 'MP_ANTIGEN_molecule': 9}"
540,"{PetriNet('hs_0_net'): 1, 'MP_molecule': 2756, 'TH_molecule': 2921, 'B_molecule': 3127, 'B_ACTIVE_molecule': 786, 'VOID_molecule': 263, 'MP_ACTIVE_molecule': 180, 'TH_ACTIVE_molecule': 745, 'B_MEMORY_molecule': 630, 'B_PLASMA_molecule': 2338, 'IGG_molecule': 445, 'MP_ANTIGEN_molecule': 9}"
541,"{PetriNet('hs_0_net'): 1, 'MP_molecule': 2764, 'TH_molecule': 2929, 'B_molecule': 3136, 'B_ACTIVE_molecule': 786, 'VOID_molecule': 263, 'MP_ACTIVE_molecule': 180, 'TH_ACTIVE_molecule': 746, 'B_MEMORY_molecule': 630, 'B_PLASMA_molecule': 2346, 'IGG_molecule': 450, 'MP_ANTIGEN_molecule': 9}"
542,"{PetriNet('hs_0_net'): 1, 'MP_molecule': 2764, 'TH_molecule': 2936, 'B_molecule': 3145, 'B_ACTIVE_molecule': 786, 'VOID_molecule': 263, 'MP_ACTIVE_molecule': 180, 'TH_ACTIVE_molecule': 747, 'B_MEMORY_molecule': 630, 'B_PLASMA_molecule': 2345, 'IGG_molecule': 447, 'MP_ANTIGEN_molecule': 9}"
543,"{PetriNet('hs_0_net'): 1, 'MP_molecule': 2772, 'TH_molecule': 2943, 'B_molecule': 3153, 'B_ACTIVE_molecule': 786, 'VOID_molecule': 263, 'MP_ACTIVE_molecule': 180, 'TH_ACTIVE_molecule': 748, 'B_MEMORY_molecule': 630, 'B_PLASMA_molecule': 2352, 'IGG_molecule': 453, 'MP_ANTIGEN_molecule': 9}"
544,"{PetriNet('hs_0_net'): 1, 'MP_molecule': 2780, 'TH_molecule': 2950, 'B_molecule': 3161, 'B_ACTIVE_molecule': 786, 'VOID_molecule': 263, 'MP_ACTIVE_molecule': 180, 'TH_ACTIVE_molecule': 749, 'B_MEMORY_molecule': 630, 'B_PLASMA_molecule': 2351, 'IGG_molecule': 449, 'MP_ANTIGEN_molecule': 9}"
545,"{PetriNet('hs_0_net'): 1, 'MP_molecule': 2780, 'TH_molecule': 2959, 'B_molecule': 3169, 'B_ACTIVE_molecule': 786, 'VOID_molecule': 263, 'MP_ACTIVE_molecule': 180, 'TH_ACTIVE_molecule': 749, 'B_MEMORY_molecule': 630, 'B_PLASMA_molecule': 2359, 'IGG_molecule': 455, 'MP_ANTIGEN_molecule': 9}"
546,"{PetriNet('hs_0_net'): 1, 'MP_molecule': 2788, 'TH_molecule': 2966, 'B_molecule': 3168, 'B_ACTIVE_molecule': 786, 'VOID_molecule': 263, 'MP_ACTIVE_molecule': 180, 'TH_ACTIVE_molecule': 750, 'B_MEMORY_molecule': 630, 'B_PLASMA_molecule': 2367, 'IGG_molecule': 460, 'MP_ANTIGEN_molecule': 9}"
547,"{PetriNet('hs_0_net'): 1, 'MP_molecule': 2797, 'TH_molecule': 2973, 'B_molecule': 3167, 'B_ACTIVE_molecule': 786, 'VOID_molecule': 263, 'MP_ACTIVE_molecule': 180, 'TH_ACTIVE_molecule': 751, 'B_MEMORY_molecule': 630, 'B_PLASMA_molecule': 2374, 'IGG_molecule': 466, 'MP_ANTIGEN_molecule': 9}"
548,"{PetriNet('hs_0_net'): 1, 'MP_molecule': 2805, 'TH_molecule': 2972, 'B_molecule': 3175, 'B_ACTIVE_molecule': 786, 'VOID_molecule': 263, 'MP_ACTIVE_molecule': 180, 'TH_ACTIVE_molecule': 752, 'B_MEMORY_molecule': 630, 'B_PLASMA_molecule': 2381, 'IGG_molecule': 471, 'MP_ANTIGEN_molecule': 9}"
549,"{PetriNet('hs_0_net'): 1, 'MP_molecule': 2814, 'TH_molecule': 2979, 'B_molecule': 3175, 'B_ACTIVE_molecule': 786, 'VOID_molecule': 263, 'MP_ACTIVE_molecule': 180, 'TH_ACTIVE_molecule': 753, 'B_MEMORY_molecule': 630, 'B_PLASMA_molecule': 2389, 'IGG_molecule': 477, 'MP_ANTIGEN_molecule': 9}"
550,"{PetriNet('hs_0_net'): 1, 'MP_molecule': 2822, 'TH_molecule': 2977, 'B_molecule': 3184, 'B_ACTIVE_molecule': 786, 'VOID_molecule': 263, 'MP_ACTIVE_molecule': 180, 'TH_ACTIVE_molecule': 754, 'B_MEMORY_molecule': 630, 'B_PLASMA_molecule': 2397, 'IGG_molecule': 483, 'MP_ANTIGEN_molecule': 9}"
551,"{PetriNet('hs_0_net'): 1, 'MP_molecule': 2821, 'TH_molecule': 2985, 'B_molecule': 3193, 'B_ACTIVE_molecule': 786, 'VOID_molecule': 263, 'MP_ACTIVE_molecule': 180, 'TH_ACTIVE_molecule': 754, 'B_MEMORY_molecule': 630, 'B_PLASMA_molecule': 2397, 'IGG_molecule': 479, 'MP_ANTIGEN_molecule': 9}"
552,"{PetriNet('hs_0_net'): 1, 'MP_molecule': 2820, 'TH_molecule': 2993, 'B_molecule': 3192, 'B_ACTIVE_molecule': 786, 'VOID_molecule': 263, 'MP_ACTIVE_molecule': 180, 'TH_ACTIVE_molecule': 755, 'B_MEMORY_molecule': 630, 'B_PLASMA_molecule': 2404, 'IGG_molecule': 487, 'MP_ANTIGEN_molecule': 9}"
553,"{PetriNet('hs_0_net'): 1, 'MP_molecule': 2820, 'TH_molecule': 3001, 'B_molecule': 3200, 'B_ACTIVE_molecule': 786, 'VOID_molecule': 263, 'MP_ACTIVE_molecule': 180, 'TH_ACTIVE_molecule': 755, 'B_MEMORY_molecule': 630, 'B_PLASMA_molecule': 2411, 'IGG_molecule': 492, 'MP_ANTIGEN_molecule': 9}"
554,"{PetriNet('hs_0_net'): 1, 'MP_molecule': 2828, 'TH_molecule': 3008, 'B_molecule': 3208, 'B_ACTIVE_molecule': 786, 'VOID_molecule': 263, 'MP_ACTIVE_molecule': 180, 'TH_ACTIVE_molecule': 756, 'B_MEMORY_molecule': 630, 'B_PLASMA_molecule': 2410, 'IGG_molecule': 488, 'MP_ANTIGEN_molecule': 9}"
555,"{PetriNet('hs_0_net'): 1, 'MP_molecule': 2836, 'TH_molecule': 3016, 'B_molecule': 3208, 'B_ACTIVE_molecule': 786, 'VOID_molecule': 263, 'MP_ACTIVE_molecule': 180, 'TH_ACTIVE_molecule': 757, 'B_MEMORY_molecule': 630, 'B_PLASMA_molecule': 2417, 'IGG_molecule': 494, 'MP_ANTIGEN_molecule': 9}"
556,"{PetriNet('hs_0_net'): 1, 'MP_molecule': 2844, 'TH_molecule': 3024, 'B_molecule': 3216, 'B_ACTIVE_molecule': 786, 'VOID_molecule': 263, 'MP_ACTIVE_molecule': 180, 'TH_ACTIVE_molecule': 758, 'B_MEMORY_molecule': 630, 'B_PLASMA_molecule': 2416, 'IGG_molecule': 490, 'MP_ANTIGEN_molecule': 9}"
557,"{PetriNet('hs_0_net'): 1, 'MP_molecule': 2843, 'TH_molecule': 3031, 'B_molecule': 3224, 'B_ACTIVE_molecule': 786, 'VOID_molecule': 263, 'MP_ACTIVE_molecule': 180, 'TH_ACTIVE_molecule': 759, 'B_MEMORY_molecule': 630, 'B_PLASMA_molecule': 2424, 'IGG_molecule': 495, 'MP_ANTIGEN_molecule': 9}"
558,"{PetriNet('hs_0_net'): 1, 'MP_molecule': 2851, 'TH_molecule': 3039, 'B_molecule': 3232, 'B_ACTIVE_molecule': 786, 'VOID_molecule': 263, 'MP_ACTIVE_molecule': 180, 'TH_ACTIVE_molecule': 759, 'B_MEMORY_molecule': 630, 'B_PLASMA_molecule': 2432, 'IGG_molecule': 503, 'MP_ANTIGEN_molecule': 9}"
559,"{PetriNet('hs_0_net'): 1, 'MP_molecule': 2859, 'TH_molecule': 3047, 'B_molecule': 3240, 'B_ACTIVE_molecule': 786, 'VOID_molecule': 263, 'MP_ACTIVE_molecule': 180, 'TH_ACTIVE_molecule': 760, 'B_MEMORY_molecule': 630, 'B_PLASMA_molecule': 2439, 'IGG_molecule': 511, 'MP_ANTIGEN_molecule': 9}"
560,"{PetriNet('hs_0_net'): 1, 'MP_molecule': 2867, 'TH_molecule': 3045, 'B_molecule': 3248, 'B_ACTIVE_molecule': 786, 'VOID_molecule': 263, 'MP_ACTIVE_molecule': 180, 'TH_ACTIVE_molecule': 761, 'B_MEMORY_molecule': 630, 'B_PLASMA_molecule': 2446, 'IGG_molecule': 516, 'MP_ANTIGEN_molecule': 9}"
561,"{PetriNet('hs_0_net'): 1, 'MP_molecule': 2875, 'TH_molecule': 3043, 'B_molecule': 3247, 'B_ACTIVE_molecule': 786, 'VOID_molecule': 263, 'MP_ACTIVE_molecule': 180, 'TH_ACTIVE_molecule': 762, 'B_MEMORY_molecule': 630, 'B_PLASMA_molecule': 2445, 'IGG_molecule': 511, 'MP_ANTIGEN_molecule': 9}"
562,"{PetriNet('hs_0_net'): 1, 'MP_molecule': 2884, 'TH_molecule': 3052, 'B_molecule': 3256, 'B_ACTIVE_molecule': 786, 'VOID_molecule': 263, 'MP_ACTIVE_molecule': 180, 'TH_ACTIVE_molecule': 762, 'B_MEMORY_molecule': 630, 'B_PLASMA_molecule': 2452, 'IGG_molecule': 518, 'MP_ANTIGEN_molecule': 9}"
563,"{PetriNet('hs_0_net'): 1, 'MP_molecule': 2893, 'TH_molecule': 3059, 'B_molecule': 3265, 'B_ACTIVE_molecule': 786, 'VOID_molecule': 263, 'MP_ACTIVE_molecule': 180, 'TH_ACTIVE_molecule': 763, 'B_MEMORY_molecule': 630, 'B_PLASMA_molecule': 2459, 'IGG_molecule': 526, 'MP_ANTIGEN_molecule': 9}"
564,"{PetriNet('hs_0_net'): 1, 'MP_molecule': 2901, 'TH_molecule': 3057, 'B_molecule': 3264, 'B_ACTIVE_molecule': 786, 'VOID_molecule': 263, 'MP_ACTIVE_molecule': 180, 'TH_ACTIVE_molecule': 764, 'B_MEMORY_molecule': 630, 'B_PLASMA_molecule': 2466, 'IGG_molecule': 532, 'MP_ANTIGEN_molecule': 9}"
565,"{PetriNet('hs_0_net'): 1, 'MP_molecule': 2900, 'TH_molecule': 3065, 'B_molecule': 3272, 'B_ACTIVE_molecule': 786, 'VOID_molecule': 263, 'MP_ACTIVE_molecule': 180, 'TH_ACTIVE_molecule': 764, 'B_MEMORY_molecule': 630, 'B_PLASMA_molecule': 2473, 'IGG_molecule': 537, 'MP_ANTIGEN_molecule': 9}"
566,"{PetriNet('hs_0_net'): 1, 'MP_molecule': 2899, 'TH_molecule': 3073, 'B_molecule': 3280, 'B_ACTIVE_molecule': 786, 'VOID_molecule': 263, 'MP_ACTIVE_molecule': 180, 'TH_ACTIVE_molecule': 765, 'B_MEMORY_molecule': 630, 'B_PLASMA_molecule': 2481, 'IGG_molecule': 543, 'MP_ANTIGEN_molecule': 9}"
567,"{PetriNet('hs_0_net'): 1, 'MP_molecule': 2907, 'TH_molecule': 3081, 'B_molecule': 3289, 'B_ACTIVE_molecule': 786, 'VOID_molecule': 263, 'MP_ACTIVE_molecule': 180, 'TH_ACTIVE_molecule': 766, 'B_MEMORY_molecule': 630, 'B_PLASMA_molecule': 2489, 'IGG_molecule': 549, 'MP_ANTIGEN_molecule': 9}"
568,"{PetriNet('hs_0_net'): 1, 'MP_molecule': 2915, 'TH_molecule': 3089, 'B_molecule': 3297, 'B_ACTIVE_molecule': 786, 'VOID_molecule': 263, 'MP_ACTIVE_molecule': 180, 'TH_ACTIVE_molecule': 766, 'B_MEMORY_molecule': 630, 'B_PLASMA_molecule': 2496, 'IGG_molecule': 556, 'MP_ANTIGEN_molecule': 9}"
569,"{PetriNet('hs_0_net'): 1, 'MP_molecule': 2923, 'TH_molecule': 3096, 'B_molecule': 3296, 'B_ACTIVE_molecule': 786, 'VOID_molecule': 263, 'MP_ACTIVE_molecule': 180, 'TH_ACTIVE_molecule': 767, 'B_MEMORY_molecule': 630, 'B_PLASMA_molecule': 2495, 'IGG_molecule': 551, 'MP_ANTIGEN_molecule': 9}"
570,"{PetriNet('hs_0_net'): 1, 'MP_molecule': 2922, 'TH_molecule': 3104, 'B_molecule': 3305, 'B_ACTIVE_molecule': 786, 'VOID_molecule': 263, 'MP_ACTIVE_molecule': 180, 'TH_ACTIVE_molecule': 768, 'B_MEMORY_molecule': 630, 'B_PLASMA_molecule': 2495, 'IGG_molecule': 547, 'MP_ANTIGEN_molecule': 9}"
571,"{PetriNet('hs_0_net'): 1, 'MP_molecule': 2930, 'TH_molecule': 3111, 'B_molecule': 3304, 'B_ACTIVE_molecule': 786, 'VOID_molecule': 263, 'MP_ACTIVE_molecule': 180, 'TH_ACTIVE_molecule': 769, 'B_MEMORY_molecule': 630, 'B_PLASMA_molecule': 2495, 'IGG_molecule': 544, 'MP_ANTIGEN_molecule': 9}"
572,"{PetriNet('hs_0_net'): 1, 'MP_molecule': 2929, 'TH_molecule': 3109, 'B_molecule': 3303, 'B_ACTIVE_molecule': 786, 'VOID_molecule': 263, 'MP_ACTIVE_molecule': 180, 'TH_ACTIVE_molecule': 770, 'B_MEMORY_molecule': 630, 'B_PLASMA_molecule': 2495, 'IGG_molecule': 540, 'MP_ANTIGEN_molecule': 9}"
573,"{PetriNet('hs_0_net'): 1, 'MP_molecule': 2928, 'TH_molecule': 3116, 'B_molecule': 3302, 'B_ACTIVE_molecule': 786, 'VOID_molecule': 263, 'MP_ACTIVE_molecule': 180, 'TH_ACTIVE_molecule': 771, 'B_MEMORY_molecule': 630, 'B_PLASMA_molecule': 2495, 'IGG_molecule': 536, 'MP_ANTIGEN_molecule': 9}"
574,"{PetriNet('hs_0_net'): 1, 'MP_molecule': 2936, 'TH_molecule': 3123, 'B_molecule': 3310, 'B_ACTIVE_molecule': 786, 'VOID_molecule': 263, 'MP_ACTIVE_molecule': 180, 'TH_ACTIVE_molecule': 772, 'B_MEMORY_molecule': 630, 'B_PLASMA_molecule': 2495, 'IGG_molecule': 534, 'MP_ANTIGEN_molecule': 9}"
575,"{PetriNet('hs_0_net'): 1, 'MP_molecule': 2944, 'TH_molecule': 3130, 'B_molecule': 3318, 'B_ACTIVE_molecule': 786, 'VOID_molecule': 263, 'MP_ACTIVE_molecule': 180, 'TH_ACTIVE_molecule': 773, 'B_MEMORY_molecule': 630, 'B_PLASMA_molecule': 2495, 'IGG_molecule': 530, 'MP_ANTIGEN_molecule': 9}"
576,"{PetriNet('hs_0_net'): 1, 'MP_molecule': 2943, 'TH_molecule': 3137, 'B_molecule': 3326, 'B_ACTIVE_molecule': 786, 'VOID_molecule': 263, 'MP_ACTIVE_molecule': 180, 'TH_ACTIVE_molecule': 774, 'B_MEMORY_molecule': 630, 'B_PLASMA_molecule': 2495, 'IGG_molecule': 526, 'MP_ANTIGEN_molecule': 9}"
577,"{PetriNet('hs_0_net'): 1, 'MP_molecule': 2952, 'TH_molecule': 3144, 'B_molecule': 3334, 'B_ACTIVE_molecule': 786, 'VOID_molecule': 263, 'MP_ACTIVE_molecule': 180, 'TH_ACTIVE_molecule': 775, 'B_MEMORY_molecule': 630, 'B_PLASMA_molecule': 2495, 'IGG_molecule': 522, 'MP_ANTIGEN_molecule': 9}"
578,"{PetriNet('hs_0_net'): 1, 'MP_molecule': 2951, 'TH_molecule': 3152, 'B_molecule': 3342, 'B_ACTIVE_molecule': 786, 'VOID_molecule': 263, 'MP_ACTIVE_molecule': 180, 'TH_ACTIVE_molecule': 776, 'B_MEMORY_molecule': 630, 'B_PLASMA_molecule': 2495, 'IGG_molecule': 518, 'MP_ANTIGEN_molecule': 9}"
579,"{PetriNet('hs_0_net'): 1, 'MP_molecule': 2959, 'TH_molecule': 3150, 'B_molecule': 3350, 'B_ACTIVE_molecule': 786, 'VOID_molecule': 263, 'MP_ACTIVE_molecule': 180, 'TH_ACTIVE_molecule': 777, 'B_MEMORY_molecule': 630, 'B_PLASMA_molecule': 2495, 'IGG_molecule': 514, 'MP_ANTIGEN_molecule': 9}"
580,"{PetriNet('hs_0_net'): 1, 'MP_molecule': 2958, 'TH_molecule': 3158, 'B_molecule': 3358, 'B_ACTIVE_molecule': 786, 'VOID_molecule': 263, 'MP_ACTIVE_molecule': 180, 'TH_ACTIVE_molecule': 777, 'B_MEMORY_molecule': 630, 'B_PLASMA_molecule': 2495, 'IGG_molecule': 510, 'MP_ANTIGEN_molecule': 9}"
581,"{PetriNet('hs_0_net'): 1, 'MP_molecule': 2967, 'TH_molecule': 3167, 'B_molecule': 3357, 'B_ACTIVE_molecule': 786, 'VOID_molecule': 263, 'MP_ACTIVE_molecule': 180, 'TH_ACTIVE_molecule': 777, 'B_MEMORY_molecule': 630, 'B_PLASMA_molecule': 2495, 'IGG_molecule': 506, 'MP_ANTIGEN_molecule': 9}"
582,"{PetriNet('hs_0_net'): 1, 'MP_molecule': 2966, 'TH_molecule': 3174, 'B_molecule': 3356, 'B_ACTIVE_molecule': 786, 'VOID_molecule': 263, 'MP_ACTIVE_molecule': 180, 'TH_ACTIVE_molecule': 778, 'B_MEMORY_molecule': 630, 'B_PLASMA_molecule': 2495, 'IGG_molecule': 504, 'MP_ANTIGEN_molecule': 9}"
583,"{PetriNet('hs_0_net'): 1, 'MP_molecule': 2965, 'TH_molecule': 3181, 'B_molecule': 3364, 'B_ACTIVE_molecule': 786, 'VOID_molecule': 263, 'MP_ACTIVE_molecule': 180, 'TH_ACTIVE_molecule': 779, 'B_MEMORY_molecule': 630, 'B_PLASMA_molecule': 2495, 'IGG_molecule': 501, 'MP_ANTIGEN_molecule': 9}"
584,"{PetriNet('hs_0_net'): 1, 'MP_molecule': 2974, 'TH_molecule': 3189, 'B_molecule': 3372, 'B_ACTIVE_molecule': 786, 'VOID_molecule': 263, 'MP_ACTIVE_molecule': 180, 'TH_ACTIVE_molecule': 780, 'B_MEMORY_molecule': 630, 'B_PLASMA_molecule': 2495, 'IGG_molecule': 498, 'MP_ANTIGEN_molecule': 9}"
585,"{PetriNet('hs_0_net'): 1, 'MP_molecule': 2982, 'TH_molecule': 3196, 'B_molecule': 3372, 'B_ACTIVE_molecule': 786, 'VOID_molecule': 263, 'MP_ACTIVE_molecule': 180, 'TH_ACTIVE_molecule': 781, 'B_MEMORY_molecule': 630, 'B_PLASMA_molecule': 2495, 'IGG_molecule': 495, 'MP_ANTIGEN_molecule': 9}"
586,"{PetriNet('hs_0_net'): 1, 'MP_molecule': 2990, 'TH_molecule': 3203, 'B_molecule': 3381, 'B_ACTIVE_molecule': 786, 'VOID_molecule': 263, 'MP_ACTIVE_molecule': 180, 'TH_ACTIVE_molecule': 782, 'B_MEMORY_molecule': 630, 'B_PLASMA_molecule': 2495, 'IGG_molecule': 491, 'MP_ANTIGEN_molecule': 9}"
587,"{PetriNet('hs_0_net'): 1, 'MP_molecule': 2998, 'TH_molecule': 3201, 'B_molecule': 3389, 'B_ACTIVE_molecule': 786, 'VOID_molecule': 263, 'MP_ACTIVE_molecule': 180, 'TH_ACTIVE_molecule': 783, 'B_MEMORY_molecule': 630, 'B_PLASMA_molecule': 2495, 'IGG_molecule': 488, 'MP_ANTIGEN_molecule': 9}"
588,"{PetriNet('hs_0_net'): 1, 'MP_molecule': 3007, 'TH_molecule': 3209, 'B_molecule': 3397, 'B_ACTIVE_molecule': 786, 'VOID_molecule': 263, 'MP_ACTIVE_molecule': 180, 'TH_ACTIVE_molecule': 783, 'B_MEMORY_molecule': 630, 'B_PLASMA_molecule': 2495, 'IGG_molecule': 485, 'MP_ANTIGEN_molecule': 9}"
589,"{PetriNet('hs_0_net'): 1, 'MP_molecule': 3015, 'TH_molecule': 3217, 'B_molecule': 3405, 'B_ACTIVE_molecule': 786, 'VOID_molecule': 263, 'MP_ACTIVE_molecule': 180, 'TH_ACTIVE_molecule': 783, 'B_MEMORY_molecule': 630, 'B_PLASMA_molecule': 2495, 'IGG_molecule': 480, 'MP_ANTIGEN_molecule': 9}"
590,"{PetriNet('hs_0_net'): 1, 'MP_molecule': 3014, 'TH_molecule': 3215, 'B_molecule': 3413, 'B_ACTIVE_molecule': 786, 'VOID_molecule': 263, 'MP_ACTIVE_molecule': 180, 'TH_ACTIVE_molecule': 784, 'B_MEMORY_molecule': 630, 'B_PLASMA_molecule': 2495, 'IGG_molecule': 477, 'MP_ANTIGEN_molecule': 9}"
591,"{PetriNet('hs_0_net'): 1, 'MP_molecule': 3013, 'TH_molecule': 3222, 'B_molecule': 3412, 'B_ACTIVE_molecule': 786, 'VOID_molecule': 263, 'MP_ACTIVE_molecule': 180, 'TH_ACTIVE_molecule': 785, 'B_MEMORY_molecule': 630, 'B_PLASMA_molecule': 2495, 'IGG_molecule': 473, 'MP_ANTIGEN_molecule': 9}"
592,"{PetriNet('hs_0_net'): 1, 'MP_molecule': 3013, 'TH_molecule': 3221, 'B_molecule': 3420, 'B_ACTIVE_molecule': 786, 'VOID_molecule': 263, 'MP_ACTIVE_molecule': 180, 'TH_ACTIVE_molecule': 786, 'B_MEMORY_molecule': 630, 'B_PLASMA_molecule': 2495, 'IGG_molecule': 468, 'MP_ANTIGEN_molecule': 9}"
593,"{PetriNet('hs_0_net'): 1, 'MP_molecule': 3021, 'TH_molecule': 3228, 'B_molecule': 3428, 'B_ACTIVE_molecule': 786, 'VOID_molecule': 263, 'MP_ACTIVE_molecule': 180, 'TH_ACTIVE_molecule': 787, 'B_MEMORY_molecule': 630, 'B_PLASMA_molecule': 2495, 'IGG_molecule': 466, 'MP_ANTIGEN_molecule': 9}"
594,"{PetriNet('hs_0_net'): 1, 'MP_molecule': 3030, 'TH_molecule': 3236, 'B_molecule': 3436, 'B_ACTIVE_molecule': 786, 'VOID_molecule': 263, 'MP_ACTIVE_molecule': 180, 'TH_ACTIVE_molecule': 788, 'B_MEMORY_molecule': 630, 'B_PLASMA_molecule': 2495, 'IGG_molecule': 462, 'MP_ANTIGEN_molecule': 9}"
595,"{PetriNet('hs_0_net'): 1, 'MP_molecule': 3038, 'TH_molecule': 3234, 'B_molecule': 3444, 'B_ACTIVE_molecule': 786, 'VOID_molecule': 263, 'MP_ACTIVE_molecule': 180, 'TH_ACTIVE_molecule': 789, 'B_MEMORY_molecule': 630, 'B_PLASMA_molecule': 2495, 'IGG_molecule': 459, 'MP_ANTIGEN_molecule': 9}"
596,"{PetriNet('hs_0_net'): 1, 'MP_molecule': 3037, 'TH_molecule': 3242, 'B_molecule': 3443, 'B_ACTIVE_molecule': 786, 'VOID_molecule': 263, 'MP_ACTIVE_molecule': 180, 'TH_ACTIVE_molecule': 790, 'B_MEMORY_molecule': 630, 'B_PLASMA_molecule': 2495, 'IGG_molecule': 455, 'MP_ANTIGEN_molecule': 9}"
597,"{PetriNet('hs_0_net'): 1, 'MP_molecule': 3045, 'TH_molecule': 3242, 'B_molecule': 3451, 'B_ACTIVE_molecule': 786, 'VOID_molecule': 263, 'MP_ACTIVE_molecule': 180, 'TH_ACTIVE_molecule': 790, 'B_MEMORY_molecule': 630, 'B_PLASMA_molecule': 2495, 'IGG_molecule': 450, 'MP_ANTIGEN_molecule': 9}"
598,"{PetriNet('hs_0_net'): 1, 'MP_molecule': 3053, 'TH_molecule': 3241, 'B_molecule': 3459, 'B_ACTIVE_molecule': 786, 'VOID_molecule': 263, 'MP_ACTIVE_molecule': 180, 'TH_ACTIVE_molecule': 791, 'B_MEMORY_molecule': 630, 'B_PLASMA_molecule': 2495, 'IGG_molecule': 445, 'MP_ANTIGEN_molecule': 9}"
599,"{PetriNet('hs_0_net'): 1, 'MP_molecule': 3062, 'TH_molecule': 3248, 'B_molecule': 3458, 'B_ACTIVE_molecule': 786, 'VOID_molecule': 263, 'MP_ACTIVE_molecule': 180, 'TH_ACTIVE_molecule': 792, 'B_MEMORY_molecule': 630, 'B_PLASMA_molecule': 2495, 'IGG_molecule': 442, 'MP_ANTIGEN_molecule': 9}"
600,"{PetriNet('hs_0_net'): 1, 'MP_molecule': 3071, 'TH_molecule': 3255, 'B_molecule': 3466, 'B_ACTIVE_molecule': 786, 'VOID_molecule': 263, 'MP_ACTIVE_molecule': 180, 'TH_ACTIVE_molecule': 793, 'B_MEMORY_molecule': 630, 'B_PLASMA_molecule': 2495, 'IGG_molecule': 437, 'MP_ANTIGEN_molecule': 9}"
601,"{PetriNet('hs_0_net'): 1, 'MP_molecule': 3079, 'TH_molecule': 3262, 'B_molecule': 3474, 'B_ACTIVE_molecule': 786, 'VOID_molecule': 263, 'MP_ACTIVE_molecule': 180, 'TH_ACTIVE_molecule': 794, 'B_MEMORY_molecule': 630, 'B_PLASMA_molecule': 2495, 'IGG_molecule': 433, 'MP_ANTIGEN_molecule': 9}"
602,"{PetriNet('hs_0_net'): 1, 'MP_molecule': 3087, 'TH_molecule': 3270, 'B_molecule': 3482, 'B_ACTIVE_molecule': 786, 'VOID_molecule': 263, 'MP_ACTIVE_molecule': 180, 'TH_ACTIVE_molecule': 794, 'B_MEMORY_molecule': 630, 'B_PLASMA_molecule': 2495, 'IGG_molecule': 430, 'MP_ANTIGEN_molecule': 9}"
603,"{PetriNet('hs_0_net'): 1, 'MP_molecule': 3095, 'TH_molecule': 3278, 'B_molecule': 3482, 'B_ACTIVE_molecule': 786, 'VOID_molecule': 263, 'MP_ACTIVE_molecule': 180, 'TH_ACTIVE_molecule': 794, 'B_MEMORY_molecule': 630, 'B_PLASMA_molecule': 2495, 'IGG_molecule': 425, 'MP_ANTIGEN_molecule': 9}"
604,"{PetriNet('hs_0_net'): 1, 'MP_molecule': 3103, 'TH_molecule': 3285, 'B_molecule': 3482, 'B_ACTIVE_molecule': 786, 'VOID_molecule': 263, 'MP_ACTIVE_molecule': 180, 'TH_ACTIVE_molecule': 795, 'B_MEMORY_molecule': 630, 'B_PLASMA_molecule': 2495, 'IGG_molecule': 421, 'MP_ANTIGEN_molecule': 9}"
605,"{PetriNet('hs_0_net'): 1, 'MP_molecule': 3102, 'TH_molecule': 3293, 'B_molecule': 3490, 'B_ACTIVE_molecule': 786, 'VOID_molecule': 263, 'MP_ACTIVE_molecule': 180, 'TH_ACTIVE_molecule': 796, 'B_MEMORY_molecule': 630, 'B_PLASMA_molecule': 2495, 'IGG_molecule': 417, 'MP_ANTIGEN_molecule': 9}"
606,"{PetriNet('hs_0_net'): 1, 'MP_molecule': 3110, 'TH_molecule': 3300, 'B_molecule': 3498, 'B_ACTIVE_molecule': 786, 'VOID_molecule': 263, 'MP_ACTIVE_molecule': 180, 'TH_ACTIVE_molecule': 797, 'B_MEMORY_molecule': 630, 'B_PLASMA_molecule': 2495, 'IGG_molecule': 414, 'MP_ANTIGEN_molecule': 9}"
607,"{PetriNet('hs_0_net'): 1, 'MP_molecule': 3109, 'TH_molecule': 3307, 'B_molecule': 3497, 'B_ACTIVE_molecule': 786, 'VOID_molecule': 263, 'MP_ACTIVE_molecule': 180, 'TH_ACTIVE_molecule': 798, 'B_MEMORY_molecule': 630, 'B_PLASMA_molecule': 2495, 'IGG_molecule': 410, 'MP_ANTIGEN_molecule': 9}"
608,"{PetriNet('hs_0_net'): 1, 'MP_molecule': 3117, 'TH_molecule': 3314, 'B_molecule': 3505, 'B_ACTIVE_molecule': 786, 'VOID_molecule': 263, 'MP_ACTIVE_molecule': 180, 'TH_ACTIVE_molecule': 799, 'B_MEMORY_molecule': 630, 'B_PLASMA_molecule': 2495, 'IGG_molecule': 405, 'MP_ANTIGEN_molecule': 9}"
609,"{PetriNet('hs_0_net'): 1, 'MP_molecule': 3125, 'TH_molecule': 3312, 'B_molecule': 3513, 'B_ACTIVE_molecule': 786, 'VOID_molecule': 263, 'MP_ACTIVE_molecule': 180, 'TH_ACTIVE_molecule': 800, 'B_MEMORY_molecule': 630, 'B_PLASMA_molecule': 2495, 'IGG_molecule': 401, 'MP_ANTIGEN_molecule': 9}"
610,"{PetriNet('hs_0_net'): 1, 'MP_molecule': 3125, 'TH_molecule': 3320, 'B_molecule': 3521, 'B_ACTIVE_molecule': 786, 'VOID_molecule': 263, 'MP_ACTIVE_molecule': 180, 'TH_ACTIVE_molecule': 801, 'B_MEMORY_molecule': 630, 'B_PLASMA_molecule': 2495, 'IGG_molecule': 397, 'MP_ANTIGEN_molecule': 9}"
611,"{PetriNet('hs_0_net'): 1, 'MP_molecule': 3125, 'TH_molecule': 3318, 'B_molecule': 3529, 'B_ACTIVE_molecule': 786, 'VOID_molecule': 263, 'MP_ACTIVE_molecule': 180, 'TH_ACTIVE_molecule': 802, 'B_MEMORY_molecule': 630, 'B_PLASMA_molecule': 2495, 'IGG_molecule': 394, 'MP_ANTIGEN_molecule': 9}"
612,"{PetriNet('hs_0_net'): 1, 'MP_molecule': 3125, 'TH_molecule': 3325, 'B_molecule': 3528, 'B_ACTIVE_molecule': 786, 'VOID_molecule': 263, 'MP_ACTIVE_molecule': 180, 'TH_ACTIVE_molecule': 803, 'B_MEMORY_molecule': 630, 'B_PLASMA_molecule': 2495, 'IGG_molecule': 391, 'MP_ANTIGEN_molecule': 9}"
613,"{PetriNet('hs_0_net'): 1, 'MP_molecule': 3133, 'TH_molecule': 3332, 'B_molecule': 3536, 'B_ACTIVE_molecule': 786, 'VOID_molecule': 263, 'MP_ACTIVE_molecule': 180, 'TH_ACTIVE_molecule': 804, 'B_MEMORY_molecule': 630, 'B_PLASMA_molecule': 2495, 'IGG_molecule': 388, 'MP_ANTIGEN_molecule': 9}"
614,"{PetriNet('hs_0_net'): 1, 'MP_molecule': 3142, 'TH_molecule': 3339, 'B_molecule': 3544, 'B_ACTIVE_molecule': 786, 'VOID_molecule': 263, 'MP_ACTIVE_molecule': 180, 'TH_ACTIVE_molecule': 805, 'B_MEMORY_molecule': 630, 'B_PLASMA_molecule': 2495, 'IGG_molecule': 384, 'MP_ANTIGEN_molecule': 9}"
615,"{PetriNet('hs_0_net'): 1, 'MP_molecule': 3150, 'TH_molecule': 3346, 'B_molecule': 3543, 'B_ACTIVE_molecule': 786, 'VOID_molecule': 263, 'MP_ACTIVE_molecule': 180, 'TH_ACTIVE_molecule': 806, 'B_MEMORY_molecule': 630, 'B_PLASMA_molecule': 2495, 'IGG_molecule': 380, 'MP_ANTIGEN_molecule': 9}"
616,"{PetriNet('hs_0_net'): 1, 'MP_molecule': 3150, 'TH_molecule': 3354, 'B_molecule': 3552, 'B_ACTIVE_molecule': 786, 'VOID_molecule': 263, 'MP_ACTIVE_molecule': 180, 'TH_ACTIVE_molecule': 807, 'B_MEMORY_molecule': 630, 'B_PLASMA_molecule': 2495, 'IGG_molecule': 375, 'MP_ANTIGEN_molecule': 9}"
617,"{PetriNet('hs_0_net'): 1, 'MP_molecule': 3149, 'TH_molecule': 3362, 'B_molecule': 3560, 'B_ACTIVE_molecule': 786, 'VOID_molecule': 263, 'MP_ACTIVE_molecule': 180, 'TH_ACTIVE_molecule': 807, 'B_MEMORY_molecule': 630, 'B_PLASMA_molecule': 2495, 'IGG_molecule': 371, 'MP_ANTIGEN_molecule': 9}"
618,"{PetriNet('hs_0_net'): 1, 'MP_molecule': 3157, 'TH_molecule': 3371, 'B_molecule': 3559, 'B_ACTIVE_molecule': 786, 'VOID_molecule': 263, 'MP_ACTIVE_molecule': 180, 'TH_ACTIVE_molecule': 807, 'B_MEMORY_molecule': 630, 'B_PLASMA_molecule': 2495, 'IGG_molecule': 366, 'MP_ANTIGEN_molecule': 9}"
619,"{PetriNet('hs_0_net'): 1, 'MP_molecule': 3156, 'TH_molecule': 3378, 'B_molecule': 3567, 'B_ACTIVE_molecule': 786, 'VOID_molecule': 263, 'MP_ACTIVE_molecule': 180, 'TH_ACTIVE_molecule': 808, 'B_MEMORY_molecule': 630, 'B_PLASMA_molecule': 2495, 'IGG_molecule': 361, 'MP_ANTIGEN_molecule': 9}"
620,"{PetriNet('hs_0_net'): 1, 'MP_molecule': 3165, 'TH_molecule': 3386, 'B_molecule': 3575, 'B_ACTIVE_molecule': 786, 'VOID_molecule': 263, 'MP_ACTIVE_molecule': 180, 'TH_ACTIVE_molecule': 809, 'B_MEMORY_molecule': 630, 'B_PLASMA_molecule': 2495, 'IGG_molecule': 356, 'MP_ANTIGEN_molecule': 9}"
621,"{PetriNet('hs_0_net'): 1, 'MP_molecule': 3173, 'TH_molecule': 3393, 'B_molecule': 3583, 'B_ACTIVE_molecule': 786, 'VOID_molecule': 263, 'MP_ACTIVE_molecule': 180, 'TH_ACTIVE_molecule': 810, 'B_MEMORY_molecule': 630, 'B_PLASMA_molecule': 2495, 'IGG_molecule': 352, 'MP_ANTIGEN_molecule': 9}"
622,"{PetriNet('hs_0_net'): 1, 'MP_molecule': 3173, 'TH_molecule': 3401, 'B_molecule': 3591, 'B_ACTIVE_molecule': 786, 'VOID_molecule': 263, 'MP_ACTIVE_molecule': 180, 'TH_ACTIVE_molecule': 811, 'B_MEMORY_molecule': 630, 'B_PLASMA_molecule': 2495, 'IGG_molecule': 348, 'MP_ANTIGEN_molecule': 9}"
623,"{PetriNet('hs_0_net'): 1, 'MP_molecule': 3181, 'TH_molecule': 3409, 'B_molecule': 3599, 'B_ACTIVE_molecule': 786, 'VOID_molecule': 263, 'MP_ACTIVE_molecule': 180, 'TH_ACTIVE_molecule': 812, 'B_MEMORY_molecule': 630, 'B_PLASMA_molecule': 2495, 'IGG_molecule': 346, 'MP_ANTIGEN_molecule': 9}"
624,"{PetriNet('hs_0_net'): 1, 'MP_molecule': 3180, 'TH_molecule': 3418, 'B_molecule': 3608, 'B_ACTIVE_molecule': 786, 'VOID_molecule': 263, 'MP_ACTIVE_molecule': 180, 'TH_ACTIVE_molecule': 812, 'B_MEMORY_molecule': 630, 'B_PLASMA_molecule': 2495, 'IGG_molecule': 342, 'MP_ANTIGEN_molecule': 9}"
625,"{PetriNet('hs_0_net'): 1, 'MP_molecule': 3179, 'TH_molecule': 3425, 'B_molecule': 3607, 'B_ACTIVE_molecule': 786, 'VOID_molecule': 263, 'MP_ACTIVE_molecule': 180, 'TH_ACTIVE_molecule': 813, 'B_MEMORY_molecule': 630, 'B_PLASMA_molecule': 2495, 'IGG_molecule': 338, 'MP_ANTIGEN_molecule': 9}"
626,"{PetriNet('hs_0_net'): 1, 'MP_molecule': 3187, 'TH_molecule': 3433, 'B_molecule': 3615, 'B_ACTIVE_molecule': 786, 'VOID_molecule': 263, 'MP_ACTIVE_molecule': 180, 'TH_ACTIVE_molecule': 813, 'B_MEMORY_molecule': 630, 'B_PLASMA_molecule': 2495, 'IGG_molecule': 335, 'MP_ANTIGEN_molecule': 9}"
627,"{PetriNet('hs_0_net'): 1, 'MP_molecule': 3196, 'TH_molecule': 3440, 'B_molecule': 3624, 'B_ACTIVE_molecule': 786, 'VOID_molecule': 263, 'MP_ACTIVE_molecule': 180, 'TH_ACTIVE_molecule': 814, 'B_MEMORY_molecule': 630, 'B_PLASMA_molecule': 2495, 'IGG_molecule': 331, 'MP_ANTIGEN_molecule': 9}"
628,"{PetriNet('hs_0_net'): 1, 'MP_molecule': 3204, 'TH_molecule': 3447, 'B_molecule': 3632, 'B_ACTIVE_molecule': 786, 'VOID_molecule': 263, 'MP_ACTIVE_molecule': 180, 'TH_ACTIVE_molecule': 815, 'B_MEMORY_molecule': 630, 'B_PLASMA_molecule': 2495, 'IGG_molecule': 328, 'MP_ANTIGEN_molecule': 9}"
629,"{PetriNet('hs_0_net'): 1, 'MP_molecule': 3213, 'TH_molecule': 3455, 'B_molecule': 3640, 'B_ACTIVE_molecule': 786, 'VOID_molecule': 263, 'MP_ACTIVE_molecule': 180, 'TH_ACTIVE_molecule': 816, 'B_MEMORY_molecule': 630, 'B_PLASMA_molecule': 2495, 'IGG_molecule': 326, 'MP_ANTIGEN_molecule': 9}"
630,"{PetriNet('hs_0_net'): 1, 'MP_molecule': 3212, 'TH_molecule': 3454, 'B_molecule': 3648, 'B_ACTIVE_molecule': 786, 'VOID_molecule': 263, 'MP_ACTIVE_molecule': 180, 'TH_ACTIVE_molecule': 816, 'B_MEMORY_molecule': 630, 'B_PLASMA_molecule': 2495, 'IGG_molecule': 322, 'MP_ANTIGEN_molecule': 9}"
631,"{PetriNet('hs_0_net'): 1, 'MP_molecule': 3220, 'TH_molecule': 3461, 'B_molecule': 3647, 'B_ACTIVE_molecule': 786, 'VOID_molecule': 263, 'MP_ACTIVE_molecule': 180, 'TH_ACTIVE_molecule': 817, 'B_MEMORY_molecule': 630, 'B_PLASMA_molecule': 2495, 'IGG_molecule': 318, 'MP_ANTIGEN_molecule': 9}"
632,"{PetriNet('hs_0_net'): 1, 'MP_molecule': 3219, 'TH_molecule': 3459, 'B_molecule': 3655, 'B_ACTIVE_molecule': 786, 'VOID_molecule': 263, 'MP_ACTIVE_molecule': 180, 'TH_ACTIVE_molecule': 818, 'B_MEMORY_molecule': 630, 'B_PLASMA_molecule': 2495, 'IGG_molecule': 315, 'MP_ANTIGEN_molecule': 9}"
633,"{PetriNet('hs_0_net'): 1, 'MP_molecule': 3227, 'TH_molecule': 3467, 'B_molecule': 3663, 'B_ACTIVE_molecule': 786, 'VOID_molecule': 263, 'MP_ACTIVE_molecule': 180, 'TH_ACTIVE_molecule': 818, 'B_MEMORY_molecule': 630, 'B_PLASMA_molecule': 2495, 'IGG_molecule': 312, 'MP_ANTIGEN_molecule': 9}"
634,"{PetriNet('hs_0_net'): 1, 'MP_molecule': 3235, 'TH_molecule': 3475, 'B_molecule': 3671, 'B_ACTIVE_molecule': 786, 'VOID_molecule': 263, 'MP_ACTIVE_molecule': 180, 'TH_ACTIVE_molecule': 819, 'B_MEMORY_molecule': 630, 'B_PLASMA_molecule': 2495, 'IGG_molecule': 309, 'MP_ANTIGEN_molecule': 9}"
635,"{PetriNet('hs_0_net'): 1, 'MP_molecule': 3243, 'TH_molecule': 3482, 'B_molecule': 3670, 'B_ACTIVE_molecule': 786, 'VOID_molecule': 263, 'MP_ACTIVE_molecule': 180, 'TH_ACTIVE_molecule': 820, 'B_MEMORY_molecule': 630, 'B_PLASMA_molecule': 2495, 'IGG_molecule': 304, 'MP_ANTIGEN_molecule': 9}"
636,"{PetriNet('hs_0_net'): 1, 'MP_molecule': 3251, 'TH_molecule': 3490, 'B_molecule': 3678, 'B_ACTIVE_molecule': 786, 'VOID_molecule': 263, 'MP_ACTIVE_molecule': 180, 'TH_ACTIVE_molecule': 821, 'B_MEMORY_molecule': 630, 'B_PLASMA_molecule': 2495, 'IGG_molecule': 300, 'MP_ANTIGEN_molecule': 9}"
637,"{PetriNet('hs_0_net'): 1, 'MP_molecule': 3250, 'TH_molecule': 3497, 'B_molecule': 3686, 'B_ACTIVE_molecule': 786, 'VOID_molecule': 263, 'MP_ACTIVE_molecule': 180, 'TH_ACTIVE_molecule': 822, 'B_MEMORY_molecule': 630, 'B_PLASMA_molecule': 2495, 'IGG_molecule': 295, 'MP_ANTIGEN_molecule': 9}"
638,"{PetriNet('hs_0_net'): 1, 'MP_molecule': 3258, 'TH_molecule': 3496, 'B_molecule': 3685, 'B_ACTIVE_molecule': 786, 'VOID_molecule': 263, 'MP_ACTIVE_molecule': 180, 'TH_ACTIVE_molecule': 823, 'B_MEMORY_molecule': 630, 'B_PLASMA_molecule': 2495, 'IGG_molecule': 290, 'MP_ANTIGEN_molecule': 9}"
639,"{PetriNet('hs_0_net'): 1, 'MP_molecule': 3266, 'TH_molecule': 3503, 'B_molecule': 3693, 'B_ACTIVE_molecule': 786, 'VOID_molecule': 263, 'MP_ACTIVE_molecule': 180, 'TH_ACTIVE_molecule': 824, 'B_MEMORY_molecule': 630, 'B_PLASMA_molecule': 2495, 'IGG_molecule': 286, 'MP_ANTIGEN_molecule': 9}"
640,"{PetriNet('hs_0_net'): 1, 'MP_molecule': 3274, 'TH_molecule': 3512, 'B_molecule': 3701, 'B_ACTIVE_molecule': 786, 'VOID_molecule': 263, 'MP_ACTIVE_molecule': 180, 'TH_ACTIVE_molecule': 824, 'B_MEMORY_molecule': 630, 'B_PLASMA_molecule': 2495, 'IGG_molecule': 283, 'MP_ANTIGEN_molecule': 9}"
641,"{PetriNet('hs_0_net'): 1, 'MP_molecule': 3274, 'TH_molecule': 3519, 'B_molecule': 3709, 'B_ACTIVE_molecule': 786, 'VOID_molecule': 263, 'MP_ACTIVE_molecule': 180, 'TH_ACTIVE_molecule': 825, 'B_MEMORY_molecule': 630, 'B_PLASMA_molecule': 2495, 'IGG_molecule': 279, 'MP_ANTIGEN_molecule': 9}"
642,"{PetriNet('hs_0_net'): 1, 'MP_molecule': 3283, 'TH_molecule': 3517, 'B_molecule': 3717, 'B_ACTIVE_molecule': 786, 'VOID_molecule': 263, 'MP_ACTIVE_molecule': 180, 'TH_ACTIVE_molecule': 826, 'B_MEMORY_molecule': 630, 'B_PLASMA_molecule': 2495, 'IGG_molecule': 276, 'MP_ANTIGEN_molecule': 9}"
643,"{PetriNet('hs_0_net'): 1, 'MP_molecule': 3283, 'TH_molecule': 3526, 'B_molecule': 3726, 'B_ACTIVE_molecule': 786, 'VOID_molecule': 263, 'MP_ACTIVE_molecule': 180, 'TH_ACTIVE_molecule': 826, 'B_MEMORY_molecule': 630, 'B_PLASMA_molecule': 2495, 'IGG_molecule': 271, 'MP_ANTIGEN_molecule': 9}"
644,"{PetriNet('hs_0_net'): 1, 'MP_molecule': 3291, 'TH_molecule': 3534, 'B_molecule': 3734, 'B_ACTIVE_molecule': 786, 'VOID_molecule': 263, 'MP_ACTIVE_molecule': 180, 'TH_ACTIVE_molecule': 827, 'B_MEMORY_molecule': 630, 'B_PLASMA_molecule': 2495, 'IGG_molecule': 269, 'MP_ANTIGEN_molecule': 9}"
645,"{PetriNet('hs_0_net'): 1, 'MP_molecule': 3290, 'TH_molecule': 3543, 'B_molecule': 3743, 'B_ACTIVE_molecule': 786, 'VOID_molecule': 263, 'MP_ACTIVE_molecule': 180, 'TH_ACTIVE_molecule': 827, 'B_MEMORY_molecule': 630, 'B_PLASMA_molecule': 2495, 'IGG_molecule': 265, 'MP_ANTIGEN_molecule': 9}"
646,"{PetriNet('hs_0_net'): 1, 'MP_molecule': 3298, 'TH_molecule': 3551, 'B_molecule': 3751, 'B_ACTIVE_molecule': 786, 'VOID_molecule': 263, 'MP_ACTIVE_molecule': 180, 'TH_ACTIVE_molecule': 828, 'B_MEMORY_molecule': 630, 'B_PLASMA_molecule': 2495, 'IGG_molecule': 260, 'MP_ANTIGEN_molecule': 9}"
647,"{PetriNet('hs_0_net'): 1, 'MP_molecule': 3306, 'TH_molecule': 3559, 'B_molecule': 3760, 'B_ACTIVE_molecule': 786, 'VOID_molecule': 263, 'MP_ACTIVE_molecule': 180, 'TH_ACTIVE_molecule': 828, 'B_MEMORY_molecule': 630, 'B_PLASMA_molecule': 2495, 'IGG_molecule': 256, 'MP_ANTIGEN_molecule': 9}"
648,"{PetriNet('hs_0_net'): 1, 'MP_molecule': 3314, 'TH_molecule': 3567, 'B_molecule': 3768, 'B_ACTIVE_molecule': 786, 'VOID_molecule': 263, 'MP_ACTIVE_molecule': 180, 'TH_ACTIVE_molecule': 829, 'B_MEMORY_molecule': 630, 'B_PLASMA_molecule': 2495, 'IGG_molecule': 251, 'MP_ANTIGEN_molecule': 9}"
649,"{PetriNet('hs_0_net'): 1, 'MP_molecule': 3322, 'TH_molecule': 3575, 'B_molecule': 3776, 'B_ACTIVE_molecule': 786, 'VOID_molecule': 263, 'MP_ACTIVE_molecule': 180, 'TH_ACTIVE_molecule': 829, 'B_MEMORY_molecule': 630, 'B_PLASMA_molecule': 2495, 'IGG_molecule': 247, 'MP_ANTIGEN_molecule': 9}"
650,"{PetriNet('hs_0_net'): 1, 'MP_molecule': 3331, 'TH_molecule': 3582, 'B_molecule': 3784, 'B_ACTIVE_molecule': 786, 'VOID_molecule': 263, 'MP_ACTIVE_molecule': 180, 'TH_ACTIVE_molecule': 830, 'B_MEMORY_molecule': 630, 'B_PLASMA_molecule': 2495, 'IGG_molecule': 243, 'MP_ANTIGEN_molecule': 9}"
651,"{PetriNet('hs_0_net'): 1, 'MP_molecule': 3330, 'TH_molecule': 3589, 'B_molecule': 3792, 'B_ACTIVE_molecule': 786, 'VOID_molecule': 263, 'MP_ACTIVE_molecule': 180, 'TH_ACTIVE_molecule': 831, 'B_MEMORY_molecule': 630, 'B_PLASMA_molecule': 2495, 'IGG_molecule': 240, 'MP_ANTIGEN_molecule': 9}"
652,"{PetriNet('hs_0_net'): 1, 'MP_molecule': 3338, 'TH_molecule': 3596, 'B_molecule': 3792, 'B_ACTIVE_molecule': 786, 'VOID_molecule': 263, 'MP_ACTIVE_molecule': 180, 'TH_ACTIVE_molecule': 832, 'B_MEMORY_molecule': 630, 'B_PLASMA_molecule': 2495, 'IGG_molecule': 237, 'MP_ANTIGEN_molecule': 9}"
653,"{PetriNet('hs_0_net'): 1, 'MP_molecule': 3337, 'TH_molecule': 3605, 'B_molecule': 3800, 'B_ACTIVE_molecule': 786, 'VOID_molecule': 263, 'MP_ACTIVE_molecule': 180, 'TH_ACTIVE_molecule': 832, 'B_MEMORY_molecule': 630, 'B_PLASMA_molecule': 2495, 'IGG_molecule': 234, 'MP_ANTIGEN_molecule': 9}"
654,"{PetriNet('hs_0_net'): 1, 'MP_molecule': 3345, 'TH_molecule': 3603, 'B_molecule': 3809, 'B_ACTIVE_molecule': 786, 'VOID_molecule': 263, 'MP_ACTIVE_molecule': 180, 'TH_ACTIVE_molecule': 833, 'B_MEMORY_molecule': 630, 'B_PLASMA_molecule': 2495, 'IGG_molecule': 231, 'MP_ANTIGEN_molecule': 9}"
655,"{PetriNet('hs_0_net'): 1, 'MP_molecule': 3353, 'TH_molecule': 3610, 'B_molecule': 3817, 'B_ACTIVE_molecule': 786, 'VOID_molecule': 263, 'MP_ACTIVE_molecule': 180, 'TH_ACTIVE_molecule': 834, 'B_MEMORY_molecule': 630, 'B_PLASMA_molecule': 2495, 'IGG_molecule': 229, 'MP_ANTIGEN_molecule': 9}"
656,"{PetriNet('hs_0_net'): 1, 'MP_molecule': 3361, 'TH_molecule': 3609, 'B_molecule': 3817, 'B_ACTIVE_molecule': 786, 'VOID_molecule': 263, 'MP_ACTIVE_molecule': 180, 'TH_ACTIVE_molecule': 835, 'B_MEMORY_molecule': 630, 'B_PLASMA_molecule': 2495, 'IGG_molecule': 224, 'MP_ANTIGEN_molecule': 9}"
657,"{PetriNet('hs_0_net'): 1, 'MP_molecule': 3369, 'TH_molecule': 3618, 'B_molecule': 3825, 'B_ACTIVE_molecule': 786, 'VOID_molecule': 263, 'MP_ACTIVE_molecule': 180, 'TH_ACTIVE_molecule': 835, 'B_MEMORY_molecule': 630, 'B_PLASMA_molecule': 2495, 'IGG_molecule': 220, 'MP_ANTIGEN_molecule': 9}"
658,"{PetriNet('hs_0_net'): 1, 'MP_molecule': 3378, 'TH_molecule': 3617, 'B_molecule': 3833, 'B_ACTIVE_molecule': 786, 'VOID_molecule': 263, 'MP_ACTIVE_molecule': 180, 'TH_ACTIVE_molecule': 835, 'B_MEMORY_molecule': 630, 'B_PLASMA_molecule': 2495, 'IGG_molecule': 215, 'MP_ANTIGEN_molecule': 9}"
659,"{PetriNet('hs_0_net'): 1, 'MP_molecule': 3386, 'TH_molecule': 3625, 'B_molecule': 3841, 'B_ACTIVE_molecule': 786, 'VOID_molecule': 263, 'MP_ACTIVE_molecule': 180, 'TH_ACTIVE_molecule': 836, 'B_MEMORY_molecule': 630, 'B_PLASMA_molecule': 2495, 'IGG_molecule': 213, 'MP_ANTIGEN_molecule': 9}"
660,"{PetriNet('hs_0_net'): 1, 'MP_molecule': 3394, 'TH_molecule': 3632, 'B_molecule': 3849, 'B_ACTIVE_molecule': 786, 'VOID_molecule': 263, 'MP_ACTIVE_molecule': 180, 'TH_ACTIVE_molecule': 837, 'B_MEMORY_molecule': 630, 'B_PLASMA_molecule': 2495, 'IGG_molecule': 208, 'MP_ANTIGEN_molecule': 9}"
661,"{PetriNet('hs_0_net'): 1, 'MP_molecule': 3402, 'TH_molecule': 3639, 'B_molecule': 3848, 'B_ACTIVE_molecule': 786, 'VOID_molecule': 263, 'MP_ACTIVE_molecule': 180, 'TH_ACTIVE_molecule': 838, 'B_MEMORY_molecule': 630, 'B_PLASMA_molecule': 2495, 'IGG_molecule': 203, 'MP_ANTIGEN_molecule': 9}"
662,"{PetriNet('hs_0_net'): 1, 'MP_molecule': 3401, 'TH_molecule': 3647, 'B_molecule': 3857, 'B_ACTIVE_molecule': 786, 'VOID_molecule': 263, 'MP_ACTIVE_molecule': 180, 'TH_ACTIVE_molecule': 838, 'B_MEMORY_molecule': 630, 'B_PLASMA_molecule': 2495, 'IGG_molecule': 200, 'MP_ANTIGEN_molecule': 9}"
663,"{PetriNet('hs_0_net'): 1, 'MP_molecule': 3410, 'TH_molecule': 3654, 'B_molecule': 3866, 'B_ACTIVE_molecule': 786, 'VOID_molecule': 263, 'MP_ACTIVE_molecule': 180, 'TH_ACTIVE_molecule': 839, 'B_MEMORY_molecule': 630, 'B_PLASMA_molecule': 2495, 'IGG_molecule': 196, 'MP_ANTIGEN_molecule': 9}"
664,"{PetriNet('hs_0_net'): 1, 'MP_molecule': 3418, 'TH_molecule': 3661, 'B_molecule': 3874, 'B_ACTIVE_molecule': 786, 'VOID_molecule': 263, 'MP_ACTIVE_molecule': 180, 'TH_ACTIVE_molecule': 840, 'B_MEMORY_molecule': 630, 'B_PLASMA_molecule': 2495, 'IGG_molecule': 191, 'MP_ANTIGEN_molecule': 9}"
665,"{PetriNet('hs_0_net'): 1, 'MP_molecule': 3426, 'TH_molecule': 3669, 'B_molecule': 3873, 'B_ACTIVE_molecule': 786, 'VOID_molecule': 263, 'MP_ACTIVE_molecule': 180, 'TH_ACTIVE_molecule': 840, 'B_MEMORY_molecule': 630, 'B_PLASMA_molecule': 2495, 'IGG_molecule': 187, 'MP_ANTIGEN_molecule': 9}"
666,"{PetriNet('hs_0_net'): 1, 'MP_molecule': 3434, 'TH_molecule': 3668, 'B_molecule': 3881, 'B_ACTIVE_molecule': 786, 'VOID_molecule': 263, 'MP_ACTIVE_molecule': 180, 'TH_ACTIVE_molecule': 840, 'B_MEMORY_molecule': 630, 'B_PLASMA_molecule': 2495, 'IGG_molecule': 184, 'MP_ANTIGEN_molecule': 9}"
667,"{PetriNet('hs_0_net'): 1, 'MP_molecule': 3442, 'TH_molecule': 3675, 'B_molecule': 3880, 'B_ACTIVE_molecule': 786, 'VOID_molecule': 263, 'MP_ACTIVE_molecule': 180, 'TH_ACTIVE_molecule': 841, 'B_MEMORY_molecule': 630, 'B_PLASMA_molecule': 2495, 'IGG_molecule': 181, 'MP_ANTIGEN_molecule': 9}"
668,"{PetriNet('hs_0_net'): 1, 'MP_molecule': 3450, 'TH_molecule': 3683, 'B_molecule': 3889, 'B_ACTIVE_molecule': 786, 'VOID_molecule': 263, 'MP_ACTIVE_molecule': 180, 'TH_ACTIVE_molecule': 841, 'B_MEMORY_molecule': 630, 'B_PLASMA_molecule': 2495, 'IGG_molecule': 177, 'MP_ANTIGEN_molecule': 9}"
669,"{PetriNet('hs_0_net'): 1, 'MP_molecule': 3458, 'TH_molecule': 3692, 'B_molecule': 3897, 'B_ACTIVE_molecule': 786, 'VOID_molecule': 263, 'MP_ACTIVE_molecule': 180, 'TH_ACTIVE_molecule': 841, 'B_MEMORY_molecule': 630, 'B_PLASMA_molecule': 2495, 'IGG_molecule': 177, 'MP_ANTIGEN_molecule': 9}"
670,"{PetriNet('hs_0_net'): 1, 'MP_molecule': 3466, 'TH_molecule': 3690, 'B_molecule': 3896, 'B_ACTIVE_molecule': 786, 'VOID_molecule': 263, 'MP_ACTIVE_molecule': 180, 'TH_ACTIVE_molecule': 842, 'B_MEMORY_molecule': 630, 'B_PLASMA_molecule': 2495, 'IGG_molecule': 172, 'MP_ANTIGEN_molecule': 9}"
671,"{PetriNet('hs_0_net'): 1, 'MP_molecule': 3474, 'TH_molecule': 3698, 'B_molecule': 3904, 'B_ACTIVE_molecule': 786, 'VOID_molecule': 263, 'MP_ACTIVE_molecule': 180, 'TH_ACTIVE_molecule': 843, 'B_MEMORY_molecule': 630, 'B_PLASMA_molecule': 2495, 'IGG_molecule': 168, 'MP_ANTIGEN_molecule': 9}"
672,"{PetriNet('hs_0_net'): 1, 'MP_molecule': 3482, 'TH_molecule': 3706, 'B_molecule': 3913, 'B_ACTIVE_molecule': 786, 'VOID_molecule': 263, 'MP_ACTIVE_molecule': 180, 'TH_ACTIVE_molecule': 844, 'B_MEMORY_molecule': 630, 'B_PLASMA_molecule': 2495, 'IGG_molecule': 164, 'MP_ANTIGEN_molecule': 9}"
673,"{PetriNet('hs_0_net'): 1, 'MP_molecule': 3490, 'TH_molecule': 3705, 'B_molecule': 3921, 'B_ACTIVE_molecule': 786, 'VOID_molecule': 263, 'MP_ACTIVE_molecule': 180, 'TH_ACTIVE_molecule': 845, 'B_MEMORY_molecule': 630, 'B_PLASMA_molecule': 2495, 'IGG_molecule': 161, 'MP_ANTIGEN_molecule': 9}"
674,"{PetriNet('hs_0_net'): 1, 'MP_molecule': 3490, 'TH_molecule': 3703, 'B_molecule': 3920, 'B_ACTIVE_molecule': 786, 'VOID_molecule': 263, 'MP_ACTIVE_molecule': 180, 'TH_ACTIVE_molecule': 846, 'B_MEMORY_molecule': 630, 'B_PLASMA_molecule': 2495, 'IGG_molecule': 157, 'MP_ANTIGEN_molecule': 9}"
675,"{PetriNet('hs_0_net'): 1, 'MP_molecule': 3498, 'TH_molecule': 3710, 'B_molecule': 3928, 'B_ACTIVE_molecule': 786, 'VOID_molecule': 263, 'MP_ACTIVE_molecule': 180, 'TH_ACTIVE_molecule': 847, 'B_MEMORY_molecule': 630, 'B_PLASMA_molecule': 2495, 'IGG_molecule': 153, 'MP_ANTIGEN_molecule': 9}"
676,"{PetriNet('hs_0_net'): 1, 'MP_molecule': 3507, 'TH_molecule': 3709, 'B_molecule': 3936, 'B_ACTIVE_molecule': 786, 'VOID_molecule': 263, 'MP_ACTIVE_molecule': 180, 'TH_ACTIVE_molecule': 847, 'B_MEMORY_molecule': 630, 'B_PLASMA_molecule': 2495, 'IGG_molecule': 149, 'MP_ANTIGEN_molecule': 9}"
677,"{PetriNet('hs_0_net'): 1, 'MP_molecule': 3515, 'TH_molecule': 3717, 'B_molecule': 3944, 'B_ACTIVE_molecule': 786, 'VOID_molecule': 263, 'MP_ACTIVE_molecule': 180, 'TH_ACTIVE_molecule': 847, 'B_MEMORY_molecule': 630, 'B_PLASMA_molecule': 2495, 'IGG_molecule': 146, 'MP_ANTIGEN_molecule': 9}"
678,"{PetriNet('hs_0_net'): 1, 'MP_molecule': 3523, 'TH_molecule': 3724, 'B_molecule': 3952, 'B_ACTIVE_molecule': 786, 'VOID_molecule': 263, 'MP_ACTIVE_molecule': 180, 'TH_ACTIVE_molecule': 848, 'B_MEMORY_molecule': 630, 'B_PLASMA_molecule': 2495, 'IGG_molecule': 143, 'MP_ANTIGEN_molecule': 9}"
679,"{PetriNet('hs_0_net'): 1, 'MP_molecule': 3531, 'TH_molecule': 3732, 'B_molecule': 3960, 'B_ACTIVE_molecule': 786, 'VOID_molecule': 263, 'MP_ACTIVE_molecule': 180, 'TH_ACTIVE_molecule': 848, 'B_MEMORY_molecule': 630, 'B_PLASMA_molecule': 2495, 'IGG_molecule': 139, 'MP_ANTIGEN_molecule': 9}"
680,"{PetriNet('hs_0_net'): 1, 'MP_molecule': 3530, 'TH_molecule': 3740, 'B_molecule': 3969, 'B_ACTIVE_molecule': 786, 'VOID_molecule': 263, 'MP_ACTIVE_molecule': 180, 'TH_ACTIVE_molecule': 848, 'B_MEMORY_molecule': 630, 'B_PLASMA_molecule': 2495, 'IGG_molecule': 136, 'MP_ANTIGEN_molecule': 9}"
681,"{PetriNet('hs_0_net'): 1, 'MP_molecule': 3539, 'TH_molecule': 3747, 'B_molecule': 3978, 'B_ACTIVE_molecule': 786, 'VOID_molecule': 263, 'MP_ACTIVE_molecule': 180, 'TH_ACTIVE_molecule': 849, 'B_MEMORY_molecule': 630, 'B_PLASMA_molecule': 2495, 'IGG_molecule': 133, 'MP_ANTIGEN_molecule': 9}"
682,"{PetriNet('hs_0_net'): 1, 'MP_molecule': 3548, 'TH_molecule': 3754, 'B_molecule': 3987, 'B_ACTIVE_molecule': 786, 'VOID_molecule': 263, 'MP_ACTIVE_molecule': 180, 'TH_ACTIVE_molecule': 850, 'B_MEMORY_molecule': 630, 'B_PLASMA_molecule': 2495, 'IGG_molecule': 129, 'MP_ANTIGEN_molecule': 9}"
683,"{PetriNet('hs_0_net'): 1, 'MP_molecule': 3548, 'TH_molecule': 3753, 'B_molecule': 3986, 'B_ACTIVE_molecule': 786, 'VOID_molecule': 263, 'MP_ACTIVE_molecule': 180, 'TH_ACTIVE_molecule': 851, 'B_MEMORY_molecule': 630, 'B_PLASMA_molecule': 2495, 'IGG_molecule': 126, 'MP_ANTIGEN_molecule': 9}"
684,"{PetriNet('hs_0_net'): 1, 'MP_molecule': 3556, 'TH_molecule': 3760, 'B_molecule': 3985, 'B_ACTIVE_molecule': 786, 'VOID_molecule': 263, 'MP_ACTIVE_molecule': 180, 'TH_ACTIVE_molecule': 852, 'B_MEMORY_molecule': 630, 'B_PLASMA_molecule': 2495, 'IGG_molecule': 123, 'MP_ANTIGEN_molecule': 9}"
685,"{PetriNet('hs_0_net'): 1, 'MP_molecule': 3564, 'TH_molecule': 3758, 'B_molecule': 3984, 'B_ACTIVE_molecule': 786, 'VOID_molecule': 263, 'MP_ACTIVE_molecule': 180, 'TH_ACTIVE_molecule': 853, 'B_MEMORY_molecule': 630, 'B_PLASMA_molecule': 2495, 'IGG_molecule': 121, 'MP_ANTIGEN_molecule': 9}"
686,"{PetriNet('hs_0_net'): 1, 'MP_molecule': 3572, 'TH_molecule': 3766, 'B_molecule': 3983, 'B_ACTIVE_molecule': 786, 'VOID_molecule': 263, 'MP_ACTIVE_molecule': 180, 'TH_ACTIVE_molecule': 854, 'B_MEMORY_molecule': 630, 'B_PLASMA_molecule': 2495, 'IGG_molecule': 118, 'MP_ANTIGEN_molecule': 9}"
687,"{PetriNet('hs_0_net'): 1, 'MP_molecule': 3580, 'TH_molecule': 3773, 'B_molecule': 3992, 'B_ACTIVE_molecule': 786, 'VOID_molecule': 263, 'MP_ACTIVE_molecule': 180, 'TH_ACTIVE_molecule': 855, 'B_MEMORY_molecule': 630, 'B_PLASMA_molecule': 2495, 'IGG_molecule': 114, 'MP_ANTIGEN_molecule': 9}"
688,"{PetriNet('hs_0_net'): 1, 'MP_molecule': 3580, 'TH_molecule': 3771, 'B_molecule': 4000, 'B_ACTIVE_molecule': 786, 'VOID_molecule': 263, 'MP_ACTIVE_molecule': 180, 'TH_ACTIVE_molecule': 856, 'B_MEMORY_molecule': 630, 'B_PLASMA_molecule': 2495, 'IGG_molecule': 109, 'MP_ANTIGEN_molecule': 9}"
689,"{PetriNet('hs_0_net'): 1, 'MP_molecule': 3588, 'TH_molecule': 3779, 'B_molecule': 4009, 'B_ACTIVE_molecule': 786, 'VOID_molecule': 263, 'MP_ACTIVE_molecule': 180, 'TH_ACTIVE_molecule': 856, 'B_MEMORY_molecule': 630, 'B_PLASMA_molecule': 2495, 'IGG_molecule': 106, 'MP_ANTIGEN_molecule': 9}"
690,"{PetriNet('hs_0_net'): 1, 'MP_molecule': 3596, 'TH_molecule': 3786, 'B_molecule': 4017, 'B_ACTIVE_molecule': 786, 'VOID_molecule': 263, 'MP_ACTIVE_molecule': 180, 'TH_ACTIVE_molecule': 857, 'B_MEMORY_molecule': 630, 'B_PLASMA_molecule': 2495, 'IGG_molecule': 103, 'MP_ANTIGEN_molecule': 9}"
691,"{PetriNet('hs_0_net'): 1, 'MP_molecule': 3604, 'TH_molecule': 3793, 'B_molecule': 4025, 'B_ACTIVE_molecule': 786, 'VOID_molecule': 263, 'MP_ACTIVE_molecule': 180, 'TH_ACTIVE_molecule': 858, 'B_MEMORY_molecule': 630, 'B_PLASMA_molecule': 2495, 'IGG_molecule': 98, 'MP_ANTIGEN_molecule': 9}"
692,"{PetriNet('hs_0_net'): 1, 'MP_molecule': 3612, 'TH_molecule': 3800, 'B_molecule': 4034, 'B_ACTIVE_molecule': 786, 'VOID_molecule': 263, 'MP_ACTIVE_molecule': 180, 'TH_ACTIVE_molecule': 859, 'B_MEMORY_molecule': 630, 'B_PLASMA_molecule': 2495, 'IGG_molecule': 94, 'MP_ANTIGEN_molecule': 9}"
693,"{PetriNet('hs_0_net'): 1, 'MP_molecule': 3620, 'TH_molecule': 3807, 'B_molecule': 4043, 'B_ACTIVE_molecule': 786, 'VOID_molecule': 263, 'MP_ACTIVE_molecule': 180, 'TH_ACTIVE_molecule': 860, 'B_MEMORY_molecule': 630, 'B_PLASMA_molecule': 2495, 'IGG_molecule': 91, 'MP_ANTIGEN_molecule': 9}"
694,"{PetriNet('hs_0_net'): 1, 'MP_molecule': 3628, 'TH_molecule': 3814, 'B_molecule': 4043, 'B_ACTIVE_molecule': 786, 'VOID_molecule': 263, 'MP_ACTIVE_molecule': 180, 'TH_ACTIVE_molecule': 861, 'B_MEMORY_molecule': 630, 'B_PLASMA_molecule': 2495, 'IGG_molecule': 88, 'MP_ANTIGEN_molecule': 9}"
695,"{PetriNet('hs_0_net'): 1, 'MP_molecule': 3636, 'TH_molecule': 3813, 'B_molecule': 4051, 'B_ACTIVE_molecule': 786, 'VOID_molecule': 263, 'MP_ACTIVE_molecule': 180, 'TH_ACTIVE_molecule': 862, 'B_MEMORY_molecule': 630, 'B_PLASMA_molecule': 2495, 'IGG_molecule': 85, 'MP_ANTIGEN_molecule': 9}"
696,"{PetriNet('hs_0_net'): 1, 'MP_molecule': 3644, 'TH_molecule': 3821, 'B_molecule': 4060, 'B_ACTIVE_molecule': 786, 'VOID_molecule': 263, 'MP_ACTIVE_molecule': 180, 'TH_ACTIVE_molecule': 863, 'B_MEMORY_molecule': 630, 'B_PLASMA_molecule': 2495, 'IGG_molecule': 80, 'MP_ANTIGEN_molecule': 9}"
697,"{PetriNet('hs_0_net'): 1, 'MP_molecule': 3643, 'TH_molecule': 3819, 'B_molecule': 4068, 'B_ACTIVE_molecule': 786, 'VOID_molecule': 263, 'MP_ACTIVE_molecule': 180, 'TH_ACTIVE_molecule': 864, 'B_MEMORY_molecule': 630, 'B_PLASMA_molecule': 2495, 'IGG_molecule': 76, 'MP_ANTIGEN_molecule': 9}"
698,"{PetriNet('hs_0_net'): 1, 'MP_molecule': 3643, 'TH_molecule': 3819, 'B_molecule': 4076, 'B_ACTIVE_molecule': 786, 'VOID_molecule': 263, 'MP_ACTIVE_molecule': 180, 'TH_ACTIVE_molecule': 864, 'B_MEMORY_molecule': 630, 'B_PLASMA_molecule': 2495, 'IGG_molecule': 71, 'MP_ANTIGEN_molecule': 9}"
699,"{PetriNet('hs_0_net'): 1, 'MP_molecule': 3643, 'TH_molecule': 3826, 'B_molecule': 4075, 'B_ACTIVE_molecule': 786, 'VOID_molecule': 263, 'MP_ACTIVE_molecule': 180, 'TH_ACTIVE_molecule': 865, 'B_MEMORY_molecule': 630, 'B_PLASMA_molecule': 2495, 'IGG_molecule': 67, 'MP_ANTIGEN_molecule': 9}"
700,"{PetriNet('hs_0_net'): 1, 'MP_molecule': 3651, 'TH_molecule': 3834, 'B_molecule': 4084, 'B_ACTIVE_molecule': 786, 'VOID_molecule': 263, 'MP_ACTIVE_molecule': 180, 'TH_ACTIVE_molecule': 865, 'B_MEMORY_molecule': 630, 'B_PLASMA_molecule': 2495, 'IGG_molecule': 63, 'MP_ANTIGEN_molecule': 9}"
701,"{PetriNet('hs_0_net'): 1, 'MP_molecule': 3651, 'TH_molecule': 3833, 'B_molecule': 4092, 'B_ACTIVE_molecule': 786, 'VOID_molecule': 263, 'MP_ACTIVE_molecule': 180, 'TH_ACTIVE_molecule': 866, 'B_MEMORY_molecule': 630, 'B_PLASMA_molecule': 2495, 'IGG_molecule': 60, 'MP_ANTIGEN_molecule': 9}"
702,"{PetriNet('hs_0_net'): 1, 'MP_molecule': 3659, 'TH_molecule': 3840, 'B_molecule': 4101, 'B_ACTIVE_molecule': 786, 'VOID_molecule': 263, 'MP_ACTIVE_molecule': 180, 'TH_ACTIVE_molecule': 867, 'B_MEMORY_molecule': 630, 'B_PLASMA_molecule': 2495, 'IGG_molecule': 56, 'MP_ANTIGEN_molecule': 9}"
703,"{PetriNet('hs_0_net'): 1, 'MP_molecule': 3667, 'TH_molecule': 3848, 'B_molecule': 4101, 'B_ACTIVE_molecule': 786, 'VOID_molecule': 263, 'MP_ACTIVE_molecule': 180, 'TH_ACTIVE_molecule': 867, 'B_MEMORY_molecule': 630, 'B_PLASMA_molecule': 2495, 'IGG_molecule': 51, 'MP_ANTIGEN_molecule': 9}"
704,"{PetriNet('hs_0_net'): 1, 'MP_molecule': 3676, 'TH_molecule': 3855, 'B_molecule': 4109, 'B_ACTIVE_molecule': 786, 'VOID_molecule': 263, 'MP_ACTIVE_molecule': 180, 'TH_ACTIVE_molecule': 868, 'B_MEMORY_molecule': 630, 'B_PLASMA_molecule': 2495, 'IGG_molecule': 48, 'MP_ANTIGEN_molecule': 9}"
705,"{PetriNet('hs_0_net'): 1, 'MP_molecule': 3675, 'TH_molecule': 3853, 'B_molecule': 4118, 'B_ACTIVE_molecule': 786, 'VOID_molecule': 263, 'MP_ACTIVE_molecule': 180, 'TH_ACTIVE_molecule': 869, 'B_MEMORY_molecule': 630, 'B_PLASMA_molecule': 2495, 'IGG_molecule': 44, 'MP_ANTIGEN_molecule': 9}"
706,"{PetriNet('hs_0_net'): 1, 'MP_molecule': 3683, 'TH_molecule': 3852, 'B_molecule': 4126, 'B_ACTIVE_molecule': 786, 'VOID_molecule': 263, 'MP_ACTIVE_molecule': 180, 'TH_ACTIVE_molecule': 870, 'B_MEMORY_molecule': 630, 'B_PLASMA_molecule': 2495, 'IGG_molecule': 40, 'MP_ANTIGEN_molecule': 9}"
707,"{PetriNet('hs_0_net'): 1, 'MP_molecule': 3691, 'TH_molecule': 3859, 'B_molecule': 4135, 'B_ACTIVE_molecule': 786, 'VOID_molecule': 263, 'MP_ACTIVE_molecule': 180, 'TH_ACTIVE_molecule': 871, 'B_MEMORY_molecule': 630, 'B_PLASMA_molecule': 2495, 'IGG_molecule': 36, 'MP_ANTIGEN_molecule': 9}"
708,"{PetriNet('hs_0_net'): 1, 'MP_molecule': 3690, 'TH_molecule': 3866, 'B_molecule': 4134, 'B_ACTIVE_molecule': 786, 'VOID_molecule': 263, 'MP_ACTIVE_molecule': 180, 'TH_ACTIVE_molecule': 872, 'B_MEMORY_molecule': 630, 'B_PLASMA_molecule': 2495, 'IGG_molecule': 31, 'MP_ANTIGEN_molecule': 9}"
709,"{PetriNet('hs_0_net'): 1, 'MP_molecule': 3699, 'TH_molecule': 3865, 'B_molecule': 4143, 'B_ACTIVE_molecule': 786, 'VOID_molecule': 263, 'MP_ACTIVE_molecule': 180, 'TH_ACTIVE_molecule': 873, 'B_MEMORY_molecule': 630, 'B_PLASMA_molecule': 2495, 'IGG_molecule': 28, 'MP_ANTIGEN_molecule': 9}"
710,"{PetriNet('hs_0_net'): 1, 'MP_molecule': 3707, 'TH_molecule': 3873, 'B_molecule': 4151, 'B_ACTIVE_molecule': 786, 'VOID_molecule': 263, 'MP_ACTIVE_molecule': 180, 'TH_ACTIVE_molecule': 873, 'B_MEMORY_molecule': 630, 'B_PLASMA_molecule': 2495, 'IGG_molecule': 23, 'MP_ANTIGEN_molecule': 9}"
711,"{PetriNet('hs_0_net'): 1, 'MP_molecule': 3715, 'TH_molecule': 3872, 'B_molecule': 4160, 'B_ACTIVE_molecule': 786, 'VOID_molecule': 263, 'MP_ACTIVE_molecule': 180, 'TH_ACTIVE_molecule': 874, 'B_MEMORY_molecule': 630, 'B_PLASMA_molecule': 2495, 'IGG_molecule': 20, 'MP_ANTIGEN_molecule': 9}"
712,"{PetriNet('hs_0_net'): 1, 'MP_molecule': 3715, 'TH_molecule': 3879, 'B_molecule': 4169, 'B_ACTIVE_molecule': 786, 'VOID_molecule': 263, 'MP_ACTIVE_molecule': 180, 'TH_ACTIVE_molecule': 875, 'B_MEMORY_molecule': 630, 'B_PLASMA_molecule': 2495, 'IGG_molecule': 17, 'MP_ANTIGEN_molecule': 9}"
713,"{PetriNet('hs_0_net'): 1, 'MP_molecule': 3723, 'TH_molecule': 3887, 'B_molecule': 4178, 'B_ACTIVE_molecule': 786, 'VOID_molecule': 263, 'MP_ACTIVE_molecule': 180, 'TH_ACTIVE_molecule': 875, 'B_MEMORY_molecule': 630, 'B_PLASMA_molecule': 2495, 'IGG_molecule': 15, 'MP_ANTIGEN_molecule': 9}"
714,"{PetriNet('hs_0_net'): 1, 'MP_molecule': 3732, 'TH_molecule': 3894, 'B_molecule': 4187, 'B_ACTIVE_molecule': 786, 'VOID_molecule': 263, 'MP_ACTIVE_molecule': 180, 'TH_ACTIVE_molecule': 876, 'B_MEMORY_molecule': 630, 'B_PLASMA_molecule': 2495, 'IGG_molecule': 12, 'MP_ANTIGEN_molecule': 9}"
715,"{PetriNet('hs_0_net'): 1, 'MP_molecule': 3741, 'TH_molecule': 3893, 'B_molecule': 4186, 'B_ACTIVE_molecule': 786, 'VOID_molecule': 263, 'MP_ACTIVE_molecule': 180, 'TH_ACTIVE_molecule': 877, 'B_MEMORY_molecule': 630, 'B_PLASMA_molecule': 2495, 'IGG_molecule': 7, 'MP_ANTIGEN_molecule': 9}"
716,"{PetriNet('hs_0_net'): 1, 'MP_molecule': 3749, 'TH_molecule': 3901, 'B_molecule': 4194, 'B_ACTIVE_molecule': 786, 'VOID_molecule': 263, 'MP_ACTIVE_molecule': 180, 'TH_ACTIVE_molecule': 877, 'B_MEMORY_molecule': 630, 'B_PLASMA_molecule': 2495, 'IGG_molecule': 3, 'MP_ANTIGEN_molecule': 9}"
717,"{PetriNet('hs_0_net'): 1, 'MP_molecule': 3749, 'TH_molecule': 3909, 'B_molecule': 4193, 'B_ACTIVE_molecule': 786, 'VOID_molecule': 263, 'MP_ACTIVE_molecule': 180, 'TH_ACTIVE_molecule': 877, 'B_MEMORY_molecule': 630, 'B_PLASMA_molecule': 2495, 'MP_ANTIGEN_molecule': 9}"
718,"{PetriNet('hs_0_net'): 1, 'MP_molecule': 3757, 'TH_molecule': 3917, 'B_molecule': 4192, 'B_ACTIVE_molecule': 786, 'VOID_molecule': 263, 'MP_ACTIVE_molecule': 180, 'TH_ACTIVE_molecule': 878, 'B_MEMORY_molecule': 630, 'B_PLASMA_molecule': 2495, 'MP_ANTIGEN_molecule': 9}"
719,"{PetriNet('hs_0_net'): 1, 'MP_molecule': 3766, 'TH_molecule': 3924, 'B_molecule': 4200, 'B_ACTIVE_molecule': 786, 'VOID_molecule': 263, 'MP_ACTIVE_molecule': 180, 'TH_ACTIVE_molecule': 879, 'B_MEMORY_molecule': 630, 'B_PLASMA_molecule': 2495, 'MP_ANTIGEN_molecule': 9}"
720,"{PetriNet('hs_0_net'): 1, 'MP_molecule': 3774, 'TH_molecule': 3931, 'B_molecule': 4209, 'B_ACTIVE_molecule': 786, 'VOID_molecule': 263, 'MP_ACTIVE_molecule': 180, 'TH_ACTIVE_molecule': 880, 'B_MEMORY_molecule': 630, 'B_PLASMA_molecule': 2495, 'MP_ANTIGEN_molecule': 9}"
721,"{PetriNet('hs_0_net'): 1, 'MP_molecule': 3783, 'TH_molecule': 3938, 'B_molecule': 4208, 'B_ACTIVE_molecule': 786, 'VOID_molecule': 263, 'MP_ACTIVE_molecule': 180, 'TH_ACTIVE_molecule': 881, 'B_MEMORY_molecule': 630, 'B_PLASMA_molecule': 2495, 'MP_ANTIGEN_molecule': 9}"
722,"{PetriNet('hs_0_net'): 1, 'MP_molecule': 3791, 'TH_molecule': 3946, 'B_molecule': 4216, 'B_ACTIVE_molecule': 786, 'VOID_molecule': 263, 'MP_ACTIVE_molecule': 180, 'TH_ACTIVE_molecule': 881, 'B_MEMORY_molecule': 630, 'B_PLASMA_molecule': 2495, 'MP_ANTIGEN_molecule': 9}"
723,"{PetriNet('hs_0_net'): 1, 'MP_molecule': 3790, 'TH_molecule': 3954, 'B_molecule': 4224, 'B_ACTIVE_molecule': 786, 'VOID_molecule': 263, 'MP_ACTIVE_molecule': 180, 'TH_ACTIVE_molecule': 881, 'B_MEMORY_molecule': 630, 'B_PLASMA_molecule': 2495, 'MP_ANTIGEN_molecule': 9}"
724,"{PetriNet('hs_0_net'): 1, 'MP_molecule': 3798, 'TH_molecule': 3962, 'B_molecule': 4232, 'B_ACTIVE_molecule': 786, 'VOID_molecule': 263, 'MP_ACTIVE_molecule': 180, 'TH_ACTIVE_molecule': 881, 'B_MEMORY_molecule': 630, 'B_PLASMA_molecule': 2495, 'MP_ANTIGEN_molecule': 9}"
725,"{PetriNet('hs_0_net'): 1, 'MP_molecule': 3806, 'TH_molecule': 3970, 'B_molecule': 4240, 'B_ACTIVE_molecule': 786, 'VOID_molecule': 263, 'MP_ACTIVE_molecule': 180, 'TH_ACTIVE_molecule': 881, 'B_MEMORY_molecule': 630, 'B_PLASMA_molecule': 2495, 'MP_ANTIGEN_molecule': 9}"
726,"{PetriNet('hs_0_net'): 1, 'MP_molecule': 3806, 'TH_molecule': 3977, 'B_molecule': 4248, 'B_ACTIVE_molecule': 786, 'VOID_molecule': 263, 'MP_ACTIVE_molecule': 180, 'TH_ACTIVE_molecule': 882, 'B_MEMORY_molecule': 630, 'B_PLASMA_molecule': 2495, 'MP_ANTIGEN_molecule': 9}"
727,"{PetriNet('hs_0_net'): 1, 'MP_molecule': 3814, 'TH_molecule': 3975, 'B_molecule': 4256, 'B_ACTIVE_molecule': 786, 'VOID_molecule': 263, 'MP_ACTIVE_molecule': 180, 'TH_ACTIVE_molecule': 883, 'B_MEMORY_molecule': 630, 'B_PLASMA_molecule': 2495, 'MP_ANTIGEN_molecule': 9}"
728,"{PetriNet('hs_0_net'): 1, 'MP_molecule': 3822, 'TH_molecule': 3982, 'B_molecule': 4264, 'B_ACTIVE_molecule': 786, 'VOID_molecule': 263, 'MP_ACTIVE_molecule': 180, 'TH_ACTIVE_molecule': 884, 'B_MEMORY_molecule': 630, 'B_PLASMA_molecule': 2495, 'MP_ANTIGEN_molecule': 9}"
729,"{PetriNet('hs_0_net'): 1, 'MP_molecule': 3821, 'TH_molecule': 3980, 'B_molecule': 4273, 'B_ACTIVE_molecule': 786, 'VOID_molecule': 263, 'MP_ACTIVE_molecule': 180, 'TH_ACTIVE_molecule': 885, 'B_MEMORY_molecule': 630, 'B_PLASMA_molecule': 2495, 'MP_ANTIGEN_molecule': 9}"
730,"{PetriNet('hs_0_net'): 1, 'MP_molecule': 3829, 'TH_molecule': 3989, 'B_molecule': 4281, 'B_ACTIVE_molecule': 786, 'VOID_molecule': 263, 'MP_ACTIVE_molecule': 180, 'TH_ACTIVE_molecule': 885, 'B_MEMORY_molecule': 630, 'B_PLASMA_molecule': 2495, 'MP_ANTIGEN_molecule': 9}"
731,"{PetriNet('hs_0_net'): 1, 'MP_molecule': 3837, 'TH_molecule': 3996, 'B_molecule': 4281, 'B_ACTIVE_molecule': 786, 'VOID_molecule': 263, 'MP_ACTIVE_molecule': 180, 'TH_ACTIVE_molecule': 886, 'B_MEMORY_molecule': 630, 'B_PLASMA_molecule': 2495, 'MP_ANTIGEN_molecule': 9}"
732,"{PetriNet('hs_0_net'): 1, 'MP_molecule': 3845, 'TH_molecule': 4003, 'B_molecule': 4280, 'B_ACTIVE_molecule': 786, 'VOID_molecule': 263, 'MP_ACTIVE_molecule': 180, 'TH_ACTIVE_molecule': 887, 'B_MEMORY_molecule': 630, 'B_PLASMA_molecule': 2495, 'MP_ANTIGEN_molecule': 9}"
733,"{PetriNet('hs_0_net'): 1, 'MP_molecule': 3853, 'TH_molecule': 4010, 'B_molecule': 4289, 'B_ACTIVE_molecule': 786, 'VOID_molecule': 263, 'MP_ACTIVE_molecule': 180, 'TH_ACTIVE_molecule': 888, 'B_MEMORY_molecule': 630, 'B_PLASMA_molecule': 2495, 'MP_ANTIGEN_molecule': 9}"
734,"{PetriNet('hs_0_net'): 1, 'MP_molecule': 3861, 'TH_molecule': 4009, 'B_molecule': 4288, 'B_ACTIVE_molecule': 786, 'VOID_molecule': 263, 'MP_ACTIVE_molecule': 180, 'TH_ACTIVE_molecule': 889, 'B_MEMORY_molecule': 630, 'B_PLASMA_molecule': 2495, 'MP_ANTIGEN_molecule': 9}"
735,"{PetriNet('hs_0_net'): 1, 'MP_molecule': 3870, 'TH_molecule': 4016, 'B_molecule': 4296, 'B_ACTIVE_molecule': 786, 'VOID_molecule': 263, 'MP_ACTIVE_molecule': 180, 'TH_ACTIVE_molecule': 890, 'B_MEMORY_molecule': 630, 'B_PLASMA_molecule': 2495, 'MP_ANTIGEN_molecule': 9}"
736,"{PetriNet('hs_0_net'): 1, 'MP_molecule': 3879, 'TH_molecule': 4023, 'B_molecule': 4304, 'B_ACTIVE_molecule': 786, 'VOID_molecule': 263, 'MP_ACTIVE_molecule': 180, 'TH_ACTIVE_molecule': 891, 'B_MEMORY_molecule': 630, 'B_PLASMA_molecule': 2495, 'MP_ANTIGEN_molecule': 9}"
737,"{PetriNet('hs_0_net'): 1, 'MP_molecule': 3878, 'TH_molecule': 4030, 'B_molecule': 4303, 'B_ACTIVE_molecule': 786, 'VOID_molecule': 263, 'MP_ACTIVE_molecule': 180, 'TH_ACTIVE_molecule': 892, 'B_MEMORY_molecule': 630, 'B_PLASMA_molecule': 2495, 'MP_ANTIGEN_molecule': 9}"
738,"{PetriNet('hs_0_net'): 1, 'MP_molecule': 3886, 'TH_molecule': 4038, 'B_molecule': 4312, 'B_ACTIVE_molecule': 786, 'VOID_molecule': 263, 'MP_ACTIVE_molecule': 180, 'TH_ACTIVE_molecule': 892, 'B_MEMORY_molecule': 630, 'B_PLASMA_molecule': 2495, 'MP_ANTIGEN_molecule': 9}"
739,"{PetriNet('hs_0_net'): 1, 'MP_molecule': 3894, 'TH_molecule': 4036, 'B_molecule': 4320, 'B_ACTIVE_molecule': 786, 'VOID_molecule': 263, 'MP_ACTIVE_molecule': 180, 'TH_ACTIVE_molecule': 893, 'B_MEMORY_molecule': 630, 'B_PLASMA_molecule': 2495, 'MP_ANTIGEN_molecule': 9}"
740,"{PetriNet('hs_0_net'): 1, 'MP_molecule': 3893, 'TH_molecule': 4043, 'B_molecule': 4328, 'B_ACTIVE_molecule': 786, 'VOID_molecule': 263, 'MP_ACTIVE_molecule': 180, 'TH_ACTIVE_molecule': 894, 'B_MEMORY_molecule': 630, 'B_PLASMA_molecule': 2495, 'MP_ANTIGEN_molecule': 9}"
741,"{PetriNet('hs_0_net'): 1, 'MP_molecule': 3901, 'TH_molecule': 4050, 'B_molecule': 4336, 'B_ACTIVE_molecule': 786, 'VOID_molecule': 263, 'MP_ACTIVE_molecule': 180, 'TH_ACTIVE_molecule': 895, 'B_MEMORY_molecule': 630, 'B_PLASMA_molecule': 2495, 'MP_ANTIGEN_molecule': 9}"
742,"{PetriNet('hs_0_net'): 1, 'MP_molecule': 3900, 'TH_molecule': 4058, 'B_molecule': 4344, 'B_ACTIVE_molecule': 786, 'VOID_molecule': 263, 'MP_ACTIVE_molecule': 180, 'TH_ACTIVE_molecule': 895, 'B_MEMORY_molecule': 630, 'B_PLASMA_molecule': 2495, 'MP_ANTIGEN_molecule': 9}"
743,"{PetriNet('hs_0_net'): 1, 'MP_molecule': 3899, 'TH_molecule': 4065, 'B_molecule': 4343, 'B_ACTIVE_molecule': 786, 'VOID_molecule': 263, 'MP_ACTIVE_molecule': 180, 'TH_ACTIVE_molecule': 896, 'B_MEMORY_molecule': 630, 'B_PLASMA_molecule': 2495, 'MP_ANTIGEN_molecule': 9}"
744,"{PetriNet('hs_0_net'): 1, 'MP_molecule': 3908, 'TH_molecule': 4072, 'B_molecule': 4351, 'B_ACTIVE_molecule': 786, 'VOID_molecule': 263, 'MP_ACTIVE_molecule': 180, 'TH_ACTIVE_molecule': 897, 'B_MEMORY_molecule': 630, 'B_PLASMA_molecule': 2495, 'MP_ANTIGEN_molecule': 9}"
745,"{PetriNet('hs_0_net'): 1, 'MP_molecule': 3917, 'TH_molecule': 4079, 'B_molecule': 4359, 'B_ACTIVE_molecule': 786, 'VOID_molecule': 263, 'MP_ACTIVE_molecule': 180, 'TH_ACTIVE_molecule': 898, 'B_MEMORY_molecule': 630, 'B_PLASMA_molecule': 2495, 'MP_ANTIGEN_molecule': 9}"
746,"{PetriNet('hs_0_net'): 1, 'MP_molecule': 3925, 'TH_molecule': 4078, 'B_molecule': 4368, 'B_ACTIVE_molecule': 786, 'VOID_molecule': 263, 'MP_ACTIVE_molecule': 180, 'TH_ACTIVE_molecule': 899, 'B_MEMORY_molecule': 630, 'B_PLASMA_molecule': 2495, 'MP_ANTIGEN_molecule': 9}"
747,"{PetriNet('hs_0_net'): 1, 'MP_molecule': 3933, 'TH_molecule': 4085, 'B_molecule': 4376, 'B_ACTIVE_molecule': 786, 'VOID_molecule': 263, 'MP_ACTIVE_molecule': 180, 'TH_ACTIVE_molecule': 900, 'B_MEMORY_molecule': 630, 'B_PLASMA_molecule': 2495, 'MP_ANTIGEN_molecule': 9}"
748,"{PetriNet('hs_0_net'): 1, 'MP_molecule': 3941, 'TH_molecule': 4092, 'B_molecule': 4376, 'B_ACTIVE_molecule': 786, 'VOID_molecule': 263, 'MP_ACTIVE_molecule': 180, 'TH_ACTIVE_molecule': 901, 'B_MEMORY_molecule': 630, 'B_PLASMA_molecule': 2495, 'MP_ANTIGEN_molecule': 9}"
749,"{PetriNet('hs_0_net'): 1, 'MP_molecule': 3949, 'TH_molecule': 4099, 'B_molecule': 4384, 'B_ACTIVE_molecule': 786, 'VOID_molecule': 263, 'MP_ACTIVE_molecule': 180, 'TH_ACTIVE_molecule': 902, 'B_MEMORY_molecule': 630, 'B_PLASMA_molecule': 2495, 'MP_ANTIGEN_molecule': 9}"
750,"{PetriNet('hs_0_net'): 1, 'MP_molecule': 3958, 'TH_molecule': 4099, 'B_molecule': 4393, 'B_ACTIVE_molecule': 786, 'VOID_molecule': 263, 'MP_ACTIVE_molecule': 180, 'TH_ACTIVE_molecule': 902, 'B_MEMORY_molecule': 630, 'B_PLASMA_molecule': 2495, 'MP_ANTIGEN_molecule': 9}"
751,"{PetriNet('hs_0_net'): 1, 'MP_molecule': 3966, 'TH_molecule': 4098, 'B_molecule': 4401, 'B_ACTIVE_molecule': 786, 'VOID_molecule': 263, 'MP_ACTIVE_molecule': 180, 'TH_ACTIVE_molecule': 903, 'B_MEMORY_molecule': 630, 'B_PLASMA_molecule': 2495, 'MP_ANTIGEN_molecule': 9}"
752,"{PetriNet('hs_0_net'): 1, 'MP_molecule': 3965, 'TH_molecule': 4105, 'B_molecule': 4400, 'B_ACTIVE_molecule': 786, 'VOID_molecule': 263, 'MP_ACTIVE_molecule': 180, 'TH_ACTIVE_molecule': 904, 'B_MEMORY_molecule': 630, 'B_PLASMA_molecule': 2495, 'MP_ANTIGEN_molecule': 9}"
753,"{PetriNet('hs_0_net'): 1, 'MP_molecule': 3973, 'TH_molecule': 4112, 'B_molecule': 4409, 'B_ACTIVE_molecule': 786, 'VOID_molecule': 263, 'MP_ACTIVE_molecule': 180, 'TH_ACTIVE_molecule': 905, 'B_MEMORY_molecule': 630, 'B_PLASMA_molecule': 2495, 'MP_ANTIGEN_molecule': 9}"
754,"{PetriNet('hs_0_net'): 1, 'MP_molecule': 3981, 'TH_molecule': 4120, 'B_molecule': 4417, 'B_ACTIVE_molecule': 786, 'VOID_molecule': 263, 'MP_ACTIVE_molecule': 180, 'TH_ACTIVE_molecule': 906, 'B_MEMORY_molecule': 630, 'B_PLASMA_molecule': 2495, 'MP_ANTIGEN_molecule': 9}"
755,"{PetriNet('hs_0_net'): 1, 'MP_molecule': 3980, 'TH_molecule': 4127, 'B_molecule': 4425, 'B_ACTIVE_molecule': 786, 'VOID_molecule': 263, 'MP_ACTIVE_molecule': 180, 'TH_ACTIVE_molecule': 907, 'B_MEMORY_molecule': 630, 'B_PLASMA_molecule': 2495, 'MP_ANTIGEN_molecule': 9}"
756,"{PetriNet('hs_0_net'): 1, 'MP_molecule': 3979, 'TH_molecule': 4135, 'B_molecule': 4425, 'B_ACTIVE_molecule': 786, 'VOID_molecule': 263, 'MP_ACTIVE_molecule': 180, 'TH_ACTIVE_molecule': 907, 'B_MEMORY_molecule': 630, 'B_PLASMA_molecule': 2495, 'MP_ANTIGEN_molecule': 9}"
757,"{PetriNet('hs_0_net'): 1, 'MP_molecule': 3987, 'TH_molecule': 4134, 'B_molecule': 4433, 'B_ACTIVE_molecule': 786, 'VOID_molecule': 263, 'MP_ACTIVE_molecule': 180, 'TH_ACTIVE_molecule': 908, 'B_MEMORY_molecule': 630, 'B_PLASMA_molecule': 2495, 'MP_ANTIGEN_molecule': 9}"
758,"{PetriNet('hs_0_net'): 1, 'MP_molecule': 3995, 'TH_molecule': 4141, 'B_molecule': 4442, 'B_ACTIVE_molecule': 786, 'VOID_molecule': 263, 'MP_ACTIVE_molecule': 180, 'TH_ACTIVE_molecule': 909, 'B_MEMORY_molecule': 630, 'B_PLASMA_molecule': 2495, 'MP_ANTIGEN_molecule': 9}"
759,"{PetriNet('hs_0_net'): 1, 'MP_molecule': 4003, 'TH_molecule': 4149, 'B_molecule': 4450, 'B_ACTIVE_molecule': 786, 'VOID_molecule': 263, 'MP_ACTIVE_molecule': 180, 'TH_ACTIVE_molecule': 910, 'B_MEMORY_molecule': 630, 'B_PLASMA_molecule': 2495, 'MP_ANTIGEN_molecule': 9}"
760,"{PetriNet('hs_0_net'): 1, 'MP_molecule': 4011, 'TH_molecule': 4148, 'B_molecule': 4458, 'B_ACTIVE_molecule': 786, 'VOID_molecule': 263, 'MP_ACTIVE_molecule': 180, 'TH_ACTIVE_molecule': 911, 'B_MEMORY_molecule': 630, 'B_PLASMA_molecule': 2495, 'MP_ANTIGEN_molecule': 9}"
761,"{PetriNet('hs_0_net'): 1, 'MP_molecule': 4010, 'TH_molecule': 4147, 'B_molecule': 4466, 'B_ACTIVE_molecule': 786, 'VOID_molecule': 263, 'MP_ACTIVE_molecule': 180, 'TH_ACTIVE_molecule': 911, 'B_MEMORY_molecule': 630, 'B_PLASMA_molecule': 2495, 'MP_ANTIGEN_molecule': 9}"
762,"{PetriNet('hs_0_net'): 1, 'MP_molecule': 4018, 'TH_molecule': 4154, 'B_molecule': 4474, 'B_ACTIVE_molecule': 786, 'VOID_molecule': 263, 'MP_ACTIVE_molecule': 180, 'TH_ACTIVE_molecule': 912, 'B_MEMORY_molecule': 630, 'B_PLASMA_molecule': 2495, 'MP_ANTIGEN_molecule': 9}"
763,"{PetriNet('hs_0_net'): 1, 'MP_molecule': 4026, 'TH_molecule': 4161, 'B_molecule': 4482, 'B_ACTIVE_molecule': 786, 'VOID_molecule': 263, 'MP_ACTIVE_molecule': 180, 'TH_ACTIVE_molecule': 913, 'B_MEMORY_molecule': 630, 'B_PLASMA_molecule': 2495, 'MP_ANTIGEN_molecule': 9}"
764,"{PetriNet('hs_0_net'): 1, 'MP_molecule': 4025, 'TH_molecule': 4168, 'B_molecule': 4490, 'B_ACTIVE_molecule': 786, 'VOID_molecule': 263, 'MP_ACTIVE_molecule': 180, 'TH_ACTIVE_molecule': 914, 'B_MEMORY_molecule': 630, 'B_PLASMA_molecule': 2495, 'MP_ANTIGEN_molecule': 9}"
765,"{PetriNet('hs_0_net'): 1, 'MP_molecule': 4024, 'TH_molecule': 4166, 'B_molecule': 4498, 'B_ACTIVE_molecule': 786, 'VOID_molecule': 263, 'MP_ACTIVE_molecule': 180, 'TH_ACTIVE_molecule': 915, 'B_MEMORY_molecule': 630, 'B_PLASMA_molecule': 2495, 'MP_ANTIGEN_molecule': 9}"
766,"{PetriNet('hs_0_net'): 1, 'MP_molecule': 4032, 'TH_molecule': 4173, 'B_molecule': 4506, 'B_ACTIVE_molecule': 786, 'VOID_molecule': 263, 'MP_ACTIVE_molecule': 180, 'TH_ACTIVE_molecule': 916, 'B_MEMORY_molecule': 630, 'B_PLASMA_molecule': 2495, 'MP_ANTIGEN_molecule': 9}"
767,"{PetriNet('hs_0_net'): 1, 'MP_molecule': 4040, 'TH_molecule': 4181, 'B_molecule': 4515, 'B_ACTIVE_molecule': 786, 'VOID_molecule': 263, 'MP_ACTIVE_molecule': 180, 'TH_ACTIVE_molecule': 917, 'B_MEMORY_molecule': 630, 'B_PLASMA_molecule': 2495, 'MP_ANTIGEN_molecule': 9}"
768,"{PetriNet('hs_0_net'): 1, 'MP_molecule': 4048, 'TH_molecule': 4189, 'B_molecule': 4515, 'B_ACTIVE_molecule': 786, 'VOID_molecule': 263, 'MP_ACTIVE_molecule': 180, 'TH_ACTIVE_molecule': 917, 'B_MEMORY_molecule': 630, 'B_PLASMA_molecule': 2495, 'MP_ANTIGEN_molecule': 9}"
769,"{PetriNet('hs_0_net'): 1, 'MP_molecule': 4047, 'TH_molecule': 4196, 'B_molecule': 4524, 'B_ACTIVE_molecule': 786, 'VOID_molecule': 263, 'MP_ACTIVE_molecule': 180, 'TH_ACTIVE_molecule': 918, 'B_MEMORY_molecule': 630, 'B_PLASMA_molecule': 2495, 'MP_ANTIGEN_molecule': 9}"
770,"{PetriNet('hs_0_net'): 1, 'MP_molecule': 4046, 'TH_molecule': 4203, 'B_molecule': 4523, 'B_ACTIVE_molecule': 786, 'VOID_molecule': 263, 'MP_ACTIVE_molecule': 180, 'TH_ACTIVE_molecule': 919, 'B_MEMORY_molecule': 630, 'B_PLASMA_molecule': 2495, 'MP_ANTIGEN_molecule': 9}"
771,"{PetriNet('hs_0_net'): 1, 'MP_molecule': 4054, 'TH_molecule': 4210, 'B_molecule': 4522, 'B_ACTIVE_molecule': 786, 'VOID_molecule': 263, 'MP_ACTIVE_molecule': 180, 'TH_ACTIVE_molecule': 920, 'B_MEMORY_molecule': 630, 'B_PLASMA_molecule': 2495, 'MP_ANTIGEN_molecule': 9}"
772,"{PetriNet('hs_0_net'): 1, 'MP_molecule': 4062, 'TH_molecule': 4218, 'B_molecule': 4530, 'B_ACTIVE_molecule': 786, 'VOID_molecule': 263, 'MP_ACTIVE_molecule': 180, 'TH_ACTIVE_molecule': 921, 'B_MEMORY_molecule': 630, 'B_PLASMA_molecule': 2495, 'MP_ANTIGEN_molecule': 9}"
773,"{PetriNet('hs_0_net'): 1, 'MP_molecule': 4070, 'TH_molecule': 4226, 'B_molecule': 4538, 'B_ACTIVE_molecule': 786, 'VOID_molecule': 263, 'MP_ACTIVE_molecule': 180, 'TH_ACTIVE_molecule': 921, 'B_MEMORY_molecule': 630, 'B_PLASMA_molecule': 2495, 'MP_ANTIGEN_molecule': 9}"
774,"{PetriNet('hs_0_net'): 1, 'MP_molecule': 4079, 'TH_molecule': 4234, 'B_molecule': 4547, 'B_ACTIVE_molecule': 786, 'VOID_molecule': 263, 'MP_ACTIVE_molecule': 180, 'TH_ACTIVE_molecule': 922, 'B_MEMORY_molecule': 630, 'B_PLASMA_molecule': 2495, 'MP_ANTIGEN_molecule': 9}"
775,"{PetriNet('hs_0_net'): 1, 'MP_molecule': 4087, 'TH_molecule': 4242, 'B_molecule': 4547, 'B_ACTIVE_molecule': 786, 'VOID_molecule': 263, 'MP_ACTIVE_molecule': 180, 'TH_ACTIVE_molecule': 922, 'B_MEMORY_molecule': 630, 'B_PLASMA_molecule': 2495, 'MP_ANTIGEN_molecule': 9}"
776,"{PetriNet('hs_0_net'): 1, 'MP_molecule': 4095, 'TH_molecule': 4240, 'B_molecule': 4556, 'B_ACTIVE_molecule': 786, 'VOID_molecule': 263, 'MP_ACTIVE_molecule': 180, 'TH_ACTIVE_molecule': 923, 'B_MEMORY_molecule': 630, 'B_PLASMA_molecule': 2495, 'MP_ANTIGEN_molecule': 9}"
777,"{PetriNet('hs_0_net'): 1, 'MP_molecule': 4103, 'TH_molecule': 4239, 'B_molecule': 4564, 'B_ACTIVE_molecule': 786, 'VOID_molecule': 263, 'MP_ACTIVE_molecule': 180, 'TH_ACTIVE_molecule': 924, 'B_MEMORY_molecule': 630, 'B_PLASMA_molecule': 2495, 'MP_ANTIGEN_molecule': 9}"
778,"{PetriNet('hs_0_net'): 1, 'MP_molecule': 4111, 'TH_molecule': 4246, 'B_molecule': 4572, 'B_ACTIVE_molecule': 786, 'VOID_molecule': 263, 'MP_ACTIVE_molecule': 180, 'TH_ACTIVE_molecule': 925, 'B_MEMORY_molecule': 630, 'B_PLASMA_molecule': 2495, 'MP_ANTIGEN_molecule': 9}"
779,"{PetriNet('hs_0_net'): 1, 'MP_molecule': 4111, 'TH_molecule': 4255, 'B_molecule': 4580, 'B_ACTIVE_molecule': 786, 'VOID_molecule': 263, 'MP_ACTIVE_molecule': 180, 'TH_ACTIVE_molecule': 925, 'B_MEMORY_molecule': 630, 'B_PLASMA_molecule': 2495, 'MP_ANTIGEN_molecule': 9}"
780,"{PetriNet('hs_0_net'): 1, 'MP_molecule': 4110, 'TH_molecule': 4263, 'B_molecule': 4589, 'B_ACTIVE_molecule': 786, 'VOID_molecule': 263, 'MP_ACTIVE_molecule': 180, 'TH_ACTIVE_molecule': 925, 'B_MEMORY_molecule': 630, 'B_PLASMA_molecule': 2495, 'MP_ANTIGEN_molecule': 9}"
781,"{PetriNet('hs_0_net'): 1, 'MP_molecule': 4118, 'TH_molecule': 4271, 'B_molecule': 4597, 'B_ACTIVE_molecule': 786, 'VOID_molecule': 263, 'MP_ACTIVE_molecule': 180, 'TH_ACTIVE_molecule': 925, 'B_MEMORY_molecule': 630, 'B_PLASMA_molecule': 2495, 'MP_ANTIGEN_molecule': 9}"
782,"{PetriNet('hs_0_net'): 1, 'MP_molecule': 4126, 'TH_molecule': 4279, 'B_molecule': 4597, 'B_ACTIVE_molecule': 786, 'VOID_molecule': 263, 'MP_ACTIVE_molecule': 180, 'TH_ACTIVE_molecule': 925, 'B_MEMORY_molecule': 630, 'B_PLASMA_molecule': 2495, 'MP_ANTIGEN_molecule': 9}"
783,"{PetriNet('hs_0_net'): 1, 'MP_molecule': 4134, 'TH_molecule': 4287, 'B_molecule': 4606, 'B_ACTIVE_molecule': 786, 'VOID_molecule': 263, 'MP_ACTIVE_molecule': 180, 'TH_ACTIVE_molecule': 925, 'B_MEMORY_molecule': 630, 'B_PLASMA_molecule': 2495, 'MP_ANTIGEN_molecule': 9}"
784,"{PetriNet('hs_0_net'): 1, 'MP_molecule': 4142, 'TH_molecule': 4294, 'B_molecule': 4614, 'B_ACTIVE_molecule': 786, 'VOID_molecule': 263, 'MP_ACTIVE_molecule': 180, 'TH_ACTIVE_molecule': 926, 'B_MEMORY_molecule': 630, 'B_PLASMA_molecule': 2495, 'MP_ANTIGEN_molecule': 9}"
785,"{PetriNet('hs_0_net'): 1, 'MP_molecule': 4150, 'TH_molecule': 4301, 'B_molecule': 4613, 'B_ACTIVE_molecule': 786, 'VOID_molecule': 263, 'MP_ACTIVE_molecule': 180, 'TH_ACTIVE_molecule': 927, 'B_MEMORY_molecule': 630, 'B_PLASMA_molecule': 2495, 'MP_ANTIGEN_molecule': 9}"
786,"{PetriNet('hs_0_net'): 1, 'MP_molecule': 4149, 'TH_molecule': 4309, 'B_molecule': 4621, 'B_ACTIVE_molecule': 786, 'VOID_molecule': 263, 'MP_ACTIVE_molecule': 180, 'TH_ACTIVE_molecule': 928, 'B_MEMORY_molecule': 630, 'B_PLASMA_molecule': 2495, 'MP_ANTIGEN_molecule': 9}"
787,"{PetriNet('hs_0_net'): 1, 'MP_molecule': 4148, 'TH_molecule': 4317, 'B_molecule': 4629, 'B_ACTIVE_molecule': 786, 'VOID_molecule': 263, 'MP_ACTIVE_molecule': 180, 'TH_ACTIVE_molecule': 928, 'B_MEMORY_molecule': 630, 'B_PLASMA_molecule': 2495, 'MP_ANTIGEN_molecule': 9}"
788,"{PetriNet('hs_0_net'): 1, 'MP_molecule': 4156, 'TH_molecule': 4325, 'B_molecule': 4637, 'B_ACTIVE_molecule': 786, 'VOID_molecule': 263, 'MP_ACTIVE_molecule': 180, 'TH_ACTIVE_molecule': 929, 'B_MEMORY_molecule': 630, 'B_PLASMA_molecule': 2495, 'MP_ANTIGEN_molecule': 9}"
789,"{PetriNet('hs_0_net'): 1, 'MP_molecule': 4164, 'TH_molecule': 4332, 'B_molecule': 4646, 'B_ACTIVE_molecule': 786, 'VOID_molecule': 263, 'MP_ACTIVE_molecule': 180, 'TH_ACTIVE_molecule': 930, 'B_MEMORY_molecule': 630, 'B_PLASMA_molecule': 2495, 'MP_ANTIGEN_molecule': 9}"
790,"{PetriNet('hs_0_net'): 1, 'MP_molecule': 4172, 'TH_molecule': 4339, 'B_molecule': 4655, 'B_ACTIVE_molecule': 786, 'VOID_molecule': 263, 'MP_ACTIVE_molecule': 180, 'TH_ACTIVE_molecule': 931, 'B_MEMORY_molecule': 630, 'B_PLASMA_molecule': 2495, 'MP_ANTIGEN_molecule': 9}"
791,"{PetriNet('hs_0_net'): 1, 'MP_molecule': 4171, 'TH_molecule': 4346, 'B_molecule': 4664, 'B_ACTIVE_molecule': 786, 'VOID_molecule': 263, 'MP_ACTIVE_molecule': 180, 'TH_ACTIVE_molecule': 932, 'B_MEMORY_molecule': 630, 'B_PLASMA_molecule': 2495, 'MP_ANTIGEN_molecule': 9}"
792,"{PetriNet('hs_0_net'): 1, 'MP_molecule': 4180, 'TH_molecule': 4354, 'B_molecule': 4673, 'B_ACTIVE_molecule': 786, 'VOID_molecule': 263, 'MP_ACTIVE_molecule': 180, 'TH_ACTIVE_molecule': 933, 'B_MEMORY_molecule': 630, 'B_PLASMA_molecule': 2495, 'MP_ANTIGEN_molecule': 9}"
793,"{PetriNet('hs_0_net'): 1, 'MP_molecule': 4189, 'TH_molecule': 4353, 'B_molecule': 4682, 'B_ACTIVE_molecule': 786, 'VOID_molecule': 263, 'MP_ACTIVE_molecule': 180, 'TH_ACTIVE_molecule': 933, 'B_MEMORY_molecule': 630, 'B_PLASMA_molecule': 2495, 'MP_ANTIGEN_molecule': 9}"
794,"{PetriNet('hs_0_net'): 1, 'MP_molecule': 4197, 'TH_molecule': 4360, 'B_molecule': 4681, 'B_ACTIVE_molecule': 786, 'VOID_molecule': 263, 'MP_ACTIVE_molecule': 180, 'TH_ACTIVE_molecule': 934, 'B_MEMORY_molecule': 630, 'B_PLASMA_molecule': 2495, 'MP_ANTIGEN_molecule': 9}"
795,"{PetriNet('hs_0_net'): 1, 'MP_molecule': 4205, 'TH_molecule': 4367, 'B_molecule': 4689, 'B_ACTIVE_molecule': 786, 'VOID_molecule': 263, 'MP_ACTIVE_molecule': 180, 'TH_ACTIVE_molecule': 935, 'B_MEMORY_molecule': 630, 'B_PLASMA_molecule': 2495, 'MP_ANTIGEN_molecule': 9}"
796,"{PetriNet('hs_0_net'): 1, 'MP_molecule': 4204, 'TH_molecule': 4374, 'B_molecule': 4698, 'B_ACTIVE_molecule': 786, 'VOID_molecule': 263, 'MP_ACTIVE_molecule': 180, 'TH_ACTIVE_molecule': 936, 'B_MEMORY_molecule': 630, 'B_PLASMA_molecule': 2495, 'MP_ANTIGEN_molecule': 9}"
797,"{PetriNet('hs_0_net'): 1, 'MP_molecule': 4213, 'TH_molecule': 4382, 'B_molecule': 4706, 'B_ACTIVE_molecule': 786, 'VOID_molecule': 263, 'MP_ACTIVE_molecule': 180, 'TH_ACTIVE_molecule': 936, 'B_MEMORY_molecule': 630, 'B_PLASMA_molecule': 2495, 'MP_ANTIGEN_molecule': 9}"
798,"{PetriNet('hs_0_net'): 1, 'MP_molecule': 4221, 'TH_molecule': 4389, 'B_molecule': 4714, 'B_ACTIVE_molecule': 786, 'VOID_molecule': 263, 'MP_ACTIVE_molecule': 180, 'TH_ACTIVE_molecule': 937, 'B_MEMORY_molecule': 630, 'B_PLASMA_molecule': 2495, 'MP_ANTIGEN_molecule': 9}"
799,"{PetriNet('hs_0_net'): 1, 'MP_molecule': 4220, 'TH_molecule': 4396, 'B_molecule': 4722, 'B_ACTIVE_molecule': 786, 'VOID_molecule': 263, 'MP_ACTIVE_molecule': 180, 'TH_ACTIVE_molecule': 938, 'B_MEMORY_molecule': 630, 'B_PLASMA_molecule': 2495, 'MP_ANTIGEN_molecule': 9}"
800,"{PetriNet('hs_0_net'): 1, 'MP_molecule': 4219, 'TH_molecule': 4403, 'B_molecule': 4731, 'B_ACTIVE_molecule': 786, 'VOID_molecule': 263, 'MP_ACTIVE_molecule': 180, 'TH_ACTIVE_molecule': 939, 'B_MEMORY_molecule': 630, 'B_PLASMA_molecule': 2495, 'MP_ANTIGEN_molecule': 9}"
801,"{PetriNet('hs_0_net'): 1, 'MP_molecule': 4227, 'TH_molecule': 4410, 'B_molecule': 4739, 'B_ACTIVE_molecule': 786, 'VOID_molecule': 263, 'MP_ACTIVE_molecule': 180, 'TH_ACTIVE_molecule': 940, 'B_MEMORY_molecule': 630, 'B_PLASMA_molecule': 2495, 'MP_ANTIGEN_molecule': 9}"
802,"{PetriNet('hs_0_net'): 1, 'MP_molecule': 4235, 'TH_molecule': 4417, 'B_molecule': 4747, 'B_ACTIVE_molecule': 786, 'VOID_molecule': 263, 'MP_ACTIVE_molecule': 180, 'TH_ACTIVE_molecule': 941, 'B_MEMORY_molecule': 630, 'B_PLASMA_molecule': 2495, 'MP_ANTIGEN_molecule': 9}"
803,"{PetriNet('hs_0_net'): 1, 'MP_molecule': 4243, 'TH_molecule': 4424, 'B_molecule': 4756, 'B_ACTIVE_molecule': 786, 'VOID_molecule': 263, 'MP_ACTIVE_molecule': 180, 'TH_ACTIVE_molecule': 942, 'B_MEMORY_molecule': 630, 'B_PLASMA_molecule': 2495, 'MP_ANTIGEN_molecule': 9}"
804,"{PetriNet('hs_0_net'): 1, 'MP_molecule': 4251, 'TH_molecule': 4431, 'B_molecule': 4764, 'B_ACTIVE_molecule': 786, 'VOID_molecule': 263, 'MP_ACTIVE_molecule': 180, 'TH_ACTIVE_molecule': 943, 'B_MEMORY_molecule': 630, 'B_PLASMA_molecule': 2495, 'MP_ANTIGEN_molecule': 9}"
805,"{PetriNet('hs_0_net'): 1, 'MP_molecule': 4259, 'TH_molecule': 4438, 'B_molecule': 4772, 'B_ACTIVE_molecule': 786, 'VOID_molecule': 263, 'MP_ACTIVE_molecule': 180, 'TH_ACTIVE_molecule': 944, 'B_MEMORY_molecule': 630, 'B_PLASMA_molecule': 2495, 'MP_ANTIGEN_molecule': 9}"
806,"{PetriNet('hs_0_net'): 1, 'MP_molecule': 4258, 'TH_molecule': 4445, 'B_molecule': 4781, 'B_ACTIVE_molecule': 786, 'VOID_molecule': 263, 'MP_ACTIVE_molecule': 180, 'TH_ACTIVE_molecule': 945, 'B_MEMORY_molecule': 630, 'B_PLASMA_molecule': 2495, 'MP_ANTIGEN_molecule': 9}"
807,"{PetriNet('hs_0_net'): 1, 'MP_molecule': 4266, 'TH_molecule': 4452, 'B_molecule': 4789, 'B_ACTIVE_molecule': 786, 'VOID_molecule': 263, 'MP_ACTIVE_molecule': 180, 'TH_ACTIVE_molecule': 946, 'B_MEMORY_molecule': 630, 'B_PLASMA_molecule': 2495, 'MP_ANTIGEN_molecule': 9}"
808,"{PetriNet('hs_0_net'): 1, 'MP_molecule': 4274, 'TH_molecule': 4459, 'B_molecule': 4797, 'B_ACTIVE_molecule': 786, 'VOID_molecule': 263, 'MP_ACTIVE_molecule': 180, 'TH_ACTIVE_molecule': 947, 'B_MEMORY_molecule': 630, 'B_PLASMA_molecule': 2495, 'MP_ANTIGEN_molecule': 9}"
809,"{PetriNet('hs_0_net'): 1, 'MP_molecule': 4273, 'TH_molecule': 4466, 'B_molecule': 4805, 'B_ACTIVE_molecule': 786, 'VOID_molecule': 263, 'MP_ACTIVE_molecule': 180, 'TH_ACTIVE_molecule': 948, 'B_MEMORY_molecule': 630, 'B_PLASMA_molecule': 2495, 'MP_ANTIGEN_molecule': 9}"
810,"{PetriNet('hs_0_net'): 1, 'MP_molecule': 4282, 'TH_molecule': 4473, 'B_molecule': 4804, 'B_ACTIVE_molecule': 786, 'VOID_molecule': 263, 'MP_ACTIVE_molecule': 180, 'TH_ACTIVE_molecule': 949, 'B_MEMORY_molecule': 630, 'B_PLASMA_molecule': 2495, 'MP_ANTIGEN_molecule': 9}"
811,"{PetriNet('hs_0_net'): 1, 'MP_molecule': 4290, 'TH_molecule': 4480, 'B_molecule': 4812, 'B_ACTIVE_molecule': 786, 'VOID_molecule': 263, 'MP_ACTIVE_molecule': 180, 'TH_ACTIVE_molecule': 950, 'B_MEMORY_molecule': 630, 'B_PLASMA_molecule': 2495, 'MP_ANTIGEN_molecule': 9}"
812,"{PetriNet('hs_0_net'): 1, 'MP_molecule': 4298, 'TH_molecule': 4488, 'B_molecule': 4820, 'B_ACTIVE_molecule': 786, 'VOID_molecule': 263, 'MP_ACTIVE_molecule': 180, 'TH_ACTIVE_molecule': 950, 'B_MEMORY_molecule': 630, 'B_PLASMA_molecule': 2495, 'MP_ANTIGEN_molecule': 9}"
813,"{PetriNet('hs_0_net'): 1, 'MP_molecule': 4298, 'TH_molecule': 4496, 'B_molecule': 4828, 'B_ACTIVE_molecule': 786, 'VOID_molecule': 263, 'MP_ACTIVE_molecule': 180, 'TH_ACTIVE_molecule': 951, 'B_MEMORY_molecule': 630, 'B_PLASMA_molecule': 2495, 'MP_ANTIGEN_molecule': 9}"
814,"{PetriNet('hs_0_net'): 1, 'MP_molecule': 4306, 'TH_molecule': 4494, 'B_molecule': 4836, 'B_ACTIVE_molecule': 786, 'VOID_molecule': 263, 'MP_ACTIVE_molecule': 180, 'TH_ACTIVE_molecule': 952, 'B_MEMORY_molecule': 630, 'B_PLASMA_molecule': 2495, 'MP_ANTIGEN_molecule': 9}"
815,"{PetriNet('hs_0_net'): 1, 'MP_molecule': 4314, 'TH_molecule': 4502, 'B_molecule': 4844, 'B_ACTIVE_molecule': 786, 'VOID_molecule': 263, 'MP_ACTIVE_molecule': 180, 'TH_ACTIVE_molecule': 952, 'B_MEMORY_molecule': 630, 'B_PLASMA_molecule': 2495, 'MP_ANTIGEN_molecule': 9}"
816,"{PetriNet('hs_0_net'): 1, 'MP_molecule': 4322, 'TH_molecule': 4510, 'B_molecule': 4843, 'B_ACTIVE_molecule': 786, 'VOID_molecule': 263, 'MP_ACTIVE_molecule': 180, 'TH_ACTIVE_molecule': 953, 'B_MEMORY_molecule': 630, 'B_PLASMA_molecule': 2495, 'MP_ANTIGEN_molecule': 9}"
817,"{PetriNet('hs_0_net'): 1, 'MP_molecule': 4330, 'TH_molecule': 4518, 'B_molecule': 4852, 'B_ACTIVE_molecule': 786, 'VOID_molecule': 263, 'MP_ACTIVE_molecule': 180, 'TH_ACTIVE_molecule': 954, 'B_MEMORY_molecule': 630, 'B_PLASMA_molecule': 2495, 'MP_ANTIGEN_molecule': 9}"
818,"{PetriNet('hs_0_net'): 1, 'MP_molecule': 4338, 'TH_molecule': 4525, 'B_molecule': 4860, 'B_ACTIVE_molecule': 786, 'VOID_molecule': 263, 'MP_ACTIVE_molecule': 180, 'TH_ACTIVE_molecule': 955, 'B_MEMORY_molecule': 630, 'B_PLASMA_molecule': 2495, 'MP_ANTIGEN_molecule': 9}"
819,"{PetriNet('hs_0_net'): 1, 'MP_molecule': 4346, 'TH_molecule': 4523, 'B_molecule': 4869, 'B_ACTIVE_molecule': 786, 'VOID_molecule': 263, 'MP_ACTIVE_molecule': 180, 'TH_ACTIVE_molecule': 956, 'B_MEMORY_molecule': 630, 'B_PLASMA_molecule': 2495, 'MP_ANTIGEN_molecule': 9}"
820,"{PetriNet('hs_0_net'): 1, 'MP_molecule': 4355, 'TH_molecule': 4521, 'B_molecule': 4877, 'B_ACTIVE_molecule': 786, 'VOID_molecule': 263, 'MP_ACTIVE_molecule': 180, 'TH_ACTIVE_molecule': 957, 'B_MEMORY_molecule': 630, 'B_PLASMA_molecule': 2495, 'MP_ANTIGEN_molecule': 9}"
821,"{PetriNet('hs_0_net'): 1, 'MP_molecule': 4363, 'TH_molecule': 4528, 'B_molecule': 4885, 'B_ACTIVE_molecule': 786, 'VOID_molecule': 263, 'MP_ACTIVE_molecule': 180, 'TH_ACTIVE_molecule': 958, 'B_MEMORY_molecule': 630, 'B_PLASMA_molecule': 2495, 'MP_ANTIGEN_molecule': 9}"
822,"{PetriNet('hs_0_net'): 1, 'MP_molecule': 4362, 'TH_molecule': 4536, 'B_molecule': 4884, 'B_ACTIVE_molecule': 786, 'VOID_molecule': 263, 'MP_ACTIVE_molecule': 180, 'TH_ACTIVE_molecule': 959, 'B_MEMORY_molecule': 630, 'B_PLASMA_molecule': 2495, 'MP_ANTIGEN_molecule': 9}"
823,"{PetriNet('hs_0_net'): 1, 'MP_molecule': 4370, 'TH_molecule': 4543, 'B_molecule': 4883, 'B_ACTIVE_molecule': 786, 'VOID_molecule': 263, 'MP_ACTIVE_molecule': 180, 'TH_ACTIVE_molecule': 960, 'B_MEMORY_molecule': 630, 'B_PLASMA_molecule': 2495, 'MP_ANTIGEN_molecule': 9}"
824,"{PetriNet('hs_0_net'): 1, 'MP_molecule': 4378, 'TH_molecule': 4550, 'B_molecule': 4891, 'B_ACTIVE_molecule': 786, 'VOID_molecule': 263, 'MP_ACTIVE_molecule': 180, 'TH_ACTIVE_molecule': 961, 'B_MEMORY_molecule': 630, 'B_PLASMA_molecule': 2495, 'MP_ANTIGEN_molecule': 9}"
825,"{PetriNet('hs_0_net'): 1, 'MP_molecule': 4386, 'TH_molecule': 4557, 'B_molecule': 4899, 'B_ACTIVE_molecule': 786, 'VOID_molecule': 263, 'MP_ACTIVE_molecule': 180, 'TH_ACTIVE_molecule': 962, 'B_MEMORY_molecule': 630, 'B_PLASMA_molecule': 2495, 'MP_ANTIGEN_molecule': 9}"
826,"{PetriNet('hs_0_net'): 1, 'MP_molecule': 4394, 'TH_molecule': 4564, 'B_molecule': 4898, 'B_ACTIVE_molecule': 786, 'VOID_molecule': 263, 'MP_ACTIVE_molecule': 180, 'TH_ACTIVE_molecule': 963, 'B_MEMORY_molecule': 630, 'B_PLASMA_molecule': 2495, 'MP_ANTIGEN_molecule': 9}"
827,"{PetriNet('hs_0_net'): 1, 'MP_molecule': 4393, 'TH_molecule': 4563, 'B_molecule': 4907, 'B_ACTIVE_molecule': 786, 'VOID_molecule': 263, 'MP_ACTIVE_molecule': 180, 'TH_ACTIVE_molecule': 964, 'B_MEMORY_molecule': 630, 'B_PLASMA_molecule': 2495, 'MP_ANTIGEN_molecule': 9}"
828,"{PetriNet('hs_0_net'): 1, 'MP_molecule': 4402, 'TH_molecule': 4562, 'B_molecule': 4915, 'B_ACTIVE_molecule': 786, 'VOID_molecule': 263, 'MP_ACTIVE_molecule': 180, 'TH_ACTIVE_molecule': 964, 'B_MEMORY_molecule': 630, 'B_PLASMA_molecule': 2495, 'MP_ANTIGEN_molecule': 9}"
829,"{PetriNet('hs_0_net'): 1, 'MP_molecule': 4410, 'TH_molecule': 4570, 'B_molecule': 4915, 'B_ACTIVE_molecule': 786, 'VOID_molecule': 263, 'MP_ACTIVE_molecule': 180, 'TH_ACTIVE_molecule': 965, 'B_MEMORY_molecule': 630, 'B_PLASMA_molecule': 2495, 'MP_ANTIGEN_molecule': 9}"
830,"{PetriNet('hs_0_net'): 1, 'MP_molecule': 4418, 'TH_molecule': 4578, 'B_molecule': 4924, 'B_ACTIVE_molecule': 786, 'VOID_molecule': 263, 'MP_ACTIVE_molecule': 180, 'TH_ACTIVE_molecule': 965, 'B_MEMORY_molecule': 630, 'B_PLASMA_molecule': 2495, 'MP_ANTIGEN_molecule': 9}"
831,"{PetriNet('hs_0_net'): 1, 'MP_molecule': 4426, 'TH_molecule': 4576, 'B_molecule': 4932, 'B_ACTIVE_molecule': 786, 'VOID_molecule': 263, 'MP_ACTIVE_molecule': 180, 'TH_ACTIVE_molecule': 966, 'B_MEMORY_molecule': 630, 'B_PLASMA_molecule': 2495, 'MP_ANTIGEN_molecule': 9}"
832,"{PetriNet('hs_0_net'): 1, 'MP_molecule': 4434, 'TH_molecule': 4583, 'B_molecule': 4940, 'B_ACTIVE_molecule': 786, 'VOID_molecule': 263, 'MP_ACTIVE_molecule': 180, 'TH_ACTIVE_molecule': 967, 'B_MEMORY_molecule': 630, 'B_PLASMA_molecule': 2495, 'MP_ANTIGEN_molecule': 9}"
833,"{PetriNet('hs_0_net'): 1, 'MP_molecule': 4443, 'TH_molecule': 4582, 'B_molecule': 4948, 'B_ACTIVE_molecule': 786, 'VOID_molecule': 263, 'MP_ACTIVE_molecule': 180, 'TH_ACTIVE_molecule': 968, 'B_MEMORY_molecule': 630, 'B_PLASMA_molecule': 2495, 'MP_ANTIGEN_molecule': 9}"
834,"{PetriNet('hs_0_net'): 1, 'MP_molecule': 4451, 'TH_molecule': 4591, 'B_molecule': 4947, 'B_ACTIVE_molecule': 786, 'VOID_molecule': 263, 'MP_ACTIVE_molecule': 180, 'TH_ACTIVE_molecule': 968, 'B_MEMORY_molecule': 630, 'B_PLASMA_molecule': 2495, 'MP_ANTIGEN_molecule': 9}"
835,"{PetriNet('hs_0_net'): 1, 'MP_molecule': 4450, 'TH_molecule': 4598, 'B_molecule': 4955, 'B_ACTIVE_molecule': 786, 'VOID_molecule': 263, 'MP_ACTIVE_molecule': 180, 'TH_ACTIVE_molecule': 969, 'B_MEMORY_molecule': 630, 'B_PLASMA_molecule': 2495, 'MP_ANTIGEN_molecule': 9}"
836,"{PetriNet('hs_0_net'): 1, 'MP_molecule': 4449, 'TH_molecule': 4596, 'B_molecule': 4963, 'B_ACTIVE_molecule': 786, 'VOID_molecule': 263, 'MP_ACTIVE_molecule': 180, 'TH_ACTIVE_molecule': 970, 'B_MEMORY_molecule': 630, 'B_PLASMA_molecule': 2495, 'MP_ANTIGEN_molecule': 9}"
837,"{PetriNet('hs_0_net'): 1, 'MP_molecule': 4449, 'TH_molecule': 4605, 'B_molecule': 4962, 'B_ACTIVE_molecule': 786, 'VOID_molecule': 263, 'MP_ACTIVE_molecule': 180, 'TH_ACTIVE_molecule': 970, 'B_MEMORY_molecule': 630, 'B_PLASMA_molecule': 2495, 'MP_ANTIGEN_molecule': 9}"
838,"{PetriNet('hs_0_net'): 1, 'MP_molecule': 4457, 'TH_molecule': 4613, 'B_molecule': 4971, 'B_ACTIVE_molecule': 786, 'VOID_molecule': 263, 'MP_ACTIVE_molecule': 180, 'TH_ACTIVE_molecule': 970, 'B_MEMORY_molecule': 630, 'B_PLASMA_molecule': 2495, 'MP_ANTIGEN_molecule': 9}"
839,"{PetriNet('hs_0_net'): 1, 'MP_molecule': 4465, 'TH_molecule': 4620, 'B_molecule': 4979, 'B_ACTIVE_molecule': 786, 'VOID_molecule': 263, 'MP_ACTIVE_molecule': 180, 'TH_ACTIVE_molecule': 971, 'B_MEMORY_molecule': 630, 'B_PLASMA_molecule': 2495, 'MP_ANTIGEN_molecule': 9}"
840,"{PetriNet('hs_0_net'): 1, 'MP_molecule': 4473, 'TH_molecule': 4627, 'B_molecule': 4987, 'B_ACTIVE_molecule': 786, 'VOID_molecule': 263, 'MP_ACTIVE_molecule': 180, 'TH_ACTIVE_molecule': 972, 'B_MEMORY_molecule': 630, 'B_PLASMA_molecule': 2495, 'MP_ANTIGEN_molecule': 9}"
841,"{PetriNet('hs_0_net'): 1, 'MP_molecule': 4482, 'TH_molecule': 4634, 'B_molecule': 4996, 'B_ACTIVE_molecule': 786, 'VOID_molecule': 263, 'MP_ACTIVE_molecule': 180, 'TH_ACTIVE_molecule': 973, 'B_MEMORY_molecule': 630, 'B_PLASMA_molecule': 2495, 'MP_ANTIGEN_molecule': 9}"
842,"{PetriNet('hs_0_net'): 1, 'MP_molecule': 4490, 'TH_molecule': 4633, 'B_molecule': 5004, 'B_ACTIVE_molecule': 786, 'VOID_molecule': 263, 'MP_ACTIVE_molecule': 180, 'TH_ACTIVE_molecule': 974, 'B_MEMORY_molecule': 630, 'B_PLASMA_molecule': 2495, 'MP_ANTIGEN_molecule': 9}"
843,"{PetriNet('hs_0_net'): 1, 'MP_molecule': 4498, 'TH_molecule': 4632, 'B_molecule': 5004, 'B_ACTIVE_molecule': 786, 'VOID_molecule': 263, 'MP_ACTIVE_molecule': 180, 'TH_ACTIVE_molecule': 975, 'B_MEMORY_molecule': 630, 'B_PLASMA_molecule': 2495, 'MP_ANTIGEN_molecule': 9}"
844,"{PetriNet('hs_0_net'): 1, 'MP_molecule': 4506, 'TH_molecule': 4639, 'B_molecule': 5012, 'B_ACTIVE_molecule': 786, 'VOID_molecule': 263, 'MP_ACTIVE_molecule': 180, 'TH_ACTIVE_molecule': 976, 'B_MEMORY_molecule': 630, 'B_PLASMA_molecule': 2495, 'MP_ANTIGEN_molecule': 9}"
845,"{PetriNet('hs_0_net'): 1, 'MP_molecule': 4505, 'TH_molecule': 4646, 'B_molecule': 5020, 'B_ACTIVE_molecule': 786, 'VOID_molecule': 263, 'MP_ACTIVE_molecule': 180, 'TH_ACTIVE_molecule': 977, 'B_MEMORY_molecule': 630, 'B_PLASMA_molecule': 2495, 'MP_ANTIGEN_molecule': 9}"
846,"{PetriNet('hs_0_net'): 1, 'MP_molecule': 4504, 'TH_molecule': 4654, 'B_molecule': 5029, 'B_ACTIVE_molecule': 786, 'VOID_molecule': 263, 'MP_ACTIVE_molecule': 180, 'TH_ACTIVE_molecule': 977, 'B_MEMORY_molecule': 630, 'B_PLASMA_molecule': 2495, 'MP_ANTIGEN_molecule': 9}"
847,"{PetriNet('hs_0_net'): 1, 'MP_molecule': 4504, 'TH_molecule': 4661, 'B_molecule': 5037, 'B_ACTIVE_molecule': 786, 'VOID_molecule': 263, 'MP_ACTIVE_molecule': 180, 'TH_ACTIVE_molecule': 978, 'B_MEMORY_molecule': 630, 'B_PLASMA_molecule': 2495, 'MP_ANTIGEN_molecule': 9}"
848,"{PetriNet('hs_0_net'): 1, 'MP_molecule': 4512, 'TH_molecule': 4669, 'B_molecule': 5045, 'B_ACTIVE_molecule': 786, 'VOID_molecule': 263, 'MP_ACTIVE_molecule': 180, 'TH_ACTIVE_molecule': 978, 'B_MEMORY_molecule': 630, 'B_PLASMA_molecule': 2495, 'MP_ANTIGEN_molecule': 9}"
849,"{PetriNet('hs_0_net'): 1, 'MP_molecule': 4511, 'TH_molecule': 4676, 'B_molecule': 5053, 'B_ACTIVE_molecule': 786, 'VOID_molecule': 263, 'MP_ACTIVE_molecule': 180, 'TH_ACTIVE_molecule': 979, 'B_MEMORY_molecule': 630, 'B_PLASMA_molecule': 2495, 'MP_ANTIGEN_molecule': 9}"
850,"{PetriNet('hs_0_net'): 1, 'MP_molecule': 4511, 'TH_molecule': 4684, 'B_molecule': 5062, 'B_ACTIVE_molecule': 786, 'VOID_molecule': 263, 'MP_ACTIVE_molecule': 180, 'TH_ACTIVE_molecule': 979, 'B_MEMORY_molecule': 630, 'B_PLASMA_molecule': 2495, 'MP_ANTIGEN_molecule': 9}"
851,"{PetriNet('hs_0_net'): 1, 'MP_molecule': 4519, 'TH_molecule': 4692, 'B_molecule': 5070, 'B_ACTIVE_molecule': 786, 'VOID_molecule': 263, 'MP_ACTIVE_molecule': 180, 'TH_ACTIVE_molecule': 980, 'B_MEMORY_molecule': 630, 'B_PLASMA_molecule': 2495, 'MP_ANTIGEN_molecule': 9}"
852,"{PetriNet('hs_0_net'): 1, 'MP_molecule': 4518, 'TH_molecule': 4699, 'B_molecule': 5078, 'B_ACTIVE_molecule': 786, 'VOID_molecule': 263, 'MP_ACTIVE_molecule': 180, 'TH_ACTIVE_molecule': 981, 'B_MEMORY_molecule': 630, 'B_PLASMA_molecule': 2495, 'MP_ANTIGEN_molecule': 9}"
853,"{PetriNet('hs_0_net'): 1, 'MP_molecule': 4527, 'TH_molecule': 4698, 'B_molecule': 5086, 'B_ACTIVE_molecule': 786, 'VOID_molecule': 263, 'MP_ACTIVE_molecule': 180, 'TH_ACTIVE_molecule': 981, 'B_MEMORY_molecule': 630, 'B_PLASMA_molecule': 2495, 'MP_ANTIGEN_molecule': 9}"
854,"{PetriNet('hs_0_net'): 1, 'MP_molecule': 4526, 'TH_molecule': 4706, 'B_molecule': 5094, 'B_ACTIVE_molecule': 786, 'VOID_molecule': 263, 'MP_ACTIVE_molecule': 180, 'TH_ACTIVE_molecule': 981, 'B_MEMORY_molecule': 630, 'B_PLASMA_molecule': 2495, 'MP_ANTIGEN_molecule': 9}"
855,"{PetriNet('hs_0_net'): 1, 'MP_molecule': 4535, 'TH_molecule': 4713, 'B_molecule': 5103, 'B_ACTIVE_molecule': 786, 'VOID_molecule': 263, 'MP_ACTIVE_molecule': 180, 'TH_ACTIVE_molecule': 982, 'B_MEMORY_molecule': 630, 'B_PLASMA_molecule': 2495, 'MP_ANTIGEN_molecule': 9}"
856,"{PetriNet('hs_0_net'): 1, 'MP_molecule': 4534, 'TH_molecule': 4722, 'B_molecule': 5102, 'B_ACTIVE_molecule': 786, 'VOID_molecule': 263, 'MP_ACTIVE_molecule': 180, 'TH_ACTIVE_molecule': 982, 'B_MEMORY_molecule': 630, 'B_PLASMA_molecule': 2495, 'MP_ANTIGEN_molecule': 9}"
857,"{PetriNet('hs_0_net'): 1, 'MP_molecule': 4542, 'TH_molecule': 4729, 'B_molecule': 5110, 'B_ACTIVE_molecule': 786, 'VOID_molecule': 263, 'MP_ACTIVE_molecule': 180, 'TH_ACTIVE_molecule': 983, 'B_MEMORY_molecule': 630, 'B_PLASMA_molecule': 2495, 'MP_ANTIGEN_molecule': 9}"
858,"{PetriNet('hs_0_net'): 1, 'MP_molecule': 4541, 'TH_molecule': 4736, 'B_molecule': 5119, 'B_ACTIVE_molecule': 786, 'VOID_molecule': 263, 'MP_ACTIVE_molecule': 180, 'TH_ACTIVE_molecule': 984, 'B_MEMORY_molecule': 630, 'B_PLASMA_molecule': 2495, 'MP_ANTIGEN_molecule': 9}"
859,"{PetriNet('hs_0_net'): 1, 'MP_molecule': 4549, 'TH_molecule': 4745, 'B_molecule': 5127, 'B_ACTIVE_molecule': 786, 'VOID_molecule': 263, 'MP_ACTIVE_molecule': 180, 'TH_ACTIVE_molecule': 984, 'B_MEMORY_molecule': 630, 'B_PLASMA_molecule': 2495, 'MP_ANTIGEN_molecule': 9}"
860,"{PetriNet('hs_0_net'): 1, 'MP_molecule': 4548, 'TH_molecule': 4753, 'B_molecule': 5135, 'B_ACTIVE_molecule': 786, 'VOID_molecule': 263, 'MP_ACTIVE_molecule': 180, 'TH_ACTIVE_molecule': 984, 'B_MEMORY_molecule': 630, 'B_PLASMA_molecule': 2495, 'MP_ANTIGEN_molecule': 9}"
861,"{PetriNet('hs_0_net'): 1, 'MP_molecule': 4547, 'TH_molecule': 4760, 'B_molecule': 5143, 'B_ACTIVE_molecule': 786, 'VOID_molecule': 263, 'MP_ACTIVE_molecule': 180, 'TH_ACTIVE_molecule': 985, 'B_MEMORY_molecule': 630, 'B_PLASMA_molecule': 2495, 'MP_ANTIGEN_molecule': 9}"
862,"{PetriNet('hs_0_net'): 1, 'MP_molecule': 4555, 'TH_molecule': 4768, 'B_molecule': 5152, 'B_ACTIVE_molecule': 786, 'VOID_molecule': 263, 'MP_ACTIVE_molecule': 180, 'TH_ACTIVE_molecule': 986, 'B_MEMORY_molecule': 630, 'B_PLASMA_molecule': 2495, 'MP_ANTIGEN_molecule': 9}"
863,"{PetriNet('hs_0_net'): 1, 'MP_molecule': 4554, 'TH_molecule': 4775, 'B_molecule': 5161, 'B_ACTIVE_molecule': 786, 'VOID_molecule': 263, 'MP_ACTIVE_molecule': 180, 'TH_ACTIVE_molecule': 987, 'B_MEMORY_molecule': 630, 'B_PLASMA_molecule': 2495, 'MP_ANTIGEN_molecule': 9}"
864,"{PetriNet('hs_0_net'): 1, 'MP_molecule': 4562, 'TH_molecule': 4782, 'B_molecule': 5169, 'B_ACTIVE_molecule': 786, 'VOID_molecule': 263, 'MP_ACTIVE_molecule': 180, 'TH_ACTIVE_molecule': 988, 'B_MEMORY_molecule': 630, 'B_PLASMA_molecule': 2495, 'MP_ANTIGEN_molecule': 9}"
865,"{PetriNet('hs_0_net'): 1, 'MP_molecule': 4562, 'TH_molecule': 4790, 'B_molecule': 5177, 'B_ACTIVE_molecule': 786, 'VOID_molecule': 263, 'MP_ACTIVE_molecule': 180, 'TH_ACTIVE_molecule': 988, 'B_MEMORY_molecule': 630, 'B_PLASMA_molecule': 2495, 'MP_ANTIGEN_molecule': 9}"
866,"{PetriNet('hs_0_net'): 1, 'MP_molecule': 4570, 'TH_molecule': 4788, 'B_molecule': 5185, 'B_ACTIVE_molecule': 786, 'VOID_molecule': 263, 'MP_ACTIVE_molecule': 180, 'TH_ACTIVE_molecule': 989, 'B_MEMORY_molecule': 630, 'B_PLASMA_molecule': 2495, 'MP_ANTIGEN_molecule': 9}"
867,"{PetriNet('hs_0_net'): 1, 'MP_molecule': 4570, 'TH_molecule': 4786, 'B_molecule': 5185, 'B_ACTIVE_molecule': 786, 'VOID_molecule': 263, 'MP_ACTIVE_molecule': 180, 'TH_ACTIVE_molecule': 990, 'B_MEMORY_molecule': 630, 'B_PLASMA_molecule': 2495, 'MP_ANTIGEN_molecule': 9}"
868,"{PetriNet('hs_0_net'): 1, 'MP_molecule': 4578, 'TH_molecule': 4793, 'B_molecule': 5193, 'B_ACTIVE_molecule': 786, 'VOID_molecule': 263, 'MP_ACTIVE_molecule': 180, 'TH_ACTIVE_molecule': 991, 'B_MEMORY_molecule': 630, 'B_PLASMA_molecule': 2495, 'MP_ANTIGEN_molecule': 9}"
869,"{PetriNet('hs_0_net'): 1, 'MP_molecule': 4586, 'TH_molecule': 4792, 'B_molecule': 5201, 'B_ACTIVE_molecule': 786, 'VOID_molecule': 263, 'MP_ACTIVE_molecule': 180, 'TH_ACTIVE_molecule': 992, 'B_MEMORY_molecule': 630, 'B_PLASMA_molecule': 2495, 'MP_ANTIGEN_molecule': 9}"
870,"{PetriNet('hs_0_net'): 1, 'MP_molecule': 4594, 'TH_molecule': 4800, 'B_molecule': 5209, 'B_ACTIVE_molecule': 786, 'VOID_molecule': 263, 'MP_ACTIVE_molecule': 180, 'TH_ACTIVE_molecule': 992, 'B_MEMORY_molecule': 630, 'B_PLASMA_molecule': 2495, 'MP_ANTIGEN_molecule': 9}"
871,"{PetriNet('hs_0_net'): 1, 'MP_molecule': 4602, 'TH_molecule': 4808, 'B_molecule': 5217, 'B_ACTIVE_molecule': 786, 'VOID_molecule': 263, 'MP_ACTIVE_molecule': 180, 'TH_ACTIVE_molecule': 992, 'B_MEMORY_molecule': 630, 'B_PLASMA_molecule': 2495, 'MP_ANTIGEN_molecule': 9}"
872,"{PetriNet('hs_0_net'): 1, 'MP_molecule': 4601, 'TH_molecule': 4816, 'B_molecule': 5225, 'B_ACTIVE_molecule': 786, 'VOID_molecule': 263, 'MP_ACTIVE_molecule': 180, 'TH_ACTIVE_molecule': 993, 'B_MEMORY_molecule': 630, 'B_PLASMA_molecule': 2495, 'MP_ANTIGEN_molecule': 9}"
873,"{PetriNet('hs_0_net'): 1, 'MP_molecule': 4609, 'TH_molecule': 4824, 'B_molecule': 5234, 'B_ACTIVE_molecule': 786, 'VOID_molecule': 263, 'MP_ACTIVE_molecule': 180, 'TH_ACTIVE_molecule': 994, 'B_MEMORY_molecule': 630, 'B_PLASMA_molecule': 2495, 'MP_ANTIGEN_molecule': 9}"
874,"{PetriNet('hs_0_net'): 1, 'MP_molecule': 4617, 'TH_molecule': 4831, 'B_molecule': 5233, 'B_ACTIVE_molecule': 786, 'VOID_molecule': 263, 'MP_ACTIVE_molecule': 180, 'TH_ACTIVE_molecule': 995, 'B_MEMORY_molecule': 630, 'B_PLASMA_molecule': 2495, 'MP_ANTIGEN_molecule': 9}"
875,"{PetriNet('hs_0_net'): 1, 'MP_molecule': 4617, 'TH_molecule': 4839, 'B_molecule': 5241, 'B_ACTIVE_molecule': 786, 'VOID_molecule': 263, 'MP_ACTIVE_molecule': 180, 'TH_ACTIVE_molecule': 995, 'B_MEMORY_molecule': 630, 'B_PLASMA_molecule': 2495, 'MP_ANTIGEN_molecule': 9}"
876,"{PetriNet('hs_0_net'): 1, 'MP_molecule': 4626, 'TH_molecule': 4847, 'B_molecule': 5249, 'B_ACTIVE_molecule': 786, 'VOID_molecule': 263, 'MP_ACTIVE_molecule': 180, 'TH_ACTIVE_molecule': 995, 'B_MEMORY_molecule': 630, 'B_PLASMA_molecule': 2495, 'MP_ANTIGEN_molecule': 9}"
877,"{PetriNet('hs_0_net'): 1, 'MP_molecule': 4625, 'TH_molecule': 4854, 'B_molecule': 5257, 'B_ACTIVE_molecule': 786, 'VOID_molecule': 263, 'MP_ACTIVE_molecule': 180, 'TH_ACTIVE_molecule': 996, 'B_MEMORY_molecule': 630, 'B_PLASMA_molecule': 2495, 'MP_ANTIGEN_molecule': 9}"
878,"{PetriNet('hs_0_net'): 1, 'MP_molecule': 4624, 'TH_molecule': 4852, 'B_molecule': 5265, 'B_ACTIVE_molecule': 786, 'VOID_molecule': 263, 'MP_ACTIVE_molecule': 180, 'TH_ACTIVE_molecule': 997, 'B_MEMORY_molecule': 630, 'B_PLASMA_molecule': 2495, 'MP_ANTIGEN_molecule': 9}"
879,"{PetriNet('hs_0_net'): 1, 'MP_molecule': 4633, 'TH_molecule': 4860, 'B_molecule': 5274, 'B_ACTIVE_molecule': 786, 'VOID_molecule': 263, 'MP_ACTIVE_molecule': 180, 'TH_ACTIVE_molecule': 997, 'B_MEMORY_molecule': 630, 'B_PLASMA_molecule': 2495, 'MP_ANTIGEN_molecule': 9}"
880,"{PetriNet('hs_0_net'): 1, 'MP_molecule': 4632, 'TH_molecule': 4868, 'B_molecule': 5282, 'B_ACTIVE_molecule': 786, 'VOID_molecule': 263, 'MP_ACTIVE_molecule': 180, 'TH_ACTIVE_molecule': 997, 'B_MEMORY_molecule': 630, 'B_PLASMA_molecule': 2495, 'MP_ANTIGEN_molecule': 9}"
881,"{PetriNet('hs_0_net'): 1, 'MP_molecule': 4632, 'TH_molecule': 4866, 'B_molecule': 5290, 'B_ACTIVE_molecule': 786, 'VOID_molecule': 263, 'MP_ACTIVE_molecule': 180, 'TH_ACTIVE_molecule': 998, 'B_MEMORY_molecule': 630, 'B_PLASMA_molecule': 2495, 'MP_ANTIGEN_molecule': 9}"
882,"{PetriNet('hs_0_net'): 1, 'MP_molecule': 4632, 'TH_molecule': 4873, 'B_molecule': 5298, 'B_ACTIVE_molecule': 786, 'VOID_molecule': 263, 'MP_ACTIVE_molecule': 180, 'TH_ACTIVE_molecule': 999, 'B_MEMORY_molecule': 630, 'B_PLASMA_molecule': 2495, 'MP_ANTIGEN_molecule': 9}"
883,"{PetriNet('hs_0_net'): 1, 'MP_molecule': 4640, 'TH_molecule': 4880, 'B_molecule': 5297, 'B_ACTIVE_molecule': 786, 'VOID_molecule': 263, 'MP_ACTIVE_molecule': 180, 'TH_ACTIVE_molecule': 1000, 'B_MEMORY_molecule': 630, 'B_PLASMA_molecule': 2495, 'MP_ANTIGEN_molecule': 9}"
884,"{PetriNet('hs_0_net'): 1, 'MP_molecule': 4649, 'TH_molecule': 4878, 'B_molecule': 5306, 'B_ACTIVE_molecule': 786, 'VOID_molecule': 263, 'MP_ACTIVE_molecule': 180, 'TH_ACTIVE_molecule': 1001, 'B_MEMORY_molecule': 630, 'B_PLASMA_molecule': 2495, 'MP_ANTIGEN_molecule': 9}"
885,"{PetriNet('hs_0_net'): 1, 'MP_molecule': 4648, 'TH_molecule': 4885, 'B_molecule': 5314, 'B_ACTIVE_molecule': 786, 'VOID_molecule': 263, 'MP_ACTIVE_molecule': 180, 'TH_ACTIVE_molecule': 1002, 'B_MEMORY_molecule': 630, 'B_PLASMA_molecule': 2495, 'MP_ANTIGEN_molecule': 9}"
886,"{PetriNet('hs_0_net'): 1, 'MP_molecule': 4656, 'TH_molecule': 4892, 'B_molecule': 5322, 'B_ACTIVE_molecule': 786, 'VOID_molecule': 263, 'MP_ACTIVE_molecule': 180, 'TH_ACTIVE_molecule': 1003, 'B_MEMORY_molecule': 630, 'B_PLASMA_molecule': 2495, 'MP_ANTIGEN_molecule': 9}"
887,"{PetriNet('hs_0_net'): 1, 'MP_molecule': 4655, 'TH_molecule': 4890, 'B_molecule': 5321, 'B_ACTIVE_molecule': 786, 'VOID_molecule': 263, 'MP_ACTIVE_molecule': 180, 'TH_ACTIVE_molecule': 1004, 'B_MEMORY_molecule': 630, 'B_PLASMA_molecule': 2495, 'MP_ANTIGEN_molecule': 9}"
888,"{PetriNet('hs_0_net'): 1, 'MP_molecule': 4663, 'TH_molecule': 4897, 'B_molecule': 5329, 'B_ACTIVE_molecule': 786, 'VOID_molecule': 263, 'MP_ACTIVE_molecule': 180, 'TH_ACTIVE_molecule': 1005, 'B_MEMORY_molecule': 630, 'B_PLASMA_molecule': 2495, 'MP_ANTIGEN_molecule': 9}"
889,"{PetriNet('hs_0_net'): 1, 'MP_molecule': 4672, 'TH_molecule': 4905, 'B_molecule': 5329, 'B_ACTIVE_molecule': 786, 'VOID_molecule': 263, 'MP_ACTIVE_molecule': 180, 'TH_ACTIVE_molecule': 1005, 'B_MEMORY_molecule': 630, 'B_PLASMA_molecule': 2495, 'MP_ANTIGEN_molecule': 9}"
890,"{PetriNet('hs_0_net'): 1, 'MP_molecule': 4681, 'TH_molecule': 4912, 'B_molecule': 5337, 'B_ACTIVE_molecule': 786, 'VOID_molecule': 263, 'MP_ACTIVE_molecule': 180, 'TH_ACTIVE_molecule': 1006, 'B_MEMORY_molecule': 630, 'B_PLASMA_molecule': 2495, 'MP_ANTIGEN_molecule': 9}"
891,"{PetriNet('hs_0_net'): 1, 'MP_molecule': 4690, 'TH_molecule': 4910, 'B_molecule': 5345, 'B_ACTIVE_molecule': 786, 'VOID_molecule': 263, 'MP_ACTIVE_molecule': 180, 'TH_ACTIVE_molecule': 1007, 'B_MEMORY_molecule': 630, 'B_PLASMA_molecule': 2495, 'MP_ANTIGEN_molecule': 9}"
892,"{PetriNet('hs_0_net'): 1, 'MP_molecule': 4698, 'TH_molecule': 4917, 'B_molecule': 5353, 'B_ACTIVE_molecule': 786, 'VOID_molecule': 263, 'MP_ACTIVE_molecule': 180, 'TH_ACTIVE_molecule': 1008, 'B_MEMORY_molecule': 630, 'B_PLASMA_molecule': 2495, 'MP_ANTIGEN_molecule': 9}"
893,"{PetriNet('hs_0_net'): 1, 'MP_molecule': 4707, 'TH_molecule': 4924, 'B_molecule': 5361, 'B_ACTIVE_molecule': 786, 'VOID_molecule': 263, 'MP_ACTIVE_molecule': 180, 'TH_ACTIVE_molecule': 1009, 'B_MEMORY_molecule': 630, 'B_PLASMA_molecule': 2495, 'MP_ANTIGEN_molecule': 9}"
894,"{PetriNet('hs_0_net'): 1, 'MP_molecule': 4706, 'TH_molecule': 4932, 'B_molecule': 5369, 'B_ACTIVE_molecule': 786, 'VOID_molecule': 263, 'MP_ACTIVE_molecule': 180, 'TH_ACTIVE_molecule': 1009, 'B_MEMORY_molecule': 630, 'B_PLASMA_molecule': 2495, 'MP_ANTIGEN_molecule': 9}"
895,"{PetriNet('hs_0_net'): 1, 'MP_molecule': 4714, 'TH_molecule': 4939, 'B_molecule': 5368, 'B_ACTIVE_molecule': 786, 'VOID_molecule': 263, 'MP_ACTIVE_molecule': 180, 'TH_ACTIVE_molecule': 1010, 'B_MEMORY_molecule': 630, 'B_PLASMA_molecule': 2495, 'MP_ANTIGEN_molecule': 9}"
896,"{PetriNet('hs_0_net'): 1, 'MP_molecule': 4713, 'TH_molecule': 4947, 'B_molecule': 5376, 'B_ACTIVE_molecule': 786, 'VOID_molecule': 263, 'MP_ACTIVE_molecule': 180, 'TH_ACTIVE_molecule': 1011, 'B_MEMORY_molecule': 630, 'B_PLASMA_molecule': 2495, 'MP_ANTIGEN_molecule': 9}"
897,"{PetriNet('hs_0_net'): 1, 'MP_molecule': 4722, 'TH_molecule': 4954, 'B_molecule': 5384, 'B_ACTIVE_molecule': 786, 'VOID_molecule': 263, 'MP_ACTIVE_molecule': 180, 'TH_ACTIVE_molecule': 1012, 'B_MEMORY_molecule': 630, 'B_PLASMA_molecule': 2495, 'MP_ANTIGEN_molecule': 9}"
898,"{PetriNet('hs_0_net'): 1, 'MP_molecule': 4730, 'TH_molecule': 4963, 'B_molecule': 5392, 'B_ACTIVE_molecule': 786, 'VOID_molecule': 263, 'MP_ACTIVE_molecule': 180, 'TH_ACTIVE_molecule': 1012, 'B_MEMORY_molecule': 630, 'B_PLASMA_molecule': 2495, 'MP_ANTIGEN_molecule': 9}"
899,"{PetriNet('hs_0_net'): 1, 'MP_molecule': 4738, 'TH_molecule': 4972, 'B_molecule': 5400, 'B_ACTIVE_molecule': 786, 'VOID_molecule': 263, 'MP_ACTIVE_molecule': 180, 'TH_ACTIVE_molecule': 1012, 'B_MEMORY_molecule': 630, 'B_PLASMA_molecule': 2495, 'MP_ANTIGEN_molecule': 9}"
900,"{PetriNet('hs_0_net'): 1, 'MP_molecule': 4746, 'TH_molecule': 4979, 'B_molecule': 5409, 'B_ACTIVE_molecule': 786, 'VOID_molecule': 263, 'MP_ACTIVE_molecule': 180, 'TH_ACTIVE_molecule': 1013, 'B_MEMORY_molecule': 630, 'B_PLASMA_molecule': 2495, 'MP_ANTIGEN_molecule': 9}"
901,"{PetriNet('hs_0_net'): 1, 'MP_molecule': 4754, 'TH_molecule': 4987, 'B_molecule': 5418, 'B_ACTIVE_molecule': 786, 'VOID_molecule': 263, 'MP_ACTIVE_molecule': 180, 'TH_ACTIVE_molecule': 1013, 'B_MEMORY_molecule': 630, 'B_PLASMA_molecule': 2495, 'MP_ANTIGEN_molecule': 9}"
902,"{PetriNet('hs_0_net'): 1, 'MP_molecule': 4763, 'TH_molecule': 4995, 'B_molecule': 5426, 'B_ACTIVE_molecule': 786, 'VOID_molecule': 263, 'MP_ACTIVE_molecule': 180, 'TH_ACTIVE_molecule': 1014, 'B_MEMORY_molecule': 630, 'B_PLASMA_molecule': 2495, 'MP_ANTIGEN_molecule': 9}"
903,"{PetriNet('hs_0_net'): 1, 'MP_molecule': 4771, 'TH_molecule': 5002, 'B_molecule': 5434, 'B_ACTIVE_molecule': 786, 'VOID_molecule': 263, 'MP_ACTIVE_molecule': 180, 'TH_ACTIVE_molecule': 1015, 'B_MEMORY_molecule': 630, 'B_PLASMA_molecule': 2495, 'MP_ANTIGEN_molecule': 9}"
904,"{PetriNet('hs_0_net'): 1, 'MP_molecule': 4779, 'TH_molecule': 5009, 'B_molecule': 5442, 'B_ACTIVE_molecule': 786, 'VOID_molecule': 263, 'MP_ACTIVE_molecule': 180, 'TH_ACTIVE_molecule': 1016, 'B_MEMORY_molecule': 630, 'B_PLASMA_molecule': 2495, 'MP_ANTIGEN_molecule': 9}"
905,"{PetriNet('hs_0_net'): 1, 'MP_molecule': 4787, 'TH_molecule': 5016, 'B_molecule': 5451, 'B_ACTIVE_molecule': 786, 'VOID_molecule': 263, 'MP_ACTIVE_molecule': 180, 'TH_ACTIVE_molecule': 1017, 'B_MEMORY_molecule': 630, 'B_PLASMA_molecule': 2495, 'MP_ANTIGEN_molecule': 9}"
906,"{PetriNet('hs_0_net'): 1, 'MP_molecule': 4795, 'TH_molecule': 5023, 'B_molecule': 5460, 'B_ACTIVE_molecule': 786, 'VOID_molecule': 263, 'MP_ACTIVE_molecule': 180, 'TH_ACTIVE_molecule': 1018, 'B_MEMORY_molecule': 630, 'B_PLASMA_molecule': 2495, 'MP_ANTIGEN_molecule': 9}"
907,"{PetriNet('hs_0_net'): 1, 'MP_molecule': 4804, 'TH_molecule': 5030, 'B_molecule': 5460, 'B_ACTIVE_molecule': 786, 'VOID_molecule': 263, 'MP_ACTIVE_molecule': 180, 'TH_ACTIVE_molecule': 1019, 'B_MEMORY_molecule': 630, 'B_PLASMA_molecule': 2495, 'MP_ANTIGEN_molecule': 9}"
908,"{PetriNet('hs_0_net'): 1, 'MP_molecule': 4812, 'TH_molecule': 5039, 'B_molecule': 5468, 'B_ACTIVE_molecule': 786, 'VOID_molecule': 263, 'MP_ACTIVE_molecule': 180, 'TH_ACTIVE_molecule': 1019, 'B_MEMORY_molecule': 630, 'B_PLASMA_molecule': 2495, 'MP_ANTIGEN_molecule': 9}"
909,"{PetriNet('hs_0_net'): 1, 'MP_molecule': 4821, 'TH_molecule': 5046, 'B_molecule': 5476, 'B_ACTIVE_molecule': 786, 'VOID_molecule': 263, 'MP_ACTIVE_molecule': 180, 'TH_ACTIVE_molecule': 1020, 'B_MEMORY_molecule': 630, 'B_PLASMA_molecule': 2495, 'MP_ANTIGEN_molecule': 9}"
910,"{PetriNet('hs_0_net'): 1, 'MP_molecule': 4820, 'TH_molecule': 5053, 'B_molecule': 5484, 'B_ACTIVE_molecule': 786, 'VOID_molecule': 263, 'MP_ACTIVE_molecule': 180, 'TH_ACTIVE_molecule': 1021, 'B_MEMORY_molecule': 630, 'B_PLASMA_molecule': 2495, 'MP_ANTIGEN_molecule': 9}"
911,"{PetriNet('hs_0_net'): 1, 'MP_molecule': 4828, 'TH_molecule': 5060, 'B_molecule': 5483, 'B_ACTIVE_molecule': 786, 'VOID_molecule': 263, 'MP_ACTIVE_molecule': 180, 'TH_ACTIVE_molecule': 1022, 'B_MEMORY_molecule': 630, 'B_PLASMA_molecule': 2495, 'MP_ANTIGEN_molecule': 9}"
912,"{PetriNet('hs_0_net'): 1, 'MP_molecule': 4827, 'TH_molecule': 5059, 'B_molecule': 5491, 'B_ACTIVE_molecule': 786, 'VOID_molecule': 263, 'MP_ACTIVE_molecule': 180, 'TH_ACTIVE_molecule': 1022, 'B_MEMORY_molecule': 630, 'B_PLASMA_molecule': 2495, 'MP_ANTIGEN_molecule': 9}"
913,"{PetriNet('hs_0_net'): 1, 'MP_molecule': 4835, 'TH_molecule': 5057, 'B_molecule': 5490, 'B_ACTIVE_molecule': 786, 'VOID_molecule': 263, 'MP_ACTIVE_molecule': 180, 'TH_ACTIVE_molecule': 1023, 'B_MEMORY_molecule': 630, 'B_PLASMA_molecule': 2495, 'MP_ANTIGEN_molecule': 9}"
914,"{PetriNet('hs_0_net'): 1, 'MP_molecule': 4834, 'TH_molecule': 5055, 'B_molecule': 5499, 'B_ACTIVE_molecule': 786, 'VOID_molecule': 263, 'MP_ACTIVE_molecule': 180, 'TH_ACTIVE_molecule': 1024, 'B_MEMORY_molecule': 630, 'B_PLASMA_molecule': 2495, 'MP_ANTIGEN_molecule': 9}"
915,"{PetriNet('hs_0_net'): 1, 'MP_molecule': 4833, 'TH_molecule': 5054, 'B_molecule': 5507, 'B_ACTIVE_molecule': 786, 'VOID_molecule': 263, 'MP_ACTIVE_molecule': 180, 'TH_ACTIVE_molecule': 1025, 'B_MEMORY_molecule': 630, 'B_PLASMA_molecule': 2495, 'MP_ANTIGEN_molecule': 9}"
916,"{PetriNet('hs_0_net'): 1, 'MP_molecule': 4842, 'TH_molecule': 5062, 'B_molecule': 5507, 'B_ACTIVE_molecule': 786, 'VOID_molecule': 263, 'MP_ACTIVE_molecule': 180, 'TH_ACTIVE_molecule': 1025, 'B_MEMORY_molecule': 630, 'B_PLASMA_molecule': 2495, 'MP_ANTIGEN_molecule': 9}"
917,"{PetriNet('hs_0_net'): 1, 'MP_molecule': 4842, 'TH_molecule': 5060, 'B_molecule': 5515, 'B_ACTIVE_molecule': 786, 'VOID_molecule': 263, 'MP_ACTIVE_molecule': 180, 'TH_ACTIVE_molecule': 1026, 'B_MEMORY_molecule': 630, 'B_PLASMA_molecule': 2495, 'MP_ANTIGEN_molecule': 9}"
918,"{PetriNet('hs_0_net'): 1, 'MP_molecule': 4850, 'TH_molecule': 5067, 'B_molecule': 5523, 'B_ACTIVE_molecule': 786, 'VOID_molecule': 263, 'MP_ACTIVE_molecule': 180, 'TH_ACTIVE_molecule': 1027, 'B_MEMORY_molecule': 630, 'B_PLASMA_molecule': 2495, 'MP_ANTIGEN_molecule': 9}"
919,"{PetriNet('hs_0_net'): 1, 'MP_molecule': 4858, 'TH_molecule': 5066, 'B_molecule': 5522, 'B_ACTIVE_molecule': 786, 'VOID_molecule': 263, 'MP_ACTIVE_molecule': 180, 'TH_ACTIVE_molecule': 1028, 'B_MEMORY_molecule': 630, 'B_PLASMA_molecule': 2495, 'MP_ANTIGEN_molecule': 9}"
920,"{PetriNet('hs_0_net'): 1, 'MP_molecule': 4866, 'TH_molecule': 5074, 'B_molecule': 5531, 'B_ACTIVE_molecule': 786, 'VOID_molecule': 263, 'MP_ACTIVE_molecule': 180, 'TH_ACTIVE_molecule': 1029, 'B_MEMORY_molecule': 630, 'B_PLASMA_molecule': 2495, 'MP_ANTIGEN_molecule': 9}"
921,"{PetriNet('hs_0_net'): 1, 'MP_molecule': 4874, 'TH_molecule': 5081, 'B_molecule': 5540, 'B_ACTIVE_molecule': 786, 'VOID_molecule': 263, 'MP_ACTIVE_molecule': 180, 'TH_ACTIVE_molecule': 1030, 'B_MEMORY_molecule': 630, 'B_PLASMA_molecule': 2495, 'MP_ANTIGEN_molecule': 9}"
922,"{PetriNet('hs_0_net'): 1, 'MP_molecule': 4882, 'TH_molecule': 5088, 'B_molecule': 5548, 'B_ACTIVE_molecule': 786, 'VOID_molecule': 263, 'MP_ACTIVE_molecule': 180, 'TH_ACTIVE_molecule': 1031, 'B_MEMORY_molecule': 630, 'B_PLASMA_molecule': 2495, 'MP_ANTIGEN_molecule': 9}"
923,"{PetriNet('hs_0_net'): 1, 'MP_molecule': 4890, 'TH_molecule': 5096, 'B_molecule': 5556, 'B_ACTIVE_molecule': 786, 'VOID_molecule': 263, 'MP_ACTIVE_molecule': 180, 'TH_ACTIVE_molecule': 1032, 'B_MEMORY_molecule': 630, 'B_PLASMA_molecule': 2495, 'MP_ANTIGEN_molecule': 9}"
924,"{PetriNet('hs_0_net'): 1, 'MP_molecule': 4889, 'TH_molecule': 5104, 'B_molecule': 5555, 'B_ACTIVE_molecule': 786, 'VOID_molecule': 263, 'MP_ACTIVE_molecule': 180, 'TH_ACTIVE_molecule': 1033, 'B_MEMORY_molecule': 630, 'B_PLASMA_molecule': 2495, 'MP_ANTIGEN_molecule': 9}"
925,"{PetriNet('hs_0_net'): 1, 'MP_molecule': 4897, 'TH_molecule': 5111, 'B_molecule': 5563, 'B_ACTIVE_molecule': 786, 'VOID_molecule': 263, 'MP_ACTIVE_molecule': 180, 'TH_ACTIVE_molecule': 1034, 'B_MEMORY_molecule': 630, 'B_PLASMA_molecule': 2495, 'MP_ANTIGEN_molecule': 9}"
926,"{PetriNet('hs_0_net'): 1, 'MP_molecule': 4906, 'TH_molecule': 5119, 'B_molecule': 5571, 'B_ACTIVE_molecule': 786, 'VOID_molecule': 263, 'MP_ACTIVE_molecule': 180, 'TH_ACTIVE_molecule': 1034, 'B_MEMORY_molecule': 630, 'B_PLASMA_molecule': 2495, 'MP_ANTIGEN_molecule': 9}"
927,"{PetriNet('hs_0_net'): 1, 'MP_molecule': 4915, 'TH_molecule': 5127, 'B_molecule': 5579, 'B_ACTIVE_molecule': 786, 'VOID_molecule': 263, 'MP_ACTIVE_molecule': 180, 'TH_ACTIVE_molecule': 1034, 'B_MEMORY_molecule': 630, 'B_PLASMA_molecule': 2495, 'MP_ANTIGEN_molecule': 9}"
928,"{PetriNet('hs_0_net'): 1, 'MP_molecule': 4923, 'TH_molecule': 5134, 'B_molecule': 5587, 'B_ACTIVE_molecule': 786, 'VOID_molecule': 263, 'MP_ACTIVE_molecule': 180, 'TH_ACTIVE_molecule': 1035, 'B_MEMORY_molecule': 630, 'B_PLASMA_molecule': 2495, 'MP_ANTIGEN_molecule': 9}"
929,"{PetriNet('hs_0_net'): 1, 'MP_molecule': 4931, 'TH_molecule': 5132, 'B_molecule': 5596, 'B_ACTIVE_molecule': 786, 'VOID_molecule': 263, 'MP_ACTIVE_molecule': 180, 'TH_ACTIVE_molecule': 1036, 'B_MEMORY_molecule': 630, 'B_PLASMA_molecule': 2495, 'MP_ANTIGEN_molecule': 9}"
930,"{PetriNet('hs_0_net'): 1, 'MP_molecule': 4931, 'TH_molecule': 5139, 'B_molecule': 5604, 'B_ACTIVE_molecule': 786, 'VOID_molecule': 263, 'MP_ACTIVE_molecule': 180, 'TH_ACTIVE_molecule': 1037, 'B_MEMORY_molecule': 630, 'B_PLASMA_molecule': 2495, 'MP_ANTIGEN_molecule': 9}"
931,"{PetriNet('hs_0_net'): 1, 'MP_molecule': 4931, 'TH_molecule': 5146, 'B_molecule': 5612, 'B_ACTIVE_molecule': 786, 'VOID_molecule': 263, 'MP_ACTIVE_molecule': 180, 'TH_ACTIVE_molecule': 1038, 'B_MEMORY_molecule': 630, 'B_PLASMA_molecule': 2495, 'MP_ANTIGEN_molecule': 9}"
932,"{PetriNet('hs_0_net'): 1, 'MP_molecule': 4930, 'TH_molecule': 5153, 'B_molecule': 5620, 'B_ACTIVE_molecule': 786, 'VOID_molecule': 263, 'MP_ACTIVE_molecule': 180, 'TH_ACTIVE_molecule': 1039, 'B_MEMORY_molecule': 630, 'B_PLASMA_molecule': 2495, 'MP_ANTIGEN_molecule': 9}"
933,"{PetriNet('hs_0_net'): 1, 'MP_molecule': 4938, 'TH_molecule': 5160, 'B_molecule': 5628, 'B_ACTIVE_molecule': 786, 'VOID_molecule': 263, 'MP_ACTIVE_molecule': 180, 'TH_ACTIVE_molecule': 1040, 'B_MEMORY_molecule': 630, 'B_PLASMA_molecule': 2495, 'MP_ANTIGEN_molecule': 9}"
934,"{PetriNet('hs_0_net'): 1, 'MP_molecule': 4946, 'TH_molecule': 5167, 'B_molecule': 5636, 'B_ACTIVE_molecule': 786, 'VOID_molecule': 263, 'MP_ACTIVE_molecule': 180, 'TH_ACTIVE_molecule': 1041, 'B_MEMORY_molecule': 630, 'B_PLASMA_molecule': 2495, 'MP_ANTIGEN_molecule': 9}"
935,"{PetriNet('hs_0_net'): 1, 'MP_molecule': 4954, 'TH_molecule': 5174, 'B_molecule': 5645, 'B_ACTIVE_molecule': 786, 'VOID_molecule': 263, 'MP_ACTIVE_molecule': 180, 'TH_ACTIVE_molecule': 1042, 'B_MEMORY_molecule': 630, 'B_PLASMA_molecule': 2495, 'MP_ANTIGEN_molecule': 9}"
936,"{PetriNet('hs_0_net'): 1, 'MP_molecule': 4954, 'TH_molecule': 5182, 'B_molecule': 5645, 'B_ACTIVE_molecule': 786, 'VOID_molecule': 263, 'MP_ACTIVE_molecule': 180, 'TH_ACTIVE_molecule': 1042, 'B_MEMORY_molecule': 630, 'B_PLASMA_molecule': 2495, 'MP_ANTIGEN_molecule': 9}"
937,"{PetriNet('hs_0_net'): 1, 'MP_molecule': 4962, 'TH_molecule': 5190, 'B_molecule': 5653, 'B_ACTIVE_molecule': 786, 'VOID_molecule': 263, 'MP_ACTIVE_molecule': 180, 'TH_ACTIVE_molecule': 1042, 'B_MEMORY_molecule': 630, 'B_PLASMA_molecule': 2495, 'MP_ANTIGEN_molecule': 9}"
938,"{PetriNet('hs_0_net'): 1, 'MP_molecule': 4961, 'TH_molecule': 5197, 'B_molecule': 5661, 'B_ACTIVE_molecule': 786, 'VOID_molecule': 263, 'MP_ACTIVE_molecule': 180, 'TH_ACTIVE_molecule': 1043, 'B_MEMORY_molecule': 630, 'B_PLASMA_molecule': 2495, 'MP_ANTIGEN_molecule': 9}"
939,"{PetriNet('hs_0_net'): 1, 'MP_molecule': 4969, 'TH_molecule': 5195, 'B_molecule': 5669, 'B_ACTIVE_molecule': 786, 'VOID_molecule': 263, 'MP_ACTIVE_molecule': 180, 'TH_ACTIVE_molecule': 1044, 'B_MEMORY_molecule': 630, 'B_PLASMA_molecule': 2495, 'MP_ANTIGEN_molecule': 9}"
940,"{PetriNet('hs_0_net'): 1, 'MP_molecule': 4977, 'TH_molecule': 5202, 'B_molecule': 5677, 'B_ACTIVE_molecule': 786, 'VOID_molecule': 263, 'MP_ACTIVE_molecule': 180, 'TH_ACTIVE_molecule': 1045, 'B_MEMORY_molecule': 630, 'B_PLASMA_molecule': 2495, 'MP_ANTIGEN_molecule': 9}"
941,"{PetriNet('hs_0_net'): 1, 'MP_molecule': 4985, 'TH_molecule': 5209, 'B_molecule': 5685, 'B_ACTIVE_molecule': 786, 'VOID_molecule': 263, 'MP_ACTIVE_molecule': 180, 'TH_ACTIVE_molecule': 1046, 'B_MEMORY_molecule': 630, 'B_PLASMA_molecule': 2495, 'MP_ANTIGEN_molecule': 9}"
942,"{PetriNet('hs_0_net'): 1, 'MP_molecule': 4984, 'TH_molecule': 5216, 'B_molecule': 5693, 'B_ACTIVE_molecule': 786, 'VOID_molecule': 263, 'MP_ACTIVE_molecule': 180, 'TH_ACTIVE_molecule': 1047, 'B_MEMORY_molecule': 630, 'B_PLASMA_molecule': 2495, 'MP_ANTIGEN_molecule': 9}"
943,"{PetriNet('hs_0_net'): 1, 'MP_molecule': 4992, 'TH_molecule': 5215, 'B_molecule': 5701, 'B_ACTIVE_molecule': 786, 'VOID_molecule': 263, 'MP_ACTIVE_molecule': 180, 'TH_ACTIVE_molecule': 1048, 'B_MEMORY_molecule': 630, 'B_PLASMA_molecule': 2495, 'MP_ANTIGEN_molecule': 9}"
944,"{PetriNet('hs_0_net'): 1, 'MP_molecule': 5001, 'TH_molecule': 5223, 'B_molecule': 5710, 'B_ACTIVE_molecule': 786, 'VOID_molecule': 263, 'MP_ACTIVE_molecule': 180, 'TH_ACTIVE_molecule': 1049, 'B_MEMORY_molecule': 630, 'B_PLASMA_molecule': 2495, 'MP_ANTIGEN_molecule': 9}"
945,"{PetriNet('hs_0_net'): 1, 'MP_molecule': 5010, 'TH_molecule': 5230, 'B_molecule': 5719, 'B_ACTIVE_molecule': 786, 'VOID_molecule': 263, 'MP_ACTIVE_molecule': 180, 'TH_ACTIVE_molecule': 1050, 'B_MEMORY_molecule': 630, 'B_PLASMA_molecule': 2495, 'MP_ANTIGEN_molecule': 9}"
946,"{PetriNet('hs_0_net'): 1, 'MP_molecule': 5018, 'TH_molecule': 5237, 'B_molecule': 5727, 'B_ACTIVE_molecule': 786, 'VOID_molecule': 263, 'MP_ACTIVE_molecule': 180, 'TH_ACTIVE_molecule': 1051, 'B_MEMORY_molecule': 630, 'B_PLASMA_molecule': 2495, 'MP_ANTIGEN_molecule': 9}"
947,"{PetriNet('hs_0_net'): 1, 'MP_molecule': 5017, 'TH_molecule': 5235, 'B_molecule': 5726, 'B_ACTIVE_molecule': 786, 'VOID_molecule': 263, 'MP_ACTIVE_molecule': 180, 'TH_ACTIVE_molecule': 1052, 'B_MEMORY_molecule': 630, 'B_PLASMA_molecule': 2495, 'MP_ANTIGEN_molecule': 9}"
948,"{PetriNet('hs_0_net'): 1, 'MP_molecule': 5016, 'TH_molecule': 5243, 'B_molecule': 5725, 'B_ACTIVE_molecule': 786, 'VOID_molecule': 263, 'MP_ACTIVE_molecule': 180, 'TH_ACTIVE_molecule': 1052, 'B_MEMORY_molecule': 630, 'B_PLASMA_molecule': 2495, 'MP_ANTIGEN_molecule': 9}"
949,"{PetriNet('hs_0_net'): 1, 'MP_molecule': 5024, 'TH_molecule': 5251, 'B_molecule': 5733, 'B_ACTIVE_molecule': 786, 'VOID_molecule': 263, 'MP_ACTIVE_molecule': 180, 'TH_ACTIVE_molecule': 1053, 'B_MEMORY_molecule': 630, 'B_PLASMA_molecule': 2495, 'MP_ANTIGEN_molecule': 9}"
950,"{PetriNet('hs_0_net'): 1, 'MP_molecule': 5032, 'TH_molecule': 5258, 'B_molecule': 5732, 'B_ACTIVE_molecule': 786, 'VOID_molecule': 263, 'MP_ACTIVE_molecule': 180, 'TH_ACTIVE_molecule': 1054, 'B_MEMORY_molecule': 630, 'B_PLASMA_molecule': 2495, 'MP_ANTIGEN_molecule': 9}"
951,"{PetriNet('hs_0_net'): 1, 'MP_molecule': 5032, 'TH_molecule': 5265, 'B_molecule': 5740, 'B_ACTIVE_molecule': 786, 'VOID_molecule': 263, 'MP_ACTIVE_molecule': 180, 'TH_ACTIVE_molecule': 1055, 'B_MEMORY_molecule': 630, 'B_PLASMA_molecule': 2495, 'MP_ANTIGEN_molecule': 9}"
952,"{PetriNet('hs_0_net'): 1, 'MP_molecule': 5040, 'TH_molecule': 5272, 'B_molecule': 5748, 'B_ACTIVE_molecule': 786, 'VOID_molecule': 263, 'MP_ACTIVE_molecule': 180, 'TH_ACTIVE_molecule': 1056, 'B_MEMORY_molecule': 630, 'B_PLASMA_molecule': 2495, 'MP_ANTIGEN_molecule': 9}"
953,"{PetriNet('hs_0_net'): 1, 'MP_molecule': 5048, 'TH_molecule': 5280, 'B_molecule': 5756, 'B_ACTIVE_molecule': 786, 'VOID_molecule': 263, 'MP_ACTIVE_molecule': 180, 'TH_ACTIVE_molecule': 1056, 'B_MEMORY_molecule': 630, 'B_PLASMA_molecule': 2495, 'MP_ANTIGEN_molecule': 9}"
954,"{PetriNet('hs_0_net'): 1, 'MP_molecule': 5056, 'TH_molecule': 5289, 'B_molecule': 5764, 'B_ACTIVE_molecule': 786, 'VOID_molecule': 263, 'MP_ACTIVE_molecule': 180, 'TH_ACTIVE_molecule': 1056, 'B_MEMORY_molecule': 630, 'B_PLASMA_molecule': 2495, 'MP_ANTIGEN_molecule': 9}"
955,"{PetriNet('hs_0_net'): 1, 'MP_molecule': 5064, 'TH_molecule': 5297, 'B_molecule': 5772, 'B_ACTIVE_molecule': 786, 'VOID_molecule': 263, 'MP_ACTIVE_molecule': 180, 'TH_ACTIVE_molecule': 1056, 'B_MEMORY_molecule': 630, 'B_PLASMA_molecule': 2495, 'MP_ANTIGEN_molecule': 9}"
956,"{PetriNet('hs_0_net'): 1, 'MP_molecule': 5063, 'TH_molecule': 5306, 'B_molecule': 5780, 'B_ACTIVE_molecule': 786, 'VOID_molecule': 263, 'MP_ACTIVE_molecule': 180, 'TH_ACTIVE_molecule': 1056, 'B_MEMORY_molecule': 630, 'B_PLASMA_molecule': 2495, 'MP_ANTIGEN_molecule': 9}"
957,"{PetriNet('hs_0_net'): 1, 'MP_molecule': 5072, 'TH_molecule': 5313, 'B_molecule': 5780, 'B_ACTIVE_molecule': 786, 'VOID_molecule': 263, 'MP_ACTIVE_molecule': 180, 'TH_ACTIVE_molecule': 1057, 'B_MEMORY_molecule': 630, 'B_PLASMA_molecule': 2495, 'MP_ANTIGEN_molecule': 9}"
958,"{PetriNet('hs_0_net'): 1, 'MP_molecule': 5080, 'TH_molecule': 5320, 'B_molecule': 5788, 'B_ACTIVE_molecule': 786, 'VOID_molecule': 263, 'MP_ACTIVE_molecule': 180, 'TH_ACTIVE_molecule': 1058, 'B_MEMORY_molecule': 630, 'B_PLASMA_molecule': 2495, 'MP_ANTIGEN_molecule': 9}"
959,"{PetriNet('hs_0_net'): 1, 'MP_molecule': 5089, 'TH_molecule': 5327, 'B_molecule': 5796, 'B_ACTIVE_molecule': 786, 'VOID_molecule': 263, 'MP_ACTIVE_molecule': 180, 'TH_ACTIVE_molecule': 1059, 'B_MEMORY_molecule': 630, 'B_PLASMA_molecule': 2495, 'MP_ANTIGEN_molecule': 9}"
960,"{PetriNet('hs_0_net'): 1, 'MP_molecule': 5098, 'TH_molecule': 5325, 'B_molecule': 5804, 'B_ACTIVE_molecule': 786, 'VOID_molecule': 263, 'MP_ACTIVE_molecule': 180, 'TH_ACTIVE_molecule': 1060, 'B_MEMORY_molecule': 630, 'B_PLASMA_molecule': 2495, 'MP_ANTIGEN_molecule': 9}"
961,"{PetriNet('hs_0_net'): 1, 'MP_molecule': 5106, 'TH_molecule': 5333, 'B_molecule': 5803, 'B_ACTIVE_molecule': 786, 'VOID_molecule': 263, 'MP_ACTIVE_molecule': 180, 'TH_ACTIVE_molecule': 1060, 'B_MEMORY_molecule': 630, 'B_PLASMA_molecule': 2495, 'MP_ANTIGEN_molecule': 9}"
962,"{PetriNet('hs_0_net'): 1, 'MP_molecule': 5114, 'TH_molecule': 5340, 'B_molecule': 5802, 'B_ACTIVE_molecule': 786, 'VOID_molecule': 263, 'MP_ACTIVE_molecule': 180, 'TH_ACTIVE_molecule': 1061, 'B_MEMORY_molecule': 630, 'B_PLASMA_molecule': 2495, 'MP_ANTIGEN_molecule': 9}"
963,"{PetriNet('hs_0_net'): 1, 'MP_molecule': 5123, 'TH_molecule': 5347, 'B_molecule': 5810, 'B_ACTIVE_molecule': 786, 'VOID_molecule': 263, 'MP_ACTIVE_molecule': 180, 'TH_ACTIVE_molecule': 1062, 'B_MEMORY_molecule': 630, 'B_PLASMA_molecule': 2495, 'MP_ANTIGEN_molecule': 9}"
964,"{PetriNet('hs_0_net'): 1, 'MP_molecule': 5132, 'TH_molecule': 5345, 'B_molecule': 5818, 'B_ACTIVE_molecule': 786, 'VOID_molecule': 263, 'MP_ACTIVE_molecule': 180, 'TH_ACTIVE_molecule': 1063, 'B_MEMORY_molecule': 630, 'B_PLASMA_molecule': 2495, 'MP_ANTIGEN_molecule': 9}"
965,"{PetriNet('hs_0_net'): 1, 'MP_molecule': 5140, 'TH_molecule': 5353, 'B_molecule': 5827, 'B_ACTIVE_molecule': 786, 'VOID_molecule': 263, 'MP_ACTIVE_molecule': 180, 'TH_ACTIVE_molecule': 1063, 'B_MEMORY_molecule': 630, 'B_PLASMA_molecule': 2495, 'MP_ANTIGEN_molecule': 9}"
966,"{PetriNet('hs_0_net'): 1, 'MP_molecule': 5148, 'TH_molecule': 5360, 'B_molecule': 5835, 'B_ACTIVE_molecule': 786, 'VOID_molecule': 263, 'MP_ACTIVE_molecule': 180, 'TH_ACTIVE_molecule': 1064, 'B_MEMORY_molecule': 630, 'B_PLASMA_molecule': 2495, 'MP_ANTIGEN_molecule': 9}"
967,"{PetriNet('hs_0_net'): 1, 'MP_molecule': 5147, 'TH_molecule': 5367, 'B_molecule': 5843, 'B_ACTIVE_molecule': 786, 'VOID_molecule': 263, 'MP_ACTIVE_molecule': 180, 'TH_ACTIVE_molecule': 1065, 'B_MEMORY_molecule': 630, 'B_PLASMA_molecule': 2495, 'MP_ANTIGEN_molecule': 9}"
968,"{PetriNet('hs_0_net'): 1, 'MP_molecule': 5155, 'TH_molecule': 5366, 'B_molecule': 5851, 'B_ACTIVE_molecule': 786, 'VOID_molecule': 263, 'MP_ACTIVE_molecule': 180, 'TH_ACTIVE_molecule': 1065, 'B_MEMORY_molecule': 630, 'B_PLASMA_molecule': 2495, 'MP_ANTIGEN_molecule': 9}"
969,"{PetriNet('hs_0_net'): 1, 'MP_molecule': 5163, 'TH_molecule': 5373, 'B_molecule': 5860, 'B_ACTIVE_molecule': 786, 'VOID_molecule': 263, 'MP_ACTIVE_molecule': 180, 'TH_ACTIVE_molecule': 1066, 'B_MEMORY_molecule': 630, 'B_PLASMA_molecule': 2495, 'MP_ANTIGEN_molecule': 9}"
970,"{PetriNet('hs_0_net'): 1, 'MP_molecule': 5171, 'TH_molecule': 5380, 'B_molecule': 5868, 'B_ACTIVE_molecule': 786, 'VOID_molecule': 263, 'MP_ACTIVE_molecule': 180, 'TH_ACTIVE_molecule': 1067, 'B_MEMORY_molecule': 630, 'B_PLASMA_molecule': 2495, 'MP_ANTIGEN_molecule': 9}"
971,"{PetriNet('hs_0_net'): 1, 'MP_molecule': 5180, 'TH_molecule': 5388, 'B_molecule': 5876, 'B_ACTIVE_molecule': 786, 'VOID_molecule': 263, 'MP_ACTIVE_molecule': 180, 'TH_ACTIVE_molecule': 1067, 'B_MEMORY_molecule': 630, 'B_PLASMA_molecule': 2495, 'MP_ANTIGEN_molecule': 9}"
972,"{PetriNet('hs_0_net'): 1, 'MP_molecule': 5179, 'TH_molecule': 5395, 'B_molecule': 5884, 'B_ACTIVE_molecule': 786, 'VOID_molecule': 263, 'MP_ACTIVE_molecule': 180, 'TH_ACTIVE_molecule': 1068, 'B_MEMORY_molecule': 630, 'B_PLASMA_molecule': 2495, 'MP_ANTIGEN_molecule': 9}"
973,"{PetriNet('hs_0_net'): 1, 'MP_molecule': 5187, 'TH_molecule': 5393, 'B_molecule': 5892, 'B_ACTIVE_molecule': 786, 'VOID_molecule': 263, 'MP_ACTIVE_molecule': 180, 'TH_ACTIVE_molecule': 1069, 'B_MEMORY_molecule': 630, 'B_PLASMA_molecule': 2495, 'MP_ANTIGEN_molecule': 9}"
974,"{PetriNet('hs_0_net'): 1, 'MP_molecule': 5195, 'TH_molecule': 5391, 'B_molecule': 5891, 'B_ACTIVE_molecule': 786, 'VOID_molecule': 263, 'MP_ACTIVE_molecule': 180, 'TH_ACTIVE_molecule': 1070, 'B_MEMORY_molecule': 630, 'B_PLASMA_molecule': 2495, 'MP_ANTIGEN_molecule': 9}"
975,"{PetriNet('hs_0_net'): 1, 'MP_molecule': 5203, 'TH_molecule': 5389, 'B_molecule': 5899, 'B_ACTIVE_molecule': 786, 'VOID_molecule': 263, 'MP_ACTIVE_molecule': 180, 'TH_ACTIVE_molecule': 1071, 'B_MEMORY_molecule': 630, 'B_PLASMA_molecule': 2495, 'MP_ANTIGEN_molecule': 9}"
976,"{PetriNet('hs_0_net'): 1, 'MP_molecule': 5203, 'TH_molecule': 5396, 'B_molecule': 5907, 'B_ACTIVE_molecule': 786, 'VOID_molecule': 263, 'MP_ACTIVE_molecule': 180, 'TH_ACTIVE_molecule': 1072, 'B_MEMORY_molecule': 630, 'B_PLASMA_molecule': 2495, 'MP_ANTIGEN_molecule': 9}"
977,"{PetriNet('hs_0_net'): 1, 'MP_molecule': 5211, 'TH_molecule': 5403, 'B_molecule': 5915, 'B_ACTIVE_molecule': 786, 'VOID_molecule': 263, 'MP_ACTIVE_molecule': 180, 'TH_ACTIVE_molecule': 1073, 'B_MEMORY_molecule': 630, 'B_PLASMA_molecule': 2495, 'MP_ANTIGEN_molecule': 9}"
978,"{PetriNet('hs_0_net'): 1, 'MP_molecule': 5219, 'TH_molecule': 5402, 'B_molecule': 5924, 'B_ACTIVE_molecule': 786, 'VOID_molecule': 263, 'MP_ACTIVE_molecule': 180, 'TH_ACTIVE_molecule': 1074, 'B_MEMORY_molecule': 630, 'B_PLASMA_molecule': 2495, 'MP_ANTIGEN_molecule': 9}"
979,"{PetriNet('hs_0_net'): 1, 'MP_molecule': 5227, 'TH_molecule': 5409, 'B_molecule': 5933, 'B_ACTIVE_molecule': 786, 'VOID_molecule': 263, 'MP_ACTIVE_molecule': 180, 'TH_ACTIVE_molecule': 1075, 'B_MEMORY_molecule': 630, 'B_PLASMA_molecule': 2495, 'MP_ANTIGEN_molecule': 9}"
980,"{PetriNet('hs_0_net'): 1, 'MP_molecule': 5226, 'TH_molecule': 5417, 'B_molecule': 5941, 'B_ACTIVE_molecule': 786, 'VOID_molecule': 263, 'MP_ACTIVE_molecule': 180, 'TH_ACTIVE_molecule': 1075, 'B_MEMORY_molecule': 630, 'B_PLASMA_molecule': 2495, 'MP_ANTIGEN_molecule': 9}"
981,"{PetriNet('hs_0_net'): 1, 'MP_molecule': 5225, 'TH_molecule': 5425, 'B_molecule': 5949, 'B_ACTIVE_molecule': 786, 'VOID_molecule': 263, 'MP_ACTIVE_molecule': 180, 'TH_ACTIVE_molecule': 1076, 'B_MEMORY_molecule': 630, 'B_PLASMA_molecule': 2495, 'MP_ANTIGEN_molecule': 9}"
982,"{PetriNet('hs_0_net'): 1, 'MP_molecule': 5233, 'TH_molecule': 5433, 'B_molecule': 5957, 'B_ACTIVE_molecule': 786, 'VOID_molecule': 263, 'MP_ACTIVE_molecule': 180, 'TH_ACTIVE_molecule': 1076, 'B_MEMORY_molecule': 630, 'B_PLASMA_molecule': 2495, 'MP_ANTIGEN_molecule': 9}"
983,"{PetriNet('hs_0_net'): 1, 'MP_molecule': 5232, 'TH_molecule': 5440, 'B_molecule': 5956, 'B_ACTIVE_molecule': 786, 'VOID_molecule': 263, 'MP_ACTIVE_molecule': 180, 'TH_ACTIVE_molecule': 1077, 'B_MEMORY_molecule': 630, 'B_PLASMA_molecule': 2495, 'MP_ANTIGEN_molecule': 9}"
984,"{PetriNet('hs_0_net'): 1, 'MP_molecule': 5241, 'TH_molecule': 5448, 'B_molecule': 5955, 'B_ACTIVE_molecule': 786, 'VOID_molecule': 263, 'MP_ACTIVE_molecule': 180, 'TH_ACTIVE_molecule': 1077, 'B_MEMORY_molecule': 630, 'B_PLASMA_molecule': 2495, 'MP_ANTIGEN_molecule': 9}"
985,"{PetriNet('hs_0_net'): 1, 'MP_molecule': 5249, 'TH_molecule': 5447, 'B_molecule': 5963, 'B_ACTIVE_molecule': 786, 'VOID_molecule': 263, 'MP_ACTIVE_molecule': 180, 'TH_ACTIVE_molecule': 1078, 'B_MEMORY_molecule': 630, 'B_PLASMA_molecule': 2495, 'MP_ANTIGEN_molecule': 9}"
986,"{PetriNet('hs_0_net'): 1, 'MP_molecule': 5257, 'TH_molecule': 5454, 'B_molecule': 5962, 'B_ACTIVE_molecule': 786, 'VOID_molecule': 263, 'MP_ACTIVE_molecule': 180, 'TH_ACTIVE_molecule': 1079, 'B_MEMORY_molecule': 630, 'B_PLASMA_molecule': 2495, 'MP_ANTIGEN_molecule': 9}"
987,"{PetriNet('hs_0_net'): 1, 'MP_molecule': 5265, 'TH_molecule': 5461, 'B_molecule': 5970, 'B_ACTIVE_molecule': 786, 'VOID_molecule': 263, 'MP_ACTIVE_molecule': 180, 'TH_ACTIVE_molecule': 1080, 'B_MEMORY_molecule': 630, 'B_PLASMA_molecule': 2495, 'MP_ANTIGEN_molecule': 9}"
988,"{PetriNet('hs_0_net'): 1, 'MP_molecule': 5273, 'TH_molecule': 5469, 'B_molecule': 5978, 'B_ACTIVE_molecule': 786, 'VOID_molecule': 263, 'MP_ACTIVE_molecule': 180, 'TH_ACTIVE_molecule': 1081, 'B_MEMORY_molecule': 630, 'B_PLASMA_molecule': 2495, 'MP_ANTIGEN_molecule': 9}"
989,"{PetriNet('hs_0_net'): 1, 'MP_molecule': 5281, 'TH_molecule': 5477, 'B_molecule': 5986, 'B_ACTIVE_molecule': 786, 'VOID_molecule': 263, 'MP_ACTIVE_molecule': 180, 'TH_ACTIVE_molecule': 1082, 'B_MEMORY_molecule': 630, 'B_PLASMA_molecule': 2495, 'MP_ANTIGEN_molecule': 9}"
990,"{PetriNet('hs_0_net'): 1, 'MP_molecule': 5289, 'TH_molecule': 5486, 'B_molecule': 5994, 'B_ACTIVE_molecule': 786, 'VOID_molecule': 263, 'MP_ACTIVE_molecule': 180, 'TH_ACTIVE_molecule': 1082, 'B_MEMORY_molecule': 630, 'B_PLASMA_molecule': 2495, 'MP_ANTIGEN_molecule': 9}"
991,"{PetriNet('hs_0_net'): 1, 'MP_molecule': 5298, 'TH_molecule': 5494, 'B_molecule': 5993, 'B_ACTIVE_molecule': 786, 'VOID_molecule': 263, 'MP_ACTIVE_molecule': 180, 'TH_ACTIVE_molecule': 1083, 'B_MEMORY_molecule': 630, 'B_PLASMA_molecule': 2495, 'MP_ANTIGEN_molecule': 9}"
992,"{PetriNet('hs_0_net'): 1, 'MP_molecule': 5297, 'TH_molecule': 5492, 'B_molecule': 6002, 'B_ACTIVE_molecule': 786, 'VOID_molecule': 263, 'MP_ACTIVE_molecule': 180, 'TH_ACTIVE_molecule': 1084, 'B_MEMORY_molecule': 630, 'B_PLASMA_molecule': 2495, 'MP_ANTIGEN_molecule': 9}"
993,"{PetriNet('hs_0_net'): 1, 'MP_molecule': 5305, 'TH_molecule': 5490, 'B_molecule': 6010, 'B_ACTIVE_molecule': 786, 'VOID_molecule': 263, 'MP_ACTIVE_molecule': 180, 'TH_ACTIVE_molecule': 1085, 'B_MEMORY_molecule': 630, 'B_PLASMA_molecule': 2495, 'MP_ANTIGEN_molecule': 9}"
994,"{PetriNet('hs_0_net'): 1, 'MP_molecule': 5313, 'TH_molecule': 5498, 'B_molecule': 6018, 'B_ACTIVE_molecule': 786, 'VOID_molecule': 263, 'MP_ACTIVE_molecule': 180, 'TH_ACTIVE_molecule': 1085, 'B_MEMORY_molecule': 630, 'B_PLASMA_molecule': 2495, 'MP_ANTIGEN_molecule': 9}"
995,"{PetriNet('hs_0_net'): 1, 'MP_molecule': 5313, 'TH_molecule': 5505, 'B_molecule': 6017, 'B_ACTIVE_molecule': 786, 'VOID_molecule': 263, 'MP_ACTIVE_molecule': 180, 'TH_ACTIVE_molecule': 1086, 'B_MEMORY_molecule': 630, 'B_PLASMA_molecule': 2495, 'MP_ANTIGEN_molecule': 9}"
996,"{PetriNet('hs_0_net'): 1, 'MP_molecule': 5322, 'TH_molecule': 5512, 'B_molecule': 6017, 'B_ACTIVE_molecule': 786, 'VOID_molecule': 263, 'MP_ACTIVE_molecule': 180, 'TH_ACTIVE_molecule': 1087, 'B_MEMORY_molecule': 630, 'B_PLASMA_molecule': 2495, 'MP_ANTIGEN_molecule': 9}"
997,"{PetriNet('hs_0_net'): 1, 'MP_molecule': 5330, 'TH_molecule': 5520, 'B_molecule': 6026, 'B_ACTIVE_molecule': 786, 'VOID_molecule': 263, 'MP_ACTIVE_molecule': 180, 'TH_ACTIVE_molecule': 1088, 'B_MEMORY_molecule': 630, 'B_PLASMA_molecule': 2495, 'MP_ANTIGEN_molecule': 9}"
998,"{PetriNet('hs_0_net'): 1, 'MP_molecule': 5329, 'TH_molecule': 5527, 'B_molecule': 6026, 'B_ACTIVE_molecule': 786, 'VOID_molecule': 263, 'MP_ACTIVE_molecule': 180, 'TH_ACTIVE_molecule': 1089, 'B_MEMORY_molecule': 630, 'B_PLASMA_molecule': 2495, 'MP_ANTIGEN_molecule': 9}"
999,"{PetriNet('hs_0_net'): 1, 'MP_molecule': 5328, 'TH_molecule': 5525, 'B_molecule': 6034, 'B_ACTIVE_molecule': 786, 'VOID_molecule': 263, 'MP_ACTIVE_molecule': 180, 'TH_ACTIVE_molecule': 1090, 'B_MEMORY_molecule': 630, 'B_PLASMA_molecule': 2495, 'MP_ANTIGEN_molecule': 9}"
1000,"{PetriNet('hs_0_net'): 1, 'MP_molecule': 5327, 'TH_molecule': 5532, 'B_molecule': 6042, 'B_ACTIVE_molecule': 786, 'VOID_molecule': 263, 'MP_ACTIVE_molecule': 180, 'TH_ACTIVE_molecule': 1091, 'B_MEMORY_molecule': 630, 'B_PLASMA_molecule': 2495, 'MP_ANTIGEN_molecule': 9}"
